:020000040800F2
:10000000001A0020AD0100085D2F0008FD60000807
:100010006B3100086B3100086B31000800000000F4
:100020000000000000000000000000007D23000828
:100030005D2F0008000000007D2C0008D12300087F
:100040005D2F00085D2F00085D2F00085D2F000860
:100050005D2F00085D2F00085D2F00085D2F000850
:100060005D2F00085D2F00085D2F00085D2F000840
:100070005D2F00085D2F00085D2F00085D2F000830
:100080005D2F00085D2F00085D2F00085D2F000820
:100090005D2F00085D2F00085D2F00085D2F000810
:1000A0005D2F00085D2F00085D2F00085D2F000800
:1000B0005D2F00085D2F00085D2F00085D2F0008F0
:1000C0005D2F00085D2F00085D2F00085D2F0008E0
:1000D0005D2F00085D2F00085D2F00085D2F0008D0
:1000E0005D2F00085D2F00085D2F00085D2F0008C0
:1000F0005D2F00085D2F00085D2F00085D2F0008B0
:100100005D2F00085D2F00085D2F00085D2F00089F
:100110005D2F00085D2F00085D2F00085D2F00088F
:100120005D2F00085D2F00085D2F00085D2F00087F
:100130005D2F00085D2F00085D2F00085D2F00086F
:100140005D2F00085D2F00085D2F00085D2F00085F
:100150005D2F00085D2F00085D2F00085D2F00084F
:100160005D2F00085D2F00085D2F00085D2F00083F
:100170005D2F00085D2F00085D2F00085D2F00082F
:100180005D2F00085D2F00085D2F00085D2F00081F
:100190005D2F00085D2F00085D2F00085D2F00080F
:1001A0005D2F00085D2F00085D2F000880B56F46A9
:1001B0000B480C494FF6FF72CFF6FF72814201D017
:1001C00004C0FBE701F04AFC01F054FC034801685D
:1001D00041F47001016001F05DFC00BF88ED00E0BA
:1001E00040140020001A0020F0B503AF2DE9000FE5
:1001F00093B0CE4A1368DB070AD1136843F0690352
:1002000023F09403136013689B0701D400BFFAE73F
:10021000936813F00C0F07D000239360936813F0DA
:100220000C0F01D000BFF9E791F82B304BB991F8D2
:1002300028B04FF00009BBF1020F12D091F829301D
:100240007BB9D2F8943043F00103C2F89430D2F86D
:1002500094309B0701D400BFF9E791F828B04FF024
:100260000109BBF1020F23D0936D43F080539365D6
:10027000AF4B1C6844F480741C601923BBF1000F61
:1002800008BF0523D2F890402343C2F89030D2F83B
:1002900090309B07FBD591F829304BB9D2F89030BC
:1002A00043F02003C2F89030936943F400739361E4
:1002B00091F82530022B0FD091F824409D4D002C51
:1002C00008BF05F5802515601468A403FCD51BB98B
:1002D000146844F40024146091F830A0BAF10C0FB3
:1002E00032D191F82AC0BCF1000F0BD0D2F898405F
:1002F00044F00104C2F89840D2F89840A40701D411
:1003000000BFF9E7BAF10C0F08D0BAF10B0F02BF2A
:10031000D2F8884044F04064C2F8884091F82C40FC
:10032000854EDFE804F002382233BAF10C0F3FD1DA
:10033000012100200E91DFF8A4140D91119010906E
:100340000420DFF89C141DE00D24BBF1020F08BF50
:100350000924156844EA0A1425F0F9052C431460B1
:100360001468A407BDD400BFFAE7022B1CD10121F9
:1003700000200E91DFF858140D9111901090042078
:10038000DFF850140F900DA800F033FC022B0BD1B6
:10039000BAF10C0F0CD140F26313136013685B05C4
:1003A000FCD50123B04608E0D1F82080022304E008
:1003B000DFF8243453F82A8000230A9391F82D4063
:1003C0005E4D042C0C9423460ED18B699BB1B8F181
:1003D000000F00F0EB81CB695B00B3FBF8F31B026D
:1003E0000B9300230C9303E0CB8D0B938B6913B11C
:1003F00001F11C0309E0BAF10C0F02D1504B01339B
:1004000007E0DFF8D43303EB8A031B68AB4280F0CC
:100410009C810C6894B14C68002C00F0BE81B3FB49
:10042000F4F4012C0BD0022C0BD0002C00F0C18175
:10043000E51E032D28D20925042404E0012400250B
:1004400001E00825022409958D68B3FBF4FEA5B1EF
:10045000CD68002D00F0A481BEFBF5F5012D0CD078
:10046000022D0DD0002D00F0A9813446EE1E032E82
:1004700011D205250795042517E00024012501E088
:1004800004240225079411E0A51F062D80F0328177
:100490000A250824D7E7063D0726062D4FF010054C
:1004A00038BF0626079638BF08252646BEFBF5F45A
:1004B00008959C4200F23F810D69CDF818C0CDF837
:1004C000048095B14969002900F06D81BEFBF1F10E
:1004D00001290AD002290BD0002900F07481CD1E19
:1004E000032D08D2052504210EE0002501210BE093
:1004F0000425022108E00639072506294FF01001DE
:1005000038BF062538BF0821BEFBF1F8984500F238
:10051000178106F1010C0595E6450493029111D26D
:10052000534649464FF4C06624E000BF0010024025
:1005300000700040630001000024F40001B4C40412
:10054000FF083D00B34DAE4504D25346494640F244
:1005500001660FE0B04D53464946AE4502D240F227
:10056000026607E0AD4D40F204660235AE4538BF85
:1005700040F20366AA4D4FF0020A03942E600C9CD1
:10058000DFE804F01B03161906004FF0040A14E01C
:10059000059C9C46E502079C0C2B45EA0425099C1A
:1005A00008BF4FF0060C002645EA04150A9C67E0D8
:1005B0004FF0060A01E04FF0080A0B9CD946C4F33D
:1005C000072BBBF1070F40F2C580BBF1570F80F03E
:1005D000C6800B9C012555FA84F5019CB4FBF5F50A
:1005E000804CA54240F2C080654580F0C28005FB8A
:1005F0000BF58A4EB54240F2C180944EB54280F070
:10060000C280794CB5FBFAF5A54280F0C1800B9C05
:100610009C461668E5B226F0807616600A9C16683D
:10062000B60101D500BFFAE7D6688D4B33400C9E6A
:10063000760665F306160BF07F05CB4646EA0525E0
:1006400025442B440133D360136843F08073136057
:10065000D36843F08073D36013689B0101D400BF5B
:10066000FAE7936843F6F3750326AB43059D43EA27
:10067000C523079D43EA0523099D43EA0513DD1CB5
:100680009560089D9368C3F38103B34201D000BF16
:10069000F8E7BCF10C0F02BF136823F005031360E9
:1006A00041770499C1600C99069A029E0429039B24
:1006B00071460277C0F800E080F81AC046760576E9
:1006C000C0F80880436008BF0324BBF10202C4766F
:1006D00018BF0122012E827718BF4FEA48014161FD
:1006E000012D18BF4FEA430EC0F810E013B0BDE86B
:1006F000000FF0BDA4F10C051C2D02D20B25102417
:10070000A1E6A4F12805382D02D20C2540249AE652
:10071000A4F16005602D02D20D25802493E6C03C33
:100720000F25C02C4FF4007438BF0E25099538BF33
:100730004FF4807488E64D4821214D4A00F066FF51
:1007400048482121484A00F061FF29482621294ACA
:1007500000F05CFF33482021334A00F057FF334854
:100760002121334A00F052FF32482A21324A00F058
:100770004DFF32482B21324A00F048FF31482321F7
:10078000314A00F043FF32482421324A00F03EFF54
:1007900031482C21314A00F039FF194801F002F8A4
:1007A000194800F0FFFF1A4800F0FCFF0F4800F066
:1007B000F9FF11482821114A00F028FF0E4828218E
:1007C000104A00F023FF0C482821104A00F01EFFB9
:1007D000946100089C61000884640008406100087E
:1007E00058610008FF083D0001B4C404AC61000872
:1007F000BC610008E46100080C640008346400086F
:10080000FC63000854640008446400087464000831
:10081000646400080148E801016CDC02FF8FD0032A
:10082000002002405C6200089C620008AC62000884
:10083000D0620008E06200080C6300081C63000836
:1008400048630008586300087C630008816FE81360
:100850008C630008B0630008C0630008EC63000804
:100860008C80FFF9286200084C620008F4610008DF
:100870001862000880B56F4600F000F880B56F463A
:1008800096B006208DF854004FF08060CDF84E00F1
:1008900002208DF84C008DF8490007481090012087
:1008A0000F9000200D900B90099001A809A9FFF767
:1008B0009BFC03F015F900BF00B4C40480B56F467B
:1008C0008AB00A460146684600F004F8BDF80A00FE
:1008D0000AB080BDB0B502AF8EB00446029201F1FD
:1008E0000800104A019003A801A900F0FFF8DDE913
:1008F00003010D4A00F01CF803AD02460B461146F9
:1009000028461A4600F02AF99DF80C0030B9691CF7
:100910002046282205F0ECFB0EB0B0BD034805F0E0
:10092000DFF900BFB4640008F4640008046500083F
:1009300000B1704780B56F46104605F0D1F980B51B
:100940006F468AB00A4601466846FFF7C3FF039820
:100950000AB080BDB0B502AF88B0044601F108000E
:10096000019269460F4A009002A800F0BFF8DDE945
:1009700002010D4AFFF7DCFF02AD02460B461146AD
:1009800028461A4600F00FF99DF8080030B9691C96
:100990002046142205F0ACFB08B0B0BD034805F0BA
:1009A0009FF900BFB46400081465000824650008BE
:1009B000FEB506AF0A46014601A8FFF7CBFFBDF81A
:1009C000060000F0010006B080BD80B56F468AB019
:1009D0000A4601466846FFF77DFFBDF818000AB0D9
:1009E00080BDD4D4F0B503AF4DF804BD8EB015462C
:1009F00008301D4A01916946009002A800F076F87F
:100A0000DDE90201194AFFF793FF04460E4602A8EA
:100A10002146324600F0A2F89DF8080008BBBDF858
:100A20002100ADB2A8421CD902A82146324600F0EE
:100A300095F89DF80800A0B9BDF81F000021CDE988
:100A40000211082300EBC501F56802AA2046A84759
:100A5000C0B2082801BFDDE902010EB05DF804BB99
:100A6000F0BD034805F03CF9B464000834650008A3
:100A700044650008D0B502AF048802460B8843EAFB
:100A80000400B0FA80F0400934B12BB14888518895
:100A9000081AB0FA80F04009D0BD03880246002051
:100AA000062B01BF5388042B88B2918802BF081A15
:100AB000B0FA80F040097047B0B502AF44688C428C
:100AC00009D900684BB1A14209D2455C013B02F84B
:100AD000015B0131F6E70020B0BD0820B0BD024A3D
:100AE0000846214600F099F88C650008F0B503AF80
:100AF0002DE9000B8CB0D568914604464FF00008F4
:100B00000E4608466A4600210423CDF80080A84717
:100B1000C1B2082910D11048009981420BD1A7F128
:100B2000410031464A4600F019F817F8410C50B11F
:100B300017F8400C00E00120C4F8008020710CB0D0
:100B4000BDE8000BF0BD37F83C0C012802D1C4E928
:100B50000069F4E70220EFE77F434246F0B503AFB8
:100B60004DF8048D8AB0E8460E46044640462821DA
:100B7000154605F0BBFAED683046002142462823B1
:100B8000A8470146C2B2601C082A05D1694628223E
:100B900005F0AEFA002001E00170012020700AB0DB
:100BA0005DF8048BF0BDF0B503AF4DF8048D86B051
:100BB0000DF104080E46044614214046154605F082
:100BC00095FAED683046282142461423A84701468D
:100BD000C2B2601C082A05D101A9142205F088FAC6
:100BE000002001E001700120207006B05DF8048B48
:100BF000F0BD80B56F4688B090E87441EC4663461E
:100C0000012083E87441ADF81C006046069105F0B0
:100C100037F880B56F4600F09BF980B56F468CB011
:100C2000CDE9000100200690022046F20C610390FD
:100C3000059008A8C0F60001049040F659400291C2
:100C4000C0F600006946CDE9090111460B9001A8E4
:100C5000089002A8FFF7CDFFF0B503AF2DE9000F14
:100C60008DB0046842F210700D464FF69C7E8442AF
:100C700046F25E60C0F600003CD341F259784EF275
:100C8000FF02A7F1430B0021CDF2B7184DF6F00992
:100C900041F27B4AC0F2F5520295A4FB08350BEBFA
:100CA000010C043994424FEA553303FB09451C46B5
:100CB000AEB24FEA960606FB0AF64FEA564606FB28
:100CC0000E5530F81660ACF82360ADB230F8155010
:100CD000ACF82550E1D8029D27311C46632C0CD876
:100CE00022460A2A1AD330F812000239A7F1430229
:100CF000505219E02721632CF2D9A2B241F27B4372
:100D0000920802395A43A7F14306520C02FB0E43E4
:100D10009BB230F8133073520A2AE4D2013942F000
:100D20003000A7F143025054C1F127000090A7F111
:100D30004300002243182846012100F005F80DB0B9
:100D4000BDE8000FF0BDD4D4F0B503AF2DE9000F1E
:100D500085B00C46C169D7F80880934611F00102AE
:100D60004FF02B0A02EB080508BF4FF4881A99468A
:100D70004A0701D4002418E0BBF1000F12D01BF089
:100D8000030311D094F90060002216F1410FC8BF8F
:100D90000122012B08D094F9013013F1410FC8BF93
:100DA000013201E00022FFE715440268B2B1CDF83C
:100DB0001090D0F80490A94520D90907CDF80C80EF
:100DC00032D490F82010A9EB05090294DFE801F075
:100DD0006602600249464FF000095FE0D0E905561F
:100DE000524631462346CDF800B0284600F08DF833
:100DF000002872D1F368284649460EE0D0E905562E
:100E0000524631462346CDF800B0284600F07DF822
:100E1000002862D1F36828460499424605B0BDE82F
:100E2000000FBDE8F040184701692346D0E9058668
:100E30005246019130210161012190F8204080F853
:100E40002010314602904046CDF800B000F05DF829
:100E500001460120002941D1DDF810A0A9EB0500D1
:100E6000A346441C013C06D03269404630219047DD
:100E70000028F7D031E0F3684046039A514698477E
:100E800058BB0298019980F820B00161002025E04C
:100E900009F101024FEA59014FEA5209D0E904650C
:100EA0004C1CD0F81880013C07D0D8F810202846F8
:100EB000314690470028F6D00FE0CDF800B0284624
:100EC000029B4146524600F020F830B9D8F80C3069
:100ED0002846DDE90321984720B1012005B0BDE88F
:100EE000000FF0BD0024A14509D0D8F810202846F5
:100EF0003146904701340028F5D0611E00E0494694
:100F00000020494538BF0120E8E7F0B503AF4DF8B0
:100F1000048DD7F808801C460E46B2F5881F0AD00B
:100F200033691146054698470146284619B1012004
:100F30005DF8048BF0BD3CB1F368214642465DF894
:100F4000048BBDE8F040184700205DF8048BF0BD2D
:100F500080B56F468CB08021CDE90001002046F2BB
:100F60005C7106900220C0F600010390059008A86D
:100F7000029101A9049040F65940C0F60000CDE965
:100F8000090146F24C610B906846089002A8C0F631
:100F90000001FFF72EFE80B56F4600F000F880B527
:100FA0006F468CB0CDE90001002046F29C7106909E
:100FB0000220C0F600010390059008A8029101A943
:100FC000049040F65940C0F60000CDE909011146F1
:100FD0000B906846089002A8FFF70BFEF0B503AF30
:100FE0002DE9000F87B08846D0F800C081685CEA20
:100FF000010302D1D0E90501D0E2B1B3C66808EB24
:10100000020E82464FF00009C6B10025414608E0B5
:10101000F0292CBF211DE11C0B1B01359944AE4268
:101020000DD0714526D00C4611F9013BB3F1FF3FBD
:10103000F2DCD9B2E029EBD2A11CEDE741467145C3
:10104000504612D091F90010B1F1FF3FDCBFC9B298
:10105000E029B9F1000F14D0914511D218F9091007
:1010600011F1410F0DDC00210CE09146BCF1000FA5
:1010700010D190E291465046BCF1000F0AD18AE2AD
:10108000F1D1414600290CBF91468846BCF1000FC2
:1010900000F081824668B9F1100F0BD2B9F1000F50
:1010A00020D009F00301B9F1040F1ED24FF0000E59
:1010B000002543E008F10301CDE9006021F00306BB
:1010C000CDF80890B6EB080EA9EB0E0000F0030B6C
:1010D00001D100218DE0A8EB060111F1040F4ED9DA
:1010E00000216EE04FF0000E45E209F00C05B2461B
:1010F000A8F1040684464FF0000E2B4616F9040FA3
:1011000096F9032010F1410FC8BF0EF1010E96F9B8
:10111000010096F9024010F1410FC8BF0EF1010E17
:1011200014F1410FC8BF0EF1010E12F1410FC8BFFB
:101130000EF1010E043BE1D160465646002900F055
:101140001A8218F9052012F1410FC8BF0EF1010EE5
:10115000012900F0108208EB050393F9012012F138
:10116000410FC8BF0EF1010E022900F0048293F96D
:10117000021011F1410FC8BF0EF1010EFBE108F1A1
:10118000010A00216FF003020AEB0203043293F913
:10119000034093F9065093F905C014F1410F93F9F8
:1011A0000430C8BF013113F1410FC8BF01311CF138
:1011B000410FC8BF013115F1410FC8BF0131131DE7
:1011C000E2D198F9002012F1410FC8BF0131BEF100
:1011D000010F0ED098F9012012F1410FC8BF013163
:1011E000BEF1020F05D098F9022012F1410FC8BFDD
:1011F00001314FEA90090024BBF1000FCDF80C80BB
:101200001AD020F00302324492F9005015F1410F38
:10121000C8BF0124BBF1010F0ED092F9015015F1A6
:10122000410FC8BF0134BBF1020F05D092F9022073
:1012300012F1410FC8BF013404EB010E4FF0010B56
:1012400012E04FF0000C3FFA8CF03FFA9CF2104491
:10125000A9EB040903EB840614F0030100EB004042
:101260000EEB104E40F05681B9F1000F00F04F81A7
:10127000B9F1C00F4C4628BFC0243346B9F1040F62
:10128000DFD36FF00F0000EB840130290BEB11105E
:1012900007D24FF0000C1E4610F0030840F0B88053
:1012A000D1E720F0030B4FF0000C1E46CDE90404FB
:1012B000069396E81205BBF1040B32696FEA010050
:1012C000B5694FEAD01040EA91106FEA04014FEA85
:1012D000D11120F0FE3041EA9411604421F0FE3437
:1012E000716920446FEA08044FEAD413B46B43EAEF
:1012F0009813D6F83CC023F0FE3318446FEA0A0373
:101300004FEAD31343EA9A1323F0FE3318446FEAEB
:1013100002034FEAD31343EA921222F0FE32F3693A
:1013200010446FEA01024FEAD21242EA911121F011
:10133000FE31326A08446FEA05014FEAD11141EAF1
:101340009511756A21F0FE3108446FEA03014FEAF6
:10135000D11141EA9311B36A21F0FE3108446FEADA
:1013600002014FEAD11141EA9211F26A21F0FE31F5
:1013700008446FEA05014FEAD11141EA9511356B36
:1013800021F0FE3108446FEA03014FEAD11141EA2E
:101390009311736B21F0FE3106F1400608446FEAA9
:1013A00002014FEAD11141EA921121F0FE310844C5
:1013B0006FEA05014FEAD11141EA951121F0FE31A2
:1013C00008446FEA03014FEAD11141EA931121F079
:1013D000FE3108446FEA04014FEAD11141EA941149
:1013E00021F0FE3108446FEA0C014FEAD11141EAC5
:1013F0009C1121F0FE3101EB000C7FF45AAF069BEB
:101400004FF0010BDDE9040410F003083FF41BAFBB
:10141000D6E90002A246B168B8F1010FF4686FEA9C
:1014200000054FEAD51545EA90106FEA020520F055
:10143000FE304FEAD51545EA9212604422F0FE32A2
:1014400010446FEA01024FEAD21242EA911222F0EE
:10145000FE3210446FEA04024FEAD21242EA9412BA
:10146000544622F0FE3202EB000C3FF4ECAED6E91B
:101470000402B8F1020FD6E906146FEA00054FEA3C
:10148000D51545EA90106FEA020520F0FE304FEACC
:10149000D51545EA9212604422F0FE3210446FEAFC
:1014A00001024FEAD21242EA911222F0FE321044B7
:1014B0006FEA04024FEAD21242EA9412544622F032
:1014C000FE3202EB000C3FF4BEAE06F1200527CD44
:1014D000CE43F60946EA9111C44321F0FE31E409F6
:1014E00044EA901020F0FE30544660440844D14352
:1014F000C90941EA921121F0FE310844E943C909C2
:1015000041EA951121F0FE3101EB000C9BE6DDE98B
:1015100002982EE004F0FC06DDE90298012953F858
:1015200026006FEA00024FEAD21242EA901020F041
:10153000FE3515D003EB8606022970686FEA0002BB
:101540004FEAD21242EA901020F0FE30054407D054
:10155000B068C143C90941EA901020F0FE3005444B
:101560003FFA85F03FFA95F1084400EB00400EEB9E
:10157000104EDDE9006076450DD990F82020CB466D
:10158000A6EB0E090021DFE802F017021117494609
:101590004FF0000910E0D0E905014A46CB6841460A
:1015A00007B0BDE8000FBDE8F040184709F101029F
:1015B0004FEA59014FEA5209D0E904A44E1C85694B
:1015C000013E06D02A692046514690470028F7D0B0
:1015D00005E0EB68204641465A46984708B101208D
:1015E00010E00026B14508D02A69204651469047B0
:1015F00001360028F6D0711E00E04946002049451A
:1016000038BF012007B0BDE8000FF0BD80B56F46C0
:1016100088B094460122019206AA0023CDE9060172
:101620000092042268466146049303930292FFF7F6
:10163000E0FA0B46D0E900121846FFF7CFBCD0E91C
:101640000002D2681047F0B503AF2DE9000F8DB04E
:10165000032316698DF83030202308930023002ED1
:10166000CDE90A130990069304935DD050690028D0
:1016700000F08080D2F800A04101D2F808B0013813
:1016800020F078404FF000084FF00009013002923E
:10169000039101900AEB09014A6832B1DDE90903BF
:1016A0000968DB689847002875D106EB08000369D4
:1016B00006EB8900D0E90221057F846908938DF843
:1016C00030500B9442B1012A03D10BEBC1014A689F
:1016D0000AB1002201E00968012256F80830CDE97C
:1016E0000421022B06D04168012B06D10BEBC1016E
:1016F0004A680AB1002201E00968012243690791A2
:1017000006920BEBC3015BF833004B6804A99847C2
:10171000002840D1039808F1200809F10809404544
:10172000B8D1DDE901B227E0D06818B3C6000138AE
:1017300020F060409468D2F8009000F1010B0DF1A8
:1017400010089246002509EBC5014A682AB1DDE977
:1017500009030968DB689847E8B904EBC50154F848
:1017600035004A6841469047A8B90135083EEAD19C
:10177000524601E04FF0000B506883450DD21268CD
:101780005E46DDE90901CB6852F83B1002EBCB0263
:101790005268984708B1012000E000200DB0BDE874
:1017A000000FF0BD80B56F4686B0014600200122D3
:1017B0000490019246F6200203900420C0F6000235
:1017C000029068460092FFF714FA80B56F468EB01B
:1017D0008DE80F00002046F220610890022005905D
:1017E000C0F6000107900AA8069041F23F60C0F6DB
:1017F0000000D7F808C00D9002A80C9041F23360A9
:10180000C0F6000004910B9068460A9004A8614657
:10181000FFF7EFF980B56F468CB0008842F20F7287
:101820008C46904223D9020940F247335A434DF681
:10183000F003CFF6FF7341F27B41D20C12FB0300A1
:1018400083B29B0859436FF06303490C11FB0300FB
:1018500046F25E63C0F6000333F8111027F8041C4B
:1018600080B233F81000232327F8020C22E046F25E
:101870005E626328C0F6000218D9810841F27B43FA
:1018800059436FF06303490C11FB0300252380B219
:1018900032F8100027F8020C08460A2809D3023B48
:1018A00032F81000A7F12701C85209E027230A28BF
:1018B000F5D20246013BA7F1270142F03000C8549F
:1018C000C3F127000090A7F12700012103446046DF
:1018D0000022FFF739FA0CB080BD80B56F468AB0A0
:1018E000CDE90001002006900120039046F2B0519E
:1018F000059008A8049041F23360C0F60000C0F6DD
:10190000000109906846089002A802911146FFF76D
:1019100070F980B56F4688B0014600200490012020
:10192000019046F2B052039006A8029041F2336053
:10193000C0F60000C0F60002079046F2F050C0F674
:101940000000009206906846FFF753F9F0B503AF28
:101950004DF8048DA2B000680DF1080C00244FF082
:10196000570E00F00F03224603F157050A2B64447B
:1019700002F1800838BF03F13005102884F87F5049
:101980002AD3C5B2A02D0EEB15164FEA151338BF9A
:1019900003F13006050A84F87E6020D005F00F03BD
:1019A00003F157050A2B38BF03F1300584F87D5049
:1019B000050B19D005F00F0303F157050A2B38BFAB
:1019C00003F1300584F87C50141F000CC9D102F1DA
:1019D0007C00A8F103080BE0A8F1010008E0A8F1E1
:1019E0000200A8F1010803E0A8F10300A8F1020831
:1019F000812811D2C8F18102009246F25C620CEBA0
:101A00000003C0F60002084611460222FFF79CF9C7
:101A100022B05DF8048BF0BDFFF7FBF880B56F4690
:101A20008CB0CDE90001002006900320039046F21F
:101A3000EC70C0F60000694602900220059008A8EC
:101A4000049040F65940C0F60000CDE90901114666
:101A50000B9001A8089002A8FFF7CBF803480022DA
:101A60000349884228BF704704C0FAE708000020F5
:101A70004014002004480549054A904228BF704799
:101A800008C908C0F9E700BF00000020647400081E
:101A90000400002080B56F46FEF7ECFEFEE77047BD
:101AA000F0B503AF2DE9000F89B001AD92460C46A9
:101AB000804628461C21FF2299464FF0FF0B04F078
:101AC00080F9154E284600210122B04728460821FA
:101AD0002246B047284610215246B0473889ADF813
:101AE000209028B1012805D1FF204FF0FE0B06E021
:101AF000FF2004E0D7F80CB01FFA8BF0000A8DF835
:101B0000230040468DF822B001A9202204F0F0FA0B
:101B100009B0BDE8000FF0BD1D1B0008D0B502AF35
:101B20004318013A0024082C05D008191F2803D8AF
:101B30001A550134F7E7D0BD014A2021FFF76DF8AF
:101B4000286800088BB20022B2EB532F07D1DA02CB
:101B5000C0F6000102F10062C0E901210122026029
:101B60007047F0B503AF4DF8048D00F1040C044646
:101B70004FF000089CE80610DCE9005682EA0600F7
:101B800081EA050318434FF000001DD051EA02001E
:101B900003D005EA0600013015D12568686940F0D8
:101BA000010068612846CCE9001200F012F869696A
:101BB00021F001016961C1B2022901D1002003E0D5
:101BC00000F0010020740120C4F80C805DF8048B43
:101BD000F0BD0169C903FCD40169016111F0300F46
:101BE000C1F3001008BF02207047D4D40846024950
:101BF0000222FFF7F3B900BF44690008F0B503AF54
:101C00002DE9000B8CB00DF108090E460446202189
:101C100048461D46904604F06FFA05F100613046D3
:101C20004A462023C04770BBBDF826004FF6FE7120
:101C30000222608088424FF6FF7108BF0122401ADD
:101C400018BF10462080DDE906100840B0F1FF30D3
:101C500018BF0120207202AB0FCB1A40B2F1FF3245
:101C600018BF01220840B0F1FF31E27118BF012115
:101C70000130BDF82400A17108BF0920A0800CB07C
:101C8000BDE8000BF0BD0448A7F1190200902B211C
:101C90000248034BFFF799FD14690008A869000882
:101CA00098690008F0B503AF4DF804BD94680023AF
:101CB00014F1030F9FBF5668A51CB54213689EBF61
:101CC00019539560072303605DF804BBF0BDB0B500
:101CD00002AF0C46D1E90151A94209D225686A54E4
:101CE0000131A16019462246BDE8B040FFF7DABFD6
:101CF00000210160B0BDB0B502AF0C4672B1D4E9AD
:101D0000012191420FD22268012555540131A16071
:101D100019462246BDE8B04000F008B82146BDE8AB
:101D2000B04000F018B800210160B0BDF0B503AFBD
:101D30004DF804BD9468002314F1050F9FBF566849
:101D4000251DB54213689EBF195195600723036096
:101D50005DF804BBF0BDD0B502AFD1E9014300226C
:101D6000A34204D20C68E2545A1C8A600722026023
:101D7000D0BDD4D4F0B503AF4DF804BD14468A1ECF
:101D800092B2042A28BF0422DFE802F00334282B91
:101D90000C00D3E901420021A24237D21C68A154B1
:101DA000511C2FE0D3E90162B2422ED2D3F800C019
:101DB00004250CF80250551C09049D6029D0B54239
:101DC00023D201210CF80510911C1A469960214676
:101DD0005DF804BBBDE8F040FFF764BF194602227E
:101DE00001E01946032223465DF804BBBDE8F0403C
:101DF000FFF76DBFD3E90121914206D21A68012491
:101E0000545401319960072100E00021016003F082
:101E100081BF19465DF804BBBDE8F040FFF79BBFEA
:101E2000F0B503AF4DF8048DA2B0CA69D30608D44B
:101E300092060DD422B05DF8048BBDE8F040FEF7A9
:101E40000BBF22B05DF8048BBDE8F040FFF77EBD0C
:101E500000680DF1080C00264FF0370E00F00F025D
:101E6000354602F137030A2A664405F1800838BF77
:101E700002F13003102886F87F3029D3C2B213094B
:101E80000EEB1214A02A38BF03F13004020A86F8C0
:101E90007E4020D002F00F0202F137030A2A38BF39
:101EA00002F13003020B86F87D3019D002F00F02E8
:101EB00002F137030A2A38BF02F1300386F87C307A
:101EC0002E1F000CCAD105F17C00A8F103080BE01D
:101ED000A8F1010008E0A8F10200A8F1010803E060
:101EE000A8F10300A8F1020881280ED2C8F18102EE
:101EF0000092074A0CEB0003084611460222FEF747
:101F000023FF22B05DF8048BF0BDFEF782FE00BF18
:101F10005C660008D1E901329A4209D2531C8B60F9
:101F20000968895C01298EBF01210171072100E048
:101F30000021016070478B68002213F1050F0DD856
:101F4000B0B502AF4D681C1DAC429FBF8C600968E4
:101F5000C958416098BF0722BDE8B0400260704791
:101F6000C16809B1FFF7FDBD00207047BFB506AFDE
:101F7000044601A80D46FFF7E5FD0198E0B10220F7
:101F800040F6FA7265F3CA0025686969914308440E
:101F90006861686940F4803068612846FFF719FE7F
:101FA0006969074A11406961C1B2022901D1002063
:101FB00003E000F001002074012004B0B0BD00BFB8
:101FC000FDFFFEFFF0B503AF2DE9E00F00F1040BBC
:101FD000044600259A46CDE90112AB422DD0029865
:101FE000465D019800EB0509E06829F0070838B163
:101FF000404505D02046FFF7B4FD00BBE0685346DE
:1020000018B9D8E90001CBE9000109F007001BF875
:102010000010FF2918BF002E0CD107280BF8006014
:10202000C4F80C8004D12046FFF79BFD534638B915
:102030000135D2E7B142F0D002E01D4600E0534640
:1020400000209D4238BF0120BDE80E0FF0BDD4D462
:10205000F0B503AF2DE9FE0F6821814604F04CF87E
:10206000D9F80C01016840680844A0F1080B5FEA48
:102070004B7072D1BBF1670F79D9D9F8FC000028F9
:1020800000F08280D9E92780ABF16805AB21424698
:1020900018B102F8011B0138FAE7D9F8046116EB10
:1020A000080074D2D9F8004101A849464246334697
:1020B00000F084F89DF804000B286BD1DDE90201E3
:1020C0000022914205D0964242D0A35C8354013253
:1020D000F7E7D9E9431201A8FEF73CFCD9F8FC1058
:1020E00009F1A400DDF80CA0D9F80C6101EB410165
:1020F000890051B350F8082CAA4209D850F8043C82
:102100001A44934504D8026802F01A02022A02D047
:102110000C390C30EDE72846682103F0E7FF0AEBA5
:1021200006024FF080700832E86142F001024FF081
:10213000FF316FF01200C5E90512C9F81480C9E932
:10214000085007B0BDE8000FF0BD194803F0C8FD06
:10215000164A30463146FEF760FD0121002002910B
:102160000E4901910590049004200D4908E00121D9
:102170000020029109490191059004900420094929
:10218000039001A8FEF735FD0B4803F0A9FD0948AF
:1021900003F0A6FD044803F0A3FD00BFF8690008A2
:1021A000986A0008386A0008686A0008886A0008A7
:1021B000786A0008586A0008486A0008F0B503AF5A
:1021C0004DF804BD044608461D46164611461A46FB
:1021D000022300F00DF810B10B20314603E001217D
:1021E000002035466170C4E90115207003F092BDEE
:1021F00042B3F0B503AF4DF804BD00F1A404D0F82C
:10220000FC0002EB010C00EB40008500002D28468D
:1022100018BF012013D054F8086C8E420CD854F823
:10222000042C3244944507D8266806EA03029A42F1
:1022300008BF16F0180202D00C3D0C34E6E75DF83A
:1022400004BBF0BD01207047F0B503AF2DE9000FCE
:1022500000F19C01D0F8FC0000224FF0805C4FF0B0
:102260003C0E00EB40004FEA80081D4881461D48A7
:102270008346B8F1000F31D070C906F00800CA4695
:10228000144344F01004C9F80040F407A8F10C0806
:102290004FF0007408BF4FF08074B3070CEA8663F8
:1022A00048BF4FF0407443EA00432344F4064FF420
:1022B000802458BF4FF44034002818BF4FF48034B6
:1022C00018195B4680EA0B00B5FA85F30132AEEBD4
:1022D000430318430130C9F80400CAE703F017BDEF
:1022E0009CED00E00000081080B56F461E49FF24F9
:1022F0001E4B4FF4F076CA6842F4E022CA60002216
:102300000A704A708A70CC718C72CC72D3F8105DEE
:1023100045F01005C3F8105D1D6806EA4515203527
:1023200095420ED0B2F5F87F04D09E18013286F89F
:10233000FC43F5E70E4A4FF4F8704FF4F871FEF7DE
:102340006CFC0C4A1A6100225A61DA6842F00702FA
:10235000DA600522CA6708490860016A81F30988C2
:1023600090E8F00FFFDFFEDE18ED00E004E000E093
:10237000A86A00087F3801001C14002070466FF026
:102380000C0120EA010008281BD041F21C40C2F2D7
:10239000000001680A00EFF3098CA2E8F05F82EC0C
:1023A000108A5FEA0B0001F0EFFC41F21C40C2F220
:1023B00000000068B0E8F05F90EC108A8CF30988A8
:1023C0007047012080F314886FF0120E7047FEDE14
:1023D000D0B502AF0C4C0121D4E84F0FC4E8421F26
:1023E000002AF9D1BFF35F8F60B9012000F010F827
:1023F00018B106484FF0805101600020BFF35F8F95
:102400002070D0BD00F008F90000002004ED00E0CD
:10241000F0B503AF2DE9F80F60B173498A68D1F8C0
:102420000C90131809D309F1010900258D60C1F83A
:102430000C9004E04FF0000EBBE015188D6000F02A
:10244000F3F806466A4B4FF4947B4FF000084FF0C8
:10245000000AD646B04542D26D4800EB8800D0F85D
:1024600090400F2C00F2AA8004FB0B3008F1010809
:102470005FEACA7110D1D0E9461211430CD0D0E9FD
:10248000481247F2305C691A69EB0202BCEB0101A9
:102490004FF0000191411FD3D0E920121143D9D050
:1024A000D0E92212691A79EB0201D3D30021CDF8C9
:1024B00000E0C0E92011D0F8901000F0C5F8024605
:1024C000002818BF0222DDE90001234600F0F0F8E1
:1024D000474B86460191BDE74FF0010AB9E70199E4
:1024E0005FEACA7065D040F2FF309A46CDF800E04E
:1024F00000F042F900285AD00F2966D84FF49470A2
:1025000001FB00A0D0E94301FEF7D8F98046394825
:1025100040F2FF3100F05EF9404600F02DF9D0B3F3
:1025200089460F2953D84FF4947009FB00A000F599
:102530008675D0E94301FEF748FA86B20DF1080B23
:102540000024A0B2B04210D2D5E900012246FEF725
:1025500049FA02460B4611465846424600F0EEF94B
:102560009DF8080070BB0134EBE74FF4947009FB51
:1025700000A4204600F030FAD4E94301FEF718FA2F
:1025800010B1204603F0E0FB03F018FC10B3102953
:1025900006D31A4A25E003F011FCF0B110291FD22E
:1025A0004FF4947001FB00A0012100F04DF8DDE92B
:1025B00000E1704605B0BDE8000FF0BD154A2046A9
:1025C00003F092FB0F4803F08BFB084A09E00A4A2C
:1025D0004846F5E70A4803F083FB0C4803F080FB0C
:1025E000094A0846ECE700BF1C1400206873000885
:1025F000080000205C130020B873000888730008EE
:1026000078730008C8730008A8730008987300085E
:1026100088120020B86F000880B56F460148FFF7A8
:1026200078F900BF986D00080548D0F8D00011284F
:1026300038BF704780B56F46024A1021FEF7ABFCE9
:102640008812002000720008D0B502AF0446D0F80E
:1026500008010843C4F80801B4F86C00062809D141
:10266000204630F86E1F012904D839B10F49FEF712
:1026700001FA18B9D4E94601084314D0204600F005
:1026800032F802460020012A0CD14FF6FF72C4E94D
:102690000210C4E900020321C4E90400204600F04E
:1026A00041F80120D0BD0020D0BD00BF706E0008F1
:1026B000904204D102280CD1994202D103E00228B1
:1026C00003D1022A08D002207047022A02D1022038
:1026D00019467047012801D101207047501EB0FAF9
:1026E00080F040097047B0B502AFD0E9025104460E
:1026F000B1F1FF3F0ADC012001224FF6FF7300F029
:1027000027F818B9D4E94601084309D0D4F80801DC
:1027100010EA050104D04840C4F808010120B0BD0A
:102720000020B0BDC0F86E100622B0F86C10A0F802
:102730006C20062908BF704780B56F4600F000F88E
:1027400080B56F460148FFF7E4F800BFA86F0008A6
:10275000D0B502AF0446104380B2B0FA80F0400911
:10276000240408D012041FBF98B289B2081AB0FA24
:1027700080F018BF4009D0BDB0B502AF00F00F0126
:1027800082B213480B46102B0BD030F833501C4646
:102790000133002DF7D000EBC40464889442F2D1D9
:1027A0000DE00023994210D030F833501C4601331D
:1027B000002DF7D000EBC40464889442F2D1591E76
:1027C00000EBC10041680120B0BD0020B0BD00BFDA
:1027D00088120020F0B503AF2DE9000F93B0054635
:1027E00008468846FFF7C8FF002870D00F2971D827
:1027F0004FF49470444A01FB0024EDB1D4E9430145
:10280000FEF7E3F8DFF804B10DF1280900261FFAFE
:1028100080FAB0B250450FD2D4E943013246FEF7F8
:10282000E1F802464846294600F010F90A98594650
:1028300001F0FBF80136ECE7D4F80C110AAC2046A5
:1028400000F0A6F9324A03A8214600F0EBF931481E
:10285000049E00F11005304A06F17843A7F14A00C2
:102860002946FFF7CBF917F8440CA8B317F8430C27
:10287000A8B937F8481C37F84A0C37F8463CCDE978
:102880000001012117F8422C0AAC2046FFF708F995
:1028900003F04CFA50BB2846FFF762FB40BB4046B2
:1028A00000F010F9D8B910291CD21E480024164A8D
:1028B000084480F880404FF4947001FB002500F03C
:1028C00037F9C5E94344A5F86840C5F8FC4013B0A2
:1028D00003F01DBA0B4A06E0174803F001FA0F484F
:1028E00003F0FEF90E4A084603F0FEF9114800E035
:1028F0000D480090A7F11D020C482B210C4BFEF750
:1029000064FF00BFA072000808000020B072000839
:102910007C6C00081C1400203D2C0008D0720008BC
:10292000F07100088812002034690008A8690008C6
:102930009869000824690008C0720008F0B503AF68
:102940002DE9800F924601F00F020D46834602EBFF
:10295000420120489846A2F1110300EB81010133A6
:102960000ED20E882EB301F10C064988ACB2A142FA
:102970003146F4D10C3E304600F044F8304611E0C8
:10298000511C01391CD00288A2B100F10C02408810
:10299000ABB298421046F4D1A2F10C09484600F0BF
:1029A00031F8484603F001FA01208BF801000020BD
:1029B0000BE0084603F0F9F900208BF8010004E071
:1029C0000120CBF80880ABF804A08BF80000BDE82C
:1029D000080FF0BD5C1300200021094AC0E9201156
:1029E000C0E94611C0F80811C0F89010A0F8141101
:1029F000D0F89810C2660131C0F89810FFF728BBD4
:102A000006000200018811B100210180704780B5E5
:102A10006F4602482421024AFEF7F8FD8C71000837
:102A2000B0710008D0B502AF04882CB941800121F3
:102A3000836082800180D0BD02482421024AFEF7D3
:102A4000E5FD00BF207100087C710008F0B503AF00
:102A50004DF8048D02F00F03804603EB430001EBB9
:102A60008000851C90B2A3F1110201320BD22E46D8
:102A70000C3536F8024C002CF7D034888442F4D15F
:102A8000A5F10E000EE05A1C0231013A14D00B469B
:102A90000C3133F8025C002DF7D01B888342F4D14F
:102AA000A1F10E0085888668FFF7ACFF0020C8F80A
:102AB0000860A8F8045000E00120C8F800005DF8A4
:102AC000048BF0BDF0B503AF4DF804BD00F00F016D
:102AD000164A80B202EBC1039C1C61F00F0363B184
:102AE0002546013335F8026C0834002EF7D02D88C6
:102AF0008542F4D1A4F10A000DE0023281B11346FF
:102B0000013933F8024C0832002CF7D01B8883427D
:102B1000F4D1A2F10A00446800F02AF8002000E095
:102B2000012021465DF804BBF0BD00BF88120020E3
:102B3000D0B502AF0C4900220020102A0ED0134657
:102B40000A4492F880405A1C002CF6D00F2808D86E
:102B500001EB80040130C4F89030EEE7C1F8D000FA
:102B6000D0BD024A03F0C0F888120020C0710008EE
:102B7000018811B100210180704780B56F4602487D
:102B80002421024AFEF742FD8C710008B071000852
:102B9000F0B503AF2DE9F80F80461F48204CA7F190
:102BA000260901EB000BA1F1200001904FF4204514
:102BB0001A484FF4801A00F11006B5F5801F18D29C
:102BC0004846314622462B46FFF718F817F8200CE6
:102BD00060B117F81F0C48B937F8220C5D4500F0BA
:102BE0001F002AFA00F008D00544E6E705F5006565
:102BF000E3E70320A8F800000AE017F81E1C88F895
:102C00000C1057F8261CC8F800100199C8E90110EB
:102C100005B003F07CB800BFE0FFFFF71C140020F4
:102C20003D2C0008B0B502AF0B88032B1EBF91E806
:102C30003C003CC0B0BD104603F052F8B1F1006F4B
:102C40003CBF01207047BCB504AF0C4619440D0DC4
:102C5000802D05D8C06828B1A04203D3884201D88E
:102C60000120BCBD0448194600901046224603F0DE
:102C700027F80020BCBD00BFD469000841F21C4009
:102C8000C2F200000168EFF3098CA1E8F05F81EC6B
:102C9000108A00F00DF841F21C40C2F200000068FA
:102CA000B0E8F05F90EC108A8CF309887047FEDE84
:102CB000F0B503AF4DF804BD86B01E4D286820B3B3
:102CC000B0F8680001221C4ED6E84F1FC6E8432F1B
:102CD000002BF9D1BFF35F8F21BBFFF74DFD18B378
:102CE000084600F035F8102821D24FF494721449A8
:102CF00000FB021403F041F82C600020BFF35F8F4B
:102D0000307006B05DF804BBF0BD012100200191D8
:102D10000D4900910D4904900390042002906846EB
:102D2000FDF767FFFFF778FC064802F0D9FF034A7A
:102D300002F0DAFF1C14002000000020D86A00080E
:102D400008000020C86A0008F8690008B86A00088E
:102D5000F0B503AF2DE9E00F8346FFF765FCDFF820
:102D600094A00025DFF894900646E84604460095B6
:102D7000AE4213D00AEB8500D0F89010594508BF39
:102D80002C46B44208D20F292AD84FF494704246F8
:102D900001FB009000F03CF80135E9E700254FF415
:102DA000947BE846AC420ED0AE4212D00AEB8500CE
:102DB000D0F89010102911D201FB0B90424600F080
:102DC00027F80135EEE7009870B10198BDE80E0FC5
:102DD000F0BD0C4A30463146FDF71FFF084A00E0BF
:102DE000054A084602F080FF07481121074AFEF70E
:102DF00074FD00BF881200201C700008080000202D
:102E00000C700008FC6F0008D86F0008EC6F000819
:102E1000F0B503AF4DF804BD0D460A4906466C30C7
:102E2000144600F011F850B12168B6F86A0011B1EB
:102E30002189884203D220810120C4E9000502F0E3
:102E400069BF00BF8C670008B0B502AF05460088B7
:102E50000C46811F18BF01212288063AB2FA82F27D
:102E6000520991422ED0062815D02879217988421E
:102E700028D10A2823D8DFE800F0061406222222EF
:102E8000141E22171A0005F1080004F1080100F0D1
:102E900053F880B916E0A81CA11CBDE8B04000F0B2
:102EA00013B8A068A96808E0E088E98805E0E08830
:102EB000E988814206D160796979814202D1284648
:102EC0002146EAE70020B0BDF0B503AF4DF804BDE0
:102ED000B0F800C00426ACF1020293B2042B28BF64
:102EE00033460A88951EACB2042C38BF2646B3423E
:102EF00008D1042B11D0032B06D0022B18D1022DA0
:102F000004D015E0002014E0032D11D14988408839
:102F1000401AB0FA80F040090BE0032D08D94B8825
:102F2000418860465DF804BBBDE8F040FFF710BC87
:102F300001205DF804BBF0BDD0B502AF04680246C5
:102F40000B6843EA040080F0010034B12BB14868FB
:102F50005168081AB0FA80F04009D0BDF0B503AF4F
:102F60004DF804BD8AB0EFF3058002466FF35F228F
:102F70000092022A5FD00C2A67D00F2A70D900F085
:102F80000F014848103A019201EB410392B200EB65
:102F900083039C1C4B1E0F2B06D002F0E7FEFAD0D9
:102FA0002D889542F7D10AE0841C0023994236D03F
:102FB00002F0DCFEFAD02D889542F7D1013B03EBFD
:102FC0004301394E00EB8100012184688588D6E8F1
:102FD0004F0FC6E8421F002AF9D10028BFF35F8FC8
:102FE00047D1019800F070F82846FFF7C5FB00288C
:102FF00041D0102944D22E484FF4947201FB0200B4
:103000002146FFF721FB0021BFF35F8F317018B11C
:1030100028484FF0805101600AB002F07BBE0020CA
:10302000274902F089FE1D48099001A8254908900A
:1030300002A8FDF7DEFD0121002003911449029151
:10304000069005900420134908E001210020039117
:103050000D4902910690059004200C490490E7E781
:1030600000200D4902F068FE0C48099068460C49A2
:10307000DDE7FFF7D1FA10481521104AFEF72DFCC5
:103080000A4A084602F030FE046B00080C6B000888
:10309000EC6A0008F46A0008306B0008590C00085C
:1030A000386B00085C13002000000020986B0008BB
:1030B0000800002004ED00E0706B0008886B000839
:1030C000586B0008606B0008014640090022B2EB13
:1030D000512F01BF01F01F01012202FA01F1064A3E
:1030E00004BF42F82010704780B56F46014A02F0D5
:1030F000FBFD00BFA86B000880E100E0014640092D
:103100000022B2EB512F01BF01F01F01012202FA90
:1031100001F1064A04BF42F82010704780B56F469F
:10312000014A02F0E1FD00BFB86B000800E100E0D9
:1031300041F21C40C2F200000068EFF3098C024625
:10314000A2E8F05FEFF3058101F00F0100F010F845
:1031500041F21C40C2F200000068B0E8F05F90EC61
:10316000108A8CF309887047FEDEFFF7E1BFFEDEB0
:10317000F0B503AF2DE90007B4B00D46774990468E
:103180000C688A46D0E90896D0E94301FDF796FB22
:1031900027F8E20C72482040310778D5042D05D07D
:1031A000052D0CD1210416D4002117E0E1061DD411
:1031B000E10729D1210629D40021002225E0CAF8FF
:1031C00000000990E0034FF0050058BF0620A10160
:1031D00048BF032015E0DAF810200121CAF80000EA
:1031E0000220CDE90912ADF820001CE0CAF8000069
:1031F000DAF80C0220F00100CAF80C020120CDF828
:1032000024908DF820000EE0042103E0DAF80C3061
:1032100001220021CAF800000020CDE909238DF821
:1032200021008DF820104F4D012188EC108AD5E83F
:103230004F0FC5E8421F002AF9D10028BFF35F8F66
:1032400070D137F8E20CFFF797FA00286CD00C46E3
:1032500008A9204600F09EF8022803D02046FFF778
:1032600077FD0146A14262D0102973D24FF49472C7
:103270003E4801FB020402F080FD3D48046000204E
:10328000BFF35F8F287034B0BDE80007F0BDCDE913
:1032900010500A23DAF80C00002412900225394954
:1032A000DAF810000F9113AACDE90D1212AACDE998
:1032B0000B1211A90A9120223349099110A90891F2
:1032C0000C21139003208DF8CC00CDE931018DF84D
:1032D000AC002A91229101218DF88C008DF86C00B0
:1032E000042030922F932E942C95CDE92825CDE9FA
:1032F00026432495CDE92021CDE91E431C951A943F
:10330000CDE91824CDE916531495079014A9069118
:103310001E490390029108A9CDE9041002A81C4996
:10332000FDF767FCFFF778F9154802F0D9FC00209B
:1033300012491890022015900E4814900120179001
:1033400002A816900C480390A7F1E200029014A87E
:10335000FDF74FFC044A084602F0C6FC28ED00E0E9
:10336000BBBF0F0300000020246C000808000020F1
:103370001C1400205C6C0008151800086C6C000818
:10338000146C00084D190008590C0008E46B000883
:10339000046C0008F0B503AF4DF804BD0F2830D819
:1033A0000C464FF494711B4D00FB0156D6E94301C6
:1033B000FDF784FAB6F86C006C21062808BF6E2170
:1033C0007058F06606F1700094E80E000EC0002000
:1033D000FFF7D2F90C4601280DD10F2C13D84FF46A
:1033E0009470012104FB00500125FFF72DF90028FE
:1033F00018BF022500E00125284621465DF804BBE0
:10340000F0BD034A01E0044A204602F06DFC00BF13
:103410002C700008080000203C700008B0B502AF16
:10342000044608780D460B2801D1002003E0104621
:103430002946FFF7AFFF15F80C2F0B2A01D102F038
:1034400086BC95E8070007C4B0BDB0B502AF0D4615
:10345000044611F80C0F0B2801D1002002E01046A1
:10346000FFF798FF2A780B2A01D102F070BC95E88B
:10347000070007C4B0BDD0B502AF86B0044603A8AC
:1034800000F029F89DF80C000B2810D1DDE90401AB
:1034900000228DE8070003A86946FEF74CFD03985B
:1034A000072811D104980221C4E9001011E09DF809
:1034B0000F10E171BDF80D10A4F80510DDE904123C
:1034C000C4E90212207102E040F20770A0800120DE
:1034D000206006B0D0BDF0B503AF4DF804BD044682
:1034E0000846164611461A461D4600F055F810B11A
:1034F0000B20314603E00121002035466170C4E90C
:103500000115207002F006BCF0B503AF2DE90007ED
:103510004FF494721D4C00FB02401FFA81FA4FF0E9
:1035200000090025D0F89880194860F39F181948C1
:1035300000F18006B5F5945F25D03078F8B16019B8
:10354000B0F86C1006291AD1B0F86E20911E89B21D
:10355000042928BF042104290FD0032918BF0229F8
:103560000DD1B0F87010514509D1032144F8058000
:10357000C0F80490FFF7D6F801E0012AF1D005F574
:1035800094750136D6E7BDE80007F0BD08000020BD
:10359000FCFFFF03881200200123FEF729BED4D4CC
:1035A000F0B503AF2DE9000FADB006460888D1E9AC
:1035B000011990460491012801F128046FF01F01C0
:1035C000059408BF6FF0270101EB0900894A0690B6
:1035D00007A805A9FDF78AFA079D002D00F0F980DC
:1035E000DDF820A0B8F1000F4AD009A802F07FFB57
:1035F0009DF82400002840F0EC80CDE901940422DD
:10360000DDF82B900024DDF8498003960026A145C3
:1036100019D9A9EB040BBBF1040F28BF9346002076
:1036200044450DD0DAF80CC02146099009AA284675
:103630000423E047C0B2082840F0CA800998042259
:103640005C444640E3E709A802F051FB9DF82400E2
:10365000002840F0BD800020DDF84910DAF80C4069
:103660000423099009AA2846A047C0B2082840F0C0
:10367000AF800998DDE90194B042039E40F0A98033
:10368000CDE902460726049C0B96616A206ACDE9C3
:1036900009010020584900F0C8F95849022021903A
:1036A00000200E96CDF80490CDE90C4900F0BDF94C
:1036B00022A802F01CFB02F07DFB40F0978004F191
:1036C00020000090BDF89D004FF00208049022AC4D
:1036D0004FF000094FF0000B0498584540D02046A9
:1036E00002F005FB02F066FB7AD1BDF89D00834530
:1036F00076D2204602F0FBFA02F05CFB70D1BDF8F6
:103700009B000021DAF80C60224624910C23CDE9BD
:10371000221109EB00012846B047C0B208285FD14A
:10372000B8F1070F13D822AA08EB480307CA09AE5D
:1037300002F01F0246F8230006EB8300C0E90112E5
:10374000219800F101080020CDF8848000E00120DC
:103750002D4900F06AF90BF1010B09F10C09BBE7E7
:1037600022A829465246FDF71EFA02F023FB3AD161
:10377000DDF8958022A829465246FDF714FA9DF8F7
:103780008800029E78BBDDF8954054B122A802F073
:10379000AEFA02F00FFB26D1DDF88F00001B051FEB
:1037A00000E00025039C09A9642204F1080002F04E
:1037B000A1FC08EB0600B8F1000F08BF454608BFA2
:1037C0000120C4E91B05DDE90010C4E9001004E094
:1037D000039E0020F066022030702DB002F097BAF0
:1037E000084802F07DFA094802F07AFA044802F02B
:1037F00077FA00BF3072000840720008507200086B
:1038000060720008807200089072000870720008F0
:10381000F0B503AF2DE9000F8FB0834638691E461F
:1038200092468946FEF7A8FFB8B10C46102980F0F1
:10383000DF8072484FF4947104FB010548465146FD
:10384000FDF77DF88046D5E94301FDF778F880451E
:103850001DD96B483969FEF7BDFFD7F80C800021F0
:10386000684810290ED045180C46013195F8802083
:10387000002AF6D1396907A8224600F0DDF89DF844
:103880001C0060B140F20140ABF8000004E00020F1
:10389000CBF804408BF800000FB002F038BA0120DA
:1038A000CDF800B085F88000FFF742F907A8494637
:1038B0005246FDF74FF84FF49471504804FB010B4A
:1038C000BDF81C005146ABF86A004846FDF770F899
:1038D0000621ABF86C100321002808BF0221ABF8C9
:1038E0006E1048465146FCF7E9FFABF868004046C9
:1038F000B9684FF00008CBE940100BF5847080E800
:10390000000758466821CBF89880CBF8FC8002F07D
:10391000F3FB0BF19C000190306EDFF8ECA0CBE9DB
:10392000468800EB4000CBE92088ABF814814FEAD1
:103930008009CBF89080B9F1000F1BD0B8F1070FC8
:1039400010D808EB4800019901EB8000314691E85E
:103950002C002CC0DBF8FC0000F101080020CBF8A3
:10396000FC8000E0012051460C3600F05EF8A9F121
:103970000C09E0E7DBE94301FDF727F83D690DF1AC
:10398000100A00261FFA80F8B0B2404515D2DBE9D4
:1039900043013246FDF726F80246CDE902010B4607
:1039A000114650462A46FEF7C9FF9DF8100048B957
:1039B0009DF8110058B90136E6E70099002008701B
:1039C0004C6069E7009940F20130088064E700200C
:1039D0000E490B900120079108900A900DA80990BC
:1039E0000B480E9002A80B490D9007A8FDF701F9AE
:1039F000014A204602F078F9E07200080800002031
:103A00005C13002088120020986F0008F0720008F4
:103A1000590C0008F8720008000604BF08467047F9
:103A200080B56F46104602F05BF900B9704780B56B
:103A30006F46084602F054F9F0B503AF2DE90007D0
:103A400081468A4601F00F001B49904660F00F0244
:103A500001EBC003FAB11D461B8813B36E88013217
:103A600005F108031FFA8AF4A642F3D12846FFF7AE
:103A70007FF802F085F9012089F80100002015E0A7
:103A80000D46098869B16B88013805F108011FFAF4
:103A90008AF29342EAD00028F2D10120C9F80480CA
:103AA00004E002F06DF9002089F8010089F80000B7
:103AB000BDE80007F0BD00BF88120020038823B9CD
:103AC0004180012142600180704780B56F46024805
:103AD0002421024AFDF79AFD207100087C7100083C
:103AE00080B56F46ADF50A7D944A9548506095487B
:103AF0004169B1F1FF3F0CDC9349816093498160DA
:103B00004169B1F1FF3F04DC9D482F219D4AFDF73B
:103B10007DFD4FF0FF31DFF838B2C2E904014FF00C
:103B200002098C4800254FF0010A002682F82090F7
:103B30008046C2E90615B6F5945F1BD00BEB060470
:103B40006A21204602F0D8FA04F582701221C4E9F5
:103B50002055C4E93F5AC4F89850C4F89050A4F8CE
:103B60006E90C4F86A8002F0C1FAC4E9465506F5C1
:103B70009476E0E76AA900200022802A04D08B18FE
:103B8000885008325860F8E70DF1180B50210BF1FE
:103B9000800002F0ABFA6AA95846802202F0AAFA25
:103BA0006D4C5946D022204602F0A4FA0020002293
:103BB000C4F8D0003AA9C02A05D08B1888500C321E
:103BC000C3E90100F7E765483AA9C02202F092FA7A
:103BD0000BF10800059059484FF4204A654D002428
:103BE00000F110094FF48016CDF81090B4EB1A5F75
:103BF00061D1584649462A465346D046FDF7FEFF56
:103C00009DF81E0000284DD09DF81F00002849D1C6
:103C1000BDF81C009DF8201000F01F00002926FAB6
:103C200000F000EB080AE1D0BDF81820012ADDD130
:103C30006C9048F00060BDF81A206B900120ADF840
:103C4000AA210122ADF8A80158468DF8B4116AAE38
:103C50003146FFF7A5FC219C002C69D00599304620
:103C60006422A946069E079D02F044FA3046294682
:103C7000DDF88880FCF722FECDE900482A46029054
:103C80004D46DDF810906AAB314658464FF4801629
:103C90000024FFF7BDFD07999DF81800364AFFF78D
:103CA000BBFEA3E7BDF81C0000F01F0026FA00F0E1
:103CB00000EB080A9AE7DFF8A09009F19005FEF7FB
:103CC000B3FCDFF88C8004464FF494764CB128683E
:103CD0000F2826D800FB0680FEF7BAF9013C043510
:103CE000F4E76FF07F00F0B100F108014844B0F84C
:103CF000800000280846F6D009EB0100C06FFFF7EE
:103D000027F80F2817D84FF4947100FB018402F0B4
:103D100034F815480021BFF35F8F01702046FEF78D
:103D2000E3FA0F4A08E011481321114AFDF7D5FDC7
:103D3000124801F0D5FF0B4A01F0D6FF1C140020F9
:103D4000803801000020024023016745AB89EFCD98
:103D500008000020FF000600881200205C130020ED
:103D6000886D0008786D000800000020206D0008B4
:103D7000686D00083D2C00082072000810720008D1
:103D800038680008A4680008F0B503AF2DE9000FFB
:103D9000D3B0B1F868600446DFF8DC8E0121D8E8C2
:103DA0004F0FC8E8421F002AF9D10028BFF35F8FE8
:103DB00041F0AF823046FEF7DFFC002801F0AB8215
:103DC0008B460C2C00F2B881DFE814F00D00840162
:103DD00021014D019700A001BA016C0110020201FE
:103DE000E4016200D700BBF10F0F01F2C2824FF471
:103DF0009475DFF8889E0BFB05F059F800404FF6EC
:103E0000FF70210C814200F06B8218A801F086FB44
:103E1000DDE918A6BAF1020F40F04083102E81F0C0
:103E2000CE824846C14601460BFB05084FF494700C
:103E300006FB001030F86C1F062940F0AB8330F809
:103E4000021F012900F2A68391B1B8F8682001256C
:103E5000B8F89810ADF860506FF39F2242EA8121C4
:103E6000ADF8621018A9FCF705FE002800F0938356
:103E70000AA85946324601F087FB9DF828000C2815
:103E800040F063864FF0020A1696CDF854A08DE3F9
:103E9000BBF10F0F01F26F824FF49470DFF8DC4D2D
:103EA0000BFB00460BFB00F0D6F80490215818A835
:103EB00001F034FBDDE918A5BAF1020F40F0A18151
:103EC000102D81F071824FF49470C24605FB0048BA
:103ED00049464046FEF7B8FB00240028C6E90044E6
:103EE00000F0A582B8F86A00D046B6F86A10884299
:103EF0003CBF1695022400F04ABEBBF10F0F01F241
:103F00003C824FF49471DFF8740D0BFB0106D6E987
:103F10000354601980F009813168D6E9019835A809
:103F200001F0FCFADDE935A2BAF1020F40F0BB81E5
:103F3000CDF8008035A801F033FFDDE935A0DDE9DB
:103F40003723BAF1020F40F0C183DFF82C8DC00790
:103F500000F0A281CDE900B5029418A8099C214681
:103F600001F0D0FB9DF860000C2840F0E88419981F
:103F70000021C6E9001000F0F8BBBBF10F0F01F201
:103F8000FE814FF49470DFF8F46C0BFB0060456821
:103F9000062D80F03C810168C146B0F89880B0F8E9
:103FA000684018A801F0BAFA1898002800F03F837A
:103FB000012840F043839DF86420DDE91A010B2AB3
:103FC00000F03783BDF86640C8469DF8653020E1B3
:103FD000BBF1100F81F0D5814FF49470DFF89C4C49
:103FE0000BFB00F1DFF8982C0BFB00409368D268C4
:103FF000635000F180067ACE0B4304BF1D461C4679
:10400000C0E901210C3070C0002400F0C0BDBBF13C
:104010000F0F01F2B8815A464FF49470DFF85C4CF0
:104020000BFB004109925043D1E90169D1F80CB072
:10403000B1F898A0B1F86850215835A801F06EFA8F
:104040003598002800F0D081012840F0F5819DF8D6
:10405000D800DDE9379B0B2800F00B82BDF8DA2091
:104060009DF8D9101EE3BBF1100F81F08E814FF443
:104070009472DFF8081C0BFB0210DFF8043C0BFB0A
:1040800002F29D68DE688958002900F01E81D0E99F
:1040900001230024C168AD1A76EB030580F0F78197
:1040A000012515E1BBF10F0F01F271814FF49472FC
:1040B000DFF8C81B0BFB02100BFB02F240688C58A8
:1040C000002800F09481012840F0D881C246DFF832
:1040D000B48B8FE1BBF10F0F01F25B814FF4947051
:1040E000DFF8981B0BFB00142046FEF7FCFA0128B2
:1040F00040F09A8000204FF6FF72C4E90002C4E944
:1041000002100021C4E9040000F03EBDBBF10F0F16
:1041100001F241814FF49471DFF8600B0BFB010455
:10412000D4E90365A819C0F09B8040F20710ADF8F0
:1041300054004FF0010AAAE2012014900020A0E1EF
:10414000BBF10F0F01F229814FF49471DFF82C0BB2
:104150000BFB01060BFB01F17568415818A801F033
:10416000DDF9DDE918A2BAF1020F40F0A5800024C4
:104170005946009418A82B4601F0B2FBDDE918A1BE
:104180001B98BAF1020F40F0FF81C6E90041B06010
:1041900000F0FDBCBBF10F0F01F201814FF49475EB
:1041A000DFF8D84A0BFB05F020586FF39F20FEF78D
:1041B000E3FA002800F014810F2901F2F3804FF494
:1041C00094720BFB054001FB024100241594B1F8E9
:1041D0009820B1F8681002F03F026FF39F2141EA86
:1041E000822101600220149000F0D1BC08208DF8DB
:1041F000600018A95846FFF7CDF80446169100F064
:10420000C6BCDDE91A011791CDE9155059E0082324
:1042100007228DF855304FF0010A8DF854200C22FA
:104220000823ADF856402FE2B4F868102246B4F8DF
:1042300098004FF6FF73D5686FF39F21069241EA0D
:104240008024E80F29460122ADF840400490FEF793
:104250007FFA0028059500F02781002400F086BC35
:104260002168D4E9019835A801F058F9DDE935A2B3
:10427000BAF1020F17D1CDF8008035A801F090FDFA
:10428000DDE935A2DDE93701BAF1020F0DD1DFF822
:10429000E889920700F155824FF0000A0120CDF81D
:1042A00058A01590F3E13798389917911690159208
:1042B000CDF850A000F011BCDDE91A011791CDE94D
:1042C0001520CDF850A000F00FBCC16800250024D7
:1042D000C0E92054C0E92223C0F8901000F057BC78
:1042E0003046FEF749FA002801F061808A460F291E
:1042F000CDF824B001F25E804FF494710AFB019472
:104300000AFB01F1D4E9028E6FEA08002546D4F8D1
:1043100010B055F8042F39F801106FEA0B0C4B1E42
:104320000B2B00F24781DFE813F00C00B00297027C
:10433000630263026302630263026302DE026902D4
:104340000103824298BFE64500F2BD8318A82146CA
:10435000434676462546FFF78EF8DDE918A0BAF108
:10436000020F40F07B84FEF707FA002800F03C863D
:10437000102981F051804FF49470324601FB009077
:104380005B46D0E91D1908912946B0F87260B0F873
:104390006EA0B0F86C40B0F8708018A8FDF70EFF62
:1043A00001F0F3FC40F05586DDE91901062CCDE95A
:1043B0001001079440F09186002900F0D287002177
:1043C000424601700120129014A810AB5146FDF72F
:1043D000D1FC1498072800F0B787159900F0BBBFEF
:1043E0000120149002204CE0DDE9379B41E0C246F9
:1043F000DFF89488DFF894980025002005EB45014C
:1044000009EB81010C390F2D0ED831F80C2F013535
:10441000002AF8D08A88B24204BF8A68A242EDD14D
:104420004888C0470120E9E7C00702D00024D046F1
:10443000ADE30120D04622E00896369E0F2E00F212
:10444000BC876FF39F2545EA8A20ADF8D800EA487B
:1044500035904FF4947006FB004835A908F16C00C4
:1044600001F048F9002800F015814FF00009DFF84D
:1044700008884FF0020A082004211DE10120149051
:1044800006208DF8550007208DF854002FE3C0E971
:104490002044C0F89010FEF7D7F878E3DDE91A0160
:1044A0001791CDE91560F2E0002D00F11281DFF8DF
:1044B000E0470DF128084FF4947500200790CDF8DF
:1044C00024B0FEF7B1F8814600200026CA460A90C3
:1044D000B14515D004EB8600D0F89010594508BFBF
:1044E000B246CA450AD20F2900F20F87DFF88C07BF
:1044F00010AA01FB0500434601F0C2FA0136E7E7C6
:1045000004F19006DFF874474D464FF4947BBAF1FE
:10451000000F11D0002D00F059863168102980F06D
:104520005A8601FB0B4010AA434601F0A9FAAAF1F2
:10453000010A013D0436EAE70A98012840F0188193
:10454000DDF82CB018AC099A4FF494752046594602
:1045500001F01AF89DF860000C2800F01181404627
:1045600021465A46FEF75AFF9DF828000B2840F0D6
:104570001081DDE90B23DDE90701FEF799F8CDE9AC
:104580000701DFF80C479CE71A9ACDE914A1CDE9A1
:104590001620A9E20125042060F30F0440462146BD
:1045A000FEF7C0F8CDE915564FF0020ACDF850A03D
:1045B000C84694E2142900F0E681152900F00E8225
:1045C0001F2900F07B82202900F0B182242940F0CD
:1045D0000F81824200F27782042E40F0C78318A830
:1045E00001F0BAFB01F0D1FB40F0C9841A98DDF864
:1045F00024B0DFF88486012840F2E184199801880C
:10460000DFF87C061030FDF7B1FC04461920FDF7F9
:10461000FFFE01F070FB18BF032118BF0322022820
:1046200008BF0A46002C18BF0022159257E2DDE9A8
:104630001A014FF0020A0822042324E06FF39F249A
:1046400044EA8828199C0F2C00F2BC866A4818900E
:104650004FF4947004FB0060ADF8648018A96C30CE
:1046600001F048F850B90A208DF861508DF86000CB
:104670002046ADF8628018A9FEF78CFE4FF0020AC2
:10468000082200200423C84614ACE050A150CDF805
:1046900050A024E26FEA0B00814543D90720012195
:1046A000DFF8988D8DF855104FF0010A8DF8540001
:1046B0000C200821ADF8562014AA42F8019042F8C7
:1046C00000B0CDF850A0DDF824B008E215A90DC166
:1046D000EEE50AA8294600F021FFDDE90AA8BAF1B3
:1046E000020F5FD1B8F1100F80F06F864FF4947015
:1046F000DFF8501D08FB001021466C30FCF7CDF9A7
:10470000002800F0308235A841465A4600F03CFFB0
:104710009DF8D4000C2840F08D8200200021DFF8A5
:104720001C8D31E2D8E9031042184BD340F2071038
:10473000ADF8D40035A93046FEF72CFE81468B46F5
:1047400095E6DDF82490324602915946CDE9009075
:1047500018A82B4600F0D6FF9DF860000C2840F00A
:10476000F48019980021C4E90010159100F003BCF1
:104770000798DDF824B00238B0FA80F04409F3E17C
:104780000798DDF824B0C1B220F0FF00DFF8AC8C50
:10479000F9E101F0FEFADDF824B042EA0141DDE979
:1047A0000B3205E0DDE90C324FEA18215FFA88F0A0
:1047B00040EA0120DFF8848CCDF850A0CDE9163214
:1047C000159091E1CDE900614A46029018A8099937
:1047D0005B4600F097FF9DF860000C2840F0F981DF
:1047E00019980899C8E90010404601F0ADFA3CE676
:1047F00040F2077069E100BF06000500DDF824B053
:104800000025DFF8388C40F2FF3086424FF0000080
:1048100040F0AE83D4E943012646FCF74FF8FDF79C
:10482000ABFF002800F061820F2900F2E9854FF408
:104830009470344601FB009090F81411002900F0A8
:104840009683B0F89810B0F8680001F03F016FF35C
:104850009F2040EA81208BE3824200F2348118A835
:1048600001F07FFADDE918A0BAF1020F40F0F681FD
:10487000DDF824B00104DFF8C48B1CBF81B28E4286
:1048800040F0828340F2073051E4824200F21B8103
:1048900018A821464346FEF71EFE01F076FA40F0C6
:1048A000F981DDE9190135AB0022A24607C318A83A
:1048B00035A9FDF740FB1898DDF824B0DFF87C8BB4
:1048C00007280DD1DDF8649018A835A9FDF722FB63
:1048D0001898072804D19DF86440022C40F0878383
:1048E00040F20771E4E1824200F2ED8018A801F085
:1048F00033FA01F04AFA40F0EA81DDE9190135AAFC
:10490000002413C218A835A9FDF704FB1898DDF898
:1049100024B0DFF8288B072840F01D839DF8640041
:10492000C5E9004485F81401159424E3002094F8A7
:104930001511C4E9001015904FF0020AC9E035A81E
:1049400018A92246FEF76AFD04E035A818A94A46D0
:10495000FEF77BFD9DF8D4000B2807D136984FF069
:10496000000A37991690012017919AE49DF8D71004
:104970008DF85710BDF8D510ADF85510379917912F
:1049800036991691EFE2002340F2FF30864240F064
:104990002C81D4E943010595FBF790FFD4E943014D
:1049A0002546FBF78BFF0890FDF7E6FE80460028C2
:1049B00000F0DF810F2900F225854FF4947001FB90
:1049C00000900899B0F89840B0F868600020FDF7B2
:1049D00001FF6FF39F2646EA8426CAE1824272D81D
:1049E00018A801F0BEF9DDE918A1BAF1020F40F0F4
:1049F000738110A8FEF7CCF8BDF84000DDF824B0B4
:104A0000DFF8388A032800F07381DFF8982A14A8A9
:104A100010A9FEF707F9BDF85000012840F06881A1
:104A200018AC14A900222046FEF7BAFD339E002ED2
:104A300000F05E81079504F10801DDE9188535A8CD
:104A4000642201F057FB40462946DDF8D090FBF781
:104A500035FFFDF791FE002800F07F831029CDE996
:104A600004960695CDF8208080F0D8844FF4947099
:104A7000DFF8D02901FB0024D4E94301FBF7A5FFAF
:104A8000DFF8E4B90025DFF8246A1FFA80F9A8B23C
:104A9000484580F0FA82D4E943012A46FBF7A2FF99
:104AA0008046FEF711FB4EA859464246FDF7CEFF61
:104AB0004E983146FEF7B9FF0135E8E7824298BFCC
:104AC000E64540F21F8140F20710ADF854004FF068
:104AD000010ACDF850A0DDF824B0DFF86089BAF102
:104AE000020F01D1159C52E0BAF1000F0CD014A8AE
:104AF00018A904300A4690E83800584638C2FEF734
:104B000049FC0446084643E0BBF1100F80F02F84B7
:104B10004FF49471DFF82C390BFB01F2DDE91554E9
:104B200017980BFB01319D5000224A6030E0042EA3
:104B300064D1DFF82C091030FDF712FA00214FF094
:104B4000020AC4E9000115915EE018A80AA93246DC
:104B5000FEF77BFC01F019F95BD1DDE91956022D56
:104B600018BF012517E50024DFF8D088DDE904101F
:104B700041EA00410698FDF7D5FD002C4FF00101F8
:104B800018BF02210020089A169241EA00041698E4
:104B9000BCB1012C07D15846FEF7DAF8102805D32E
:104BA000DFF87029B3E3102880F0BB834FF49472D0
:104BB000DFF8901800FB021401F0DFF8DFF8A0081E
:104BC00004600020BFF35F8F88F8000053B001F04D
:104BD0009EB835A818A93246FEF737FC9DF8D400D8
:104BE0000B2841D1DDE9369B41E404222546002013
:104BF0000021DDF824B0DFF84488A7E140F2073057
:104C00004FF0010AADF85400DDF824B0DFF82C882D
:104C10003DE59DF863104FF0010A8DF85710BDF87F
:104C20006110ADF855101A991791199916918DF8D0
:104C30005400BBE40AA835A94246FEF7EFFB9DF8F5
:104C400028000B285BD1DDE90B01089100280FBF7C
:104C500000240238B0FA80F0440985E71B9A1A99BB
:104C600017921691159034E7DDE9369BBDF8D620F2
:104C70009DF8D51014E500BF0000002008000020BA
:104C80001C140020FD300008C93000085C1300200F
:104C9000881200209DF86310BDF86120DDF824B073
:104CA00042EA0141DFF8948740EA0121DDE9190277
:104CB00015914FF0010A010E8DF85800000A179265
:104CC000CDF850A08DF85B10ADF8590007E701F062
:104CD00024F8DFF8688740E1DDF824B0DFF85C876E
:104CE000DDE91A02CDE9160206E0002034463FE174
:104CF00001240021C5E90041CDE914A1EFE601F04E
:104D000048F84AE5042E31D118A8164621467246C5
:104D10005B462546FEF7AFFBDDE918A4BAF1020FAA
:104D200040F05C81284631464246FEF735FC0028BB
:104D300000F0A181DFF828072146324643461030B3
:104D4000FDF740F904465020B8FBF0F0FDF760FB9A
:104D500000F0D1FF18BF032118BF0322022808BFAB
:104D60000A46002C18BF00221592B4E640F2073024
:104D7000ABE640F2FF30FDF7FFFC012840F02D8349
:104D800040F2FF300C46FDF79DFE002840F02883DE
:104D900018A808992246FEF74FFE9DF860000028EB
:104DA00040F02183D5E94301FBF788FD0121002470
:104DB000C5E9464401EB96210496B8F1000FCDF801
:104DC000188018BF01F03F08A5F868004FF49470F0
:104DD0000AFB0090C5F89880079500F58679D0E920
:104DE0004301FBF7F2FDDFF880861FFA80FBA0B2DB
:104DF000584533D2D9E900012246FBF7F3FD81B2D1
:104E000000F00F00421E00EB400308EB83039E1CE2
:104E10000F2A0AD033460C3633F8025C0132002DDB
:104E2000F6D01B888B42F3D110E008F10203002278
:104E3000904200F073821E460C3336F8025C013259
:104E4000002DF5D035888D42F2D1013A02EB4200B7
:104E50000899013408EB80008180C8E70698D0B13A
:104E600004995046FEF750FB00F0A8FFDDF824B08F
:104E70000028DDF81C9000F0C7820F2900F2C782DD
:104E80004FF49470DFF8BC2501FB00200121FDF7F1
:104E9000DBFB804605E04FF00008DDF824B0DDF8CC
:104EA0001C90D9F80C1118A8FDF772FEBDF860002F
:104EB000032800F08F82DFF8A805199E00F1100585
:104EC000DFF8182606F1784335A82946FCF796FE48
:104ED0009DF8DA00002800F07D829DF8DB000028B4
:104EE00040F078829DF8DC00002840F07382BDF825
:104EF000D6100122BDF8D400BDF8D830CDE90001AC
:104F000018AC00212046FCF7CBFD00F00FFF002875
:104F100040F06C822846FDF723F8002840F06882B4
:104F2000B8F1000F08D000F049FFDFF81085002825
:104F300000F06F82022002E00120DFF800850022ED
:104F4000059DC9F8002014AC002308222B60606086
:104F500014A881500FE007210720CDE91643ADF8D2
:104F600056208DF855108DF85400FFF7E2B8002058
:104F7000C4E9000515954FF0020AFFF788BB00F061
:104F8000CCFEDFF8B8841CE0FDF7F6FB00286ED0FD
:104F9000B5F868200923B5F898008DF860306FF3F4
:104FA0009F2242EA8020ADF8620018AA0846114606
:104FB000FEF7F0F90020C5E900001590DBE70721B6
:104FC00007204FF0010A40EA0120CDE91643ADF871
:104FD0005620CDF850A0ADF8540080E5DDE91A0167
:104FE0001791CDE9154074E540F207206DE548467C
:104FF000FDF7C2FB002800F091808846102980F060
:1050000018824FF49470DFF83C1408FB001BBBF8C7
:10501000980008905846BBF86850FDF7DDFC0898EA
:105020006FF39F25E40745EA802502D0584600F03B
:105030008BFE40462946FEF767FA1FFA89F0864242
:1050400040F07480002C40F074804FF0020A012080
:1050500072E09DF86310BDF8612042EA014140EA28
:105060000120DDE919211791CDE915022FE540F264
:105070000720FFF75CB84FF0010A4FF480701796D5
:10508000CDF858A0ADF8540023E594F81401002899
:1050900056D001204FF0004184F815012046FDF75D
:1050A000D3FAB4F86C00DDF82080069D0628DDE90F
:1050B000049652D1B4F86E00023880B2042828BF9A
:1050C000042000F00600022847D10020C049C4E9AE
:1050D0000010204600F038FE3FE0002900F041813A
:1050E00001214FEA182401705FFA88F01291DFE87D
:1050F00010F00B009F007B00B5007400D100DA00B7
:10510000BB00EB009800F5001198012840F2F880F0
:10511000109800214170022012906DE040F20720AB
:105120004FF0010AADF85400FFF7CBBA0020CAE9EE
:1051300000004FF0020A0020CDF850A01590CAE4FC
:105140000020DDF82080A4F87200092084F87000A7
:105150000320E066069DDDE9049640F2FF30CDE9CC
:10516000006902904EA835AB41462A46FEF750FB37
:105170009DF83811DDE94E0421B1000600F05081A0
:1051800001241DE0DFF834232146FEF745FC102CF6
:1051900080F051814FF49470AA4904FB001040F252
:1051A000FF3100240123A0F86810AD49C0F89840F1
:1051B0008A68C968C0E94634C0E94821FCF748FF5D
:1051C000DDF824B0DFF87482079D92E5B04A4846C6
:1051D0004946FBF722FDAD4A98E011980228C0F03D
:1051E0007180109804215AE01198012840F28880BB
:1051F000109802214170129118A810A9089A4B46E4
:10520000FCF779FD1898072823D111991298884244
:1052100080F07880002C18BF012410990C540130C4
:105220003FE035A810A909223346FCF750FD47E0BE
:105230001198012864D91098012141700220129020
:1052400018A810AA0899FCF771FD1898072800F013
:1052500070801A9A19993792369154E01198022861
:1052600030D3109803211AE0119802285DD31099C9
:1052700007224A7002211291DFE804F005050505B6
:10528000050505055500119802284ED9109884701F
:10529000032020E01198022814D3109805214170B2
:1052A0000220129045E0119802280BD31098062195
:1052B00041700220129035A810AA0899FCF736FD1B
:1052C000359834E0002041E0119802282DD3109841
:1052D0000821417002201290072027E01198012830
:1052E0000ED910980A214170119803280AD91098F4
:1052F00046801198042805D9109804710520D0E73C
:1053000010A836900020359020E05F4A084600F053
:10531000EBFCFDF781F9804800F0E2FC764800F0F4
:10532000DFFC7B4AF3E70228B0D100203590072844
:105330000CD118A810AB07995246FCF71BFD189822
:10534000072806D10720149012990BE01490369983
:1053500001E01999149020B1072803D040F207709A
:1053600081E610210020C5E90001FFF7E4BA664A92
:1053700016E0494A14E0354A12E03E4A10E0304A4D
:105380000EE0364A0CE03D4A0AE03B4A08E0354A66
:1053900006E03C4A04E0364A02E0344A00E02D4A86
:1053A0005846B4E72C4AB1E7294A2846AFE75748A0
:1053B00000F096FC3A4A5046A9E7314A00E0374AE5
:1053C0003046A4E7204A2046A1E7324A40469EE7FD
:1053D0000000FFFF474800F083FC3B4800F080FCE2
:1053E0003A4800F07DFC3A4800F07AFC404800E082
:1053F0003C48009014AA3C482B213C4BFCF7E5F9B3
:105400003E4A83E72F4A81E7334800F069FC314A7E
:105410007CE7334800F064FC3A4A77E7224A75E7B4
:1054200023482E2100902348234B529452AAFCF784
:10543000CCF9334ACAE7224AC5E700BF0000002082
:10544000446F000808000020546F0008246F000813
:10545000346F0008046F0008146F0008206E000805
:105460001C140020F46E00085C130020C46E0008B9
:10547000B46E0008A46E0008106E0008846E000868
:10548000946E0008606E00081C7000080C70000824
:10549000FC6F0008746E0008406E0008506E000833
:1054A000D06C0008087300081873000858730008CF
:1054B00028730008686900085869000838730008F4
:1054C00048730008D8730008E8730008D07100081A
:1054D000E071000808740008F87300083D2C00080B
:1054E000106D000804690008A869000898690008A0
:1054F000F46800081874000828740008006D00089B
:10550000F06C0008E06C0008306E0008C06C000809
:10551000006E0008F06D0008E06D0008B0B502AF45
:10552000044608466FF39F200D46FDF725F990B11C
:1055300010291ED212484FF4947201FB0200ABB244
:10554000D0F8980000F03F02B2EB932F09D102206F
:10555000C4E90001B0BD40F20720A0800120206016
:10556000B0BD084A0021A16062F39F10C4E9001099
:10557000B0BD024A084600F0B7FB00BFC86F000884
:1055800008000020FCFFFF03F0B503AF2DE9000F7A
:105590008FB00F2900F2A6804FF49478544E01FB8F
:1055A000086581460792D5E904BA05F1040EB5F8FD
:1055B00098000690B5F8680005905FEA8A7001FBD4
:1055C00008F0AC6908949EE80C406FEA030C305A6E
:1055D000049002D04FF000080AE00C204FF00008C1
:1055E000A4FB006020B9F043824598BF4FF001084A
:1055F000624503D90B20C9E9012306E06FEA0B00DD
:1056000086450BD90B20C9E901EB89F80C0040F263
:105610000710A9F800000FB000F079BBB8F1000F37
:1056200015D007984FF49474314E00FB046844433E
:10563000D8F804C034591CEB0406089E0ED340F27F
:105640000711C9E9014CA9F80C100B2047E00B2009
:1056500089F80C000898C9E901A0D8E78DE8111075
:1056600009AC204600F04EF89DF824000C2823D108
:10567000059900220698C8F814606FF39F2141EA4B
:1056800080200A9980B2C8E9002008F10802049835
:1056900082E80308B8F86810B8F898006FF39F2103
:1056A00041EA80200004411D2846FDF73BF84046B2
:1056B00000F04AFB0C2012E09DF8271009F10802C7
:1056C00089F80310BDF82510A9F8011004F10801AC
:1056D000DDF828C091E8780078C2C9F804C089F8DC
:1056E000000098E7014A084600F0FEFAE46E000860
:1056F0000800002080B56F46FDF7A6FB80F0010092
:1057000080BDD4D4F0B503AF2DE9000F8FB0D7F82A
:1057100010801C46D7F808909246434538BF9846FB
:105720000E46834649451DD2CDF808B006F1010B5F
:10573000654A0BA8594600F077F90C99B14240F23E
:10574000A4800E99A9EB0B00884280F0A4800B99ED
:105750004FF494730D9A00FB0325DDF808B006FBA7
:1057600003111AE0B14580F0948009F10105534A14
:105770000BA8294600F058F90E99701B884280F05A
:105780008D800C99494540F28C800B994FF49473AD
:105790000D9A09FB031500FB032103A8524623467B
:1057A000FE68FDF798FE3B690021581E41F100019B
:1057B00044B139B104EB0A010139B14224BF30448C
:1057C000504552D20BA829463246FCF7F7FC9DF80B
:1057D0000C409DF82C50DDE90C960B2CBDF82D00EB
:1057E000ADF818009DF82F008DF81A0008BF0B2D9A
:1057F00026D00B2C05D003A80B22411C07A800F0D3
:1058000077FC0B2D1FBF9DF81A008DF82A00BDF8FC
:105810001800ADF828008BF800400BF1010007A933
:105820000B2200F065FCBDF82800ABF80D009DF8D8
:105830002A008BF80C50CBE904968BF80F0011E08E
:10584000B04532D80599884534D8049A4146214854
:1058500043460090484600F033FA0C20CBF8048011
:105860008BF800000FB000F052BA4FF001099DF81C
:105870000C409DF82F0000258DF82D908DF81A0012
:10588000BDF82D00ADF81800B3E7104A3046FBF71D
:10589000C4F900F0EDF80E4AFBF7BFF9084AFBF730
:1058A000BCF9084A4846FBF7B8F90C4A404631466D
:1058B000FBF771FB084A4046FBF76DFBC070000820
:1058C000D0700008E0700008F07000080071000857
:1058D00010710008A0700008907000088070000827
:1058E000F0B503AF2DE9FF0B15460F2A00F29280A9
:1058F00081464FF494704A4E01FB0061984605FBC7
:105900000064484B0193B1F89820B1F8681004F195
:105910006C006FF39F2141EA8221ADF8081001A9C4
:10592000FFF7E8FE30B100200121C9E90001C9F804
:10593000080018E06069810707D1D4F818C00C226C
:10594000ACFB02320AB91A1811D340F20710ADF8B5
:10595000040001A92846FDF71DFD01220023C9E925
:105960000032C9E9020108B0BDE8000BF0BDBCF18E
:10597000000F2BD04FF49472D4F8FC4005FB026268
:10598000034404EB4404A432A40084B152F8086C2C
:10599000864209D852F8041C31448B4204D811685D
:1059A00001F01901012911D00C3C0C32EDE70790F0
:1059B00001244FF480700694ADF8140005A9284620
:1059C000FDF7E8FC0022C9E90024CAE7C44516D95E
:1059D00008EB4802B968002400EB8200D0E90123FB
:1059E000551844F100048B420CD35CB900685B1A73
:1059F00002241144C9E90213C9E90040B3E740F2A7
:105A0000074001E040F20750A9F804000120C9F85E
:105A10000000A8E7014A284600F066F9D46E0008A5
:105A20000800002006000500D0B502AF86B011299D
:105A30003FBF0E4AC1F110034FF4947401FB0424DC
:105A40003FBFC0E90021C0E9024306B0D0BD00203D
:105A50000121019104490490039004200091114612
:105A600002906846FBF7C5F850690008080000205E
:105A700080B56F460148FBF74CFF00BFB0700008CF
:105A8000F0B503AF4DF804BD0D46118806466C30E5
:105A90001C46FBF702F850B12168B6F86A0011B154
:105AA0002189884203D220810120C4E9000500F049
:105AB00031B9D4D4F0B503AF4DF8048D8CB0D1E931
:105AC00005540C22E6681F49D0F800802846B047EC
:105AD00008BBD8F818001C4900F10C020591CDE96B
:105AE000031200F1080102911849CDE900010020DC
:105AF0000A90032069460990CDE907012146144820
:105B0000069006AA2846FBF79EFD20B911492846B3
:105B10000222B04720B101200CB05DF8048BF0BD2B
:105B200008F10806D8F81400D8E900C14CCE0B9053
:105B300008A84CC02846CDE906C106AA2146FBF7B5
:105B400082FDE9E7D4650008590C00083316000807
:105B5000BC650008E0650008E0B502AF00228029BE
:105B6000019203D28DF80410012230E002220B468C
:105B700062F39F13B1F5006F05D28DF80530C02395
:105B800043EA911121E0B1F5803F0DD28DF8063046
:105B9000E02343EA1133890962F39F118DF8043041
:105BA0008DF80510032212E08DF807308B0962F39F
:105BB0009F138DF806300B0B890C62F39F131E2286
:105BC00062F3DF0104228DF805308DF8041001A97D
:105BD00000F002F800208CBD002A46D0F0B503AFDB
:105BE0004DF804BD0068CB0706D00368DB07FCD086
:105BF00011F8013B013A037001F00303022B08D1B5
:105C0000022A27D30368DB07FCD031F8023B023AB3
:105C1000038032B3930800240D469C4206D00668E8
:105C2000F607FCD040CD01340660F6E722F003030E
:105C300002F003021944022A06D30368DB07FCD0F2
:105C400031F8023B023A0380012A0AD10268D207E6
:105C5000FCD004E0012A04D10268D207FCD0097804
:105C600001705DF804BBBDE8F04000207047D4D45B
:105C70000A46496801290149FBF7E5BC3874000868
:105C800080B56F468AB00090002072B60590022061
:105C90000290094801900120049007A8039007484A
:105CA0000890684607904FF06040099009A801A944
:105CB000FFF7DEFFFEE700BF54740008B55A000886
:105CC000D0B502AF0C46994201BF11462246BDE84D
:105CD000D04000F00DBABA6820461946FBF79EFE88
:105CE00080B56F46FBF715FE1021FAF796BF2946DF
:105CF0005246FAF733BF00221691C5E900424FF031
:105D0000020A02210122CDF850A0002C7047BDE804
:105D1000000FF0BD5DF804BBF0BDDDE91943BDF82F
:105D200062209DF86110DDF824B0704728463146A6
:105D300022462023FCF746B90690012002910390E9
:105D4000059008A8049070470321FCF7EBBCC4E958
:105D500001010B202070B0BD214643462546FDF7CA
:105D6000BABB214643462546FDF785BB25460C3484
:105D700035F8026C0133002E70472046FCF764BAF8
:105D8000284651464246FDF799BE9DF860000B2813
:105D900070479DF82B104FF0010ABDF8292070477D
:105DA00059464B460992FFF79BBD2946524643464A
:105DB000FCF738BE9DF88800002870470420FCF7E7
:105DC000DBBC00F05AB800F09FB8042A18D3B0B575
:105DD00002AFA2F1040E012303EB9E0313F00304B0
:105DE00014D08C4603465CF8045B012C43F8045B3A
:105DF00015D1184661467246BEF10C0F21D208E05B
:105E00008C46034618466146FFF7DDBFBEF10C0F16
:105E100017D2BDE8B04018466146FFF7D4BF4B68C3
:105E2000022C436003D1083A0831083004E08B6843
:105E30000C3A83600C310C3003468C46BEF10C0FDB
:105E4000E7D30B68103A0360032A4B6843608B6802
:105E50008360CB6801F11001C36000F11000F0D83D
:105E60008C460346BDE8B04018466146FFF7ABBF1D
:105E70000B4611461A4600F0EBB8D2B2042938BFDF
:105E8000FFF7F6BFD0B502AF4FF00133A1F1040E1A
:105E90005343012404EB9E0414F003040AD0844607
:105EA000012C4CF8043B0DD160467146BEF10C0F3D
:105EB00019D202E0BEF10C0F15D2BDE8D040604609
:105EC000FFF7D6BF022C436006D10839083084465C
:105ED000BEF10C0F07D2F0E783600C390C3084461A
:105EE000BEF10C0FE9D31039C0E90033C0E9023329
:105EF00010300329F7D88446BDE8D0406046FFF74C
:105F0000B7BF0022FFF7B9BFF0B503AF2DE9000717
:105F1000102A63D3434213F0030400EB040C16D0A1
:105F200003460E46357803F8015B63450FD275785A
:105F300003F8015B63453EBFB57803F8015B634539
:105F400005D2F578043603F8015B6345EAD3A2EB8A
:105F5000040E01EB04092EF003080CEB08035FEAC2
:105F600089713ED0B8F1010F54DB182129F00302EA
:105F700001EAC90A4FEAC90102F10805494212685B
:105F800001F0180655F8041C22FA0AF201FA06F488
:105F900022434CF8042B9C453CD22A6821FA0AF192
:105FA00002FA06F421434CF8041B9C453FBF696884
:105FB00022FA0AF201FA06F422433CBF4CF8042B01
:105FC0009C4527D2AA6821FA0AF1103502FA06F494
:105FD00021434CF8041B9C45D4D31BE00346F2B983
:105FE00033E0B8F1010F15DB4C4621684CF8041B77
:105FF0009C450FD261684CF8041B9C453EBFA168CC
:106000004CF8041B9C4505D2E16810344CF8041B85
:106010009C45EAD309EB08010EF00302AAB11A4429
:106020000E7803F8016B93420FD24E7803F8016BA0
:1060300093423EBF8E7803F8016B934205D2CE782F
:10604000043103F8016B9342EAD3BDE80007F0BDC9
:10605000D0B502AF102A35D3434213F0030E00EB44
:106060000E0C0FD0034603F8011B63453FBF03F836
:10607000011B634503F8011B634503D203F8011BB1
:106080006345F0D3A2EB0E0E2EF003020CEB0203DD
:10609000012A13DBCAB24FF0013462434CF8042BDF
:1060A0009C450BD24CF8042B9C453CBF4CF8042B70
:1060B0009C4503D24CF8042B9C45EFD30EF0030211
:1060C00012B912E0034682B11A4403F8011B93424D
:1060D0000BD203F8011B93423CBF03F8011B934210
:1060E00003D203F8011B9342EFD3D0BDFFF709BFE2
:1060F000FFF769BEFFF769BEFFF703BF70460421D3
:10610000084202D1EFF3088002E0EFF30980FFE7D5
:10611000FEE7D4D44D53492073656C6563746564A0
:1061200020617320504C4C20736F757263652C2076
:10613000627574206E6F7420656E61626C656400B8
:10614000146100082B0000007372632F636C6F638F
:106150006B732E7273000000486100080D00000090
:106160004A010000190000004853452073656C6522
:106170006374656420617320504C4C20736F75729A
:1061800063652C20627574206E6F7420656E616289
:106190006C656400686100082B000000486100081D
:1061A0000D000000420100001900000048610008D5
:1061B0000D000000680100001C00000061737365A1
:1061C0007274696F6E206661696C65643A207379D8
:1061D00073636C6B203C3D2038305F3030305F3073
:1061E00030300000486100080D0000007801000018
:1061F00009000000617373657274696F6E206661D7
:10620000696C65643A2070636C6B31203C3D20738F
:106210007973636C6B000000486100080D0000009A
:106220009E01000009000000617373657274696F5C
:106230006E206661696C65643A2070636C6B322015
:106240003C3D20737973636C6B000000486100086B
:106250000D000000B90100000900000061737365C2
:106260007274696F6E206661696C65643A20706C47
:106270006C636F6E662E6E203E3D2038696E6465DD
:1062800078206F7574206F6620626F756E64733A44
:1062900020746865206C656E206973204861000871
:1062A0000D000000D60100000D0000006173736551
:1062B0007274696F6E206661696C65643A20706CF7
:1062C0006C636F6E662E6E203C3D203836000000F9
:1062D000486100080D000000D70100000D0000001B
:1062E000617373657274696F6E206661696C656451
:1062F0003A20636C6F636B5F7370656564203E3D2D
:1063000020345F3030305F303030000048610008AA
:106310000D000000D80100000D00000061737365DE
:106320007274696F6E206661696C65643A20636C93
:106330006F636B5F7370656564203C3D2031365F31
:106340003030305F30303000486100080D00000010
:10635000D90100000D000000617373657274696FEC
:106360006E206661696C65643A2076636F203E3DFD
:106370002036345F3030305F303030004861000804
:106380000D000000DA0100000D000000617373656C
:106390007274696F6E206661696C65643A20766319
:1063A0006F203C3D203333345F3030305F3030304D
:1063B000486100080D000000DB0100000D00000036
:1063C000617373657274696F6E206661696C656470
:1063D0003A206F75747075745F636C6F636B203CEB
:1063E0003D2038305F3030305F3030304861000859
:1063F0000D000000DC0100000D00000048610008F5
:106400000D0000007C0100001F000000696E746533
:10641000726E616C206572726F723A20656E74657F
:1064200072656420756E726561636861626C652077
:10643000636F6465486100080D0000007E01000084
:1064400016000000486100080D00000091010000E6
:1064500020000000486100080D00000093010000CA
:1064600016000000486100080D000000A2010000B5
:1064700020000000486100080D000000A401000099
:1064800016000000A0860100400D0300801A0600DF
:1064900000350C0040420F0080841E0000093D00C2
:1064A00000127A000024F40000366E010048E80172
:1064B000006CDC0200000000080000000400000086
:1064C000B90A00082F686F6D652F727573686E6169
:1064D0006E2D7265617A2F636F6E636570742D6FB8
:1064E000732F7379732F6162692F7372632F6C69D5
:1064F000622E7273C4640008300000009A0000002D
:1065000041000000C4640008300000009B0000004F
:106510001B000000C464000830000000A60000005A
:1065200041000000C464000830000000A700000023
:106530001B000000C464000830000000B20000002E
:1065400041000000C464000830000000B3000000F7
:106550002A0000002F686F6D652F727573686E6179
:106560006E2D7265617A2F636F6E636570742D6F27
:10657000732F6C6962732F6362665F6C6974652F39
:106580007372632F6C69622E727300005465000889
:10659000360000005800000017000000290000002D
:1065A00044656275674D6F6E2C204D4D4641523DDE
:1065B00001000000000000003A000000010000009F
:1065C00000000000B865000801000000B865000880
:1065D0000100000070616E69636B65642061742066
:1065E0003A0A6578706C696369742070616E6963DA
:1065F000E26500080E000000206275742074686572
:1066000020696E6465782069732000007C62000850
:1066100020000000F8650008120000003A20000089
:1066200001000000000000001C66000802000000DD
:106630006C6962726172792F636F72652F73726316
:106640002F666D742F6E756D2E72730030660008A4
:106650001B00000069000000170000003078303097
:106660003031303230333034303530363037303806
:1066700030393130313131323133313431353136F5
:1066800031373138313932303231323232333234DB
:1066900032353236323732383239333033313332C1
:1066A00033333334333533363337333833393430A7
:1066B0003431343234333434343534363437343896
:1066C0003439353035313532353335343535353685
:1066D000353735383539363036313632363336346B
:1066E0003635363636373638363937303731373251
:1066F0003733373437353736373737383739383037
:106700003831383238333834383538363837383825
:106710003839393039313932393339343935393614
:1067200039373938393972616E676520737461722F
:106730007420696E64657820206F7574206F662000
:1067400072616E676520666F7220736C6963652085
:106750006F66206C656E677468200000266700080D
:106760001200000038670008220000004475706CB9
:10677000696361746564204952513A2072616E67A1
:106780006520656E6420696E6465782006000300EC
:106790000000000000000000000000007C6700080E
:1067A000100000003867000822000000736F757247
:1067B000636520736C696365206C656E677468201F
:1067C000282920646F6573206E6F74206D61746377
:1067D000682064657374696E6174696F6E20736C90
:1067E000696365206C656E6774682028AC67000873
:1067F00015000000C16700082B0000009C65000820
:1068000001000000617474656D707420746F206401
:106810006976696465206279207A65726F0000008C
:106820000468000819000000B46800083F00000078
:10683000A300000011000000617373657274696F3A
:106840006E206661696C65643A2021666C617368CC
:106850002E63722E7265616428292E6C6F636B281B
:10686000292E62697428292F686F6D652F727573E0
:10687000686E616E2D7265617A2F636F6E636570ED
:10688000742D6F732F626F617264732F73746D3325
:10689000326C34373672672F7372632F6C69622ED5
:1068A00072730000676800083B0000008C00000065
:1068B000090000002F686F6D652F727573686E6137
:1068C0006E2D7265617A2F636F6E636570742D6FC4
:1068D000732F6C6962732F666C6173685F616C6C97
:1068E0006F6361746F722F7372632F666C6173686C
:1068F0002E727300B46800083F000000030200001D
:106900002F000000B46800083F00000005020000EE
:1069100024000000B46800083F000000AB01000044
:106920003D000000B46800083F0000002B0200009A
:106930002F000000B46800083F0000002D02000096
:106940002400000028296D6964203E206C656E00DB
:106950004669000809000000000000000400000073
:1069600004000000211E000863616C6C65642060F7
:10697000526573756C743A3A756E777261705F65C3
:106980007272282960206F6E20616E20604F6B60EC
:106990002076616C756500000000000000000000BA
:1069A00001000000ED1B000863616C6C65642060F1
:1069B000526573756C743A3A756E777261702829F6
:1069C00060206F6E20616E2060457272602076617B
:1069D0006C756500676800083B0000002A01000034
:1069E00010000000417373657274696F6E206661F8
:1069F000696C656421000000E46900081100000072
:106A00002F686F6D652F727573686E616E2D72657C
:106A1000617A2F636F6E636570742D6F732F737956
:106A2000732F6B65726E2F7372632F617263682FA1
:106A300061726D5F6D2E7273006A0008380000008D
:106A40000A01000005000000006A0008380000008C
:106A50001001000034000000006A00083800000047
:106A60002E0100000E000000006A0008380000003F
:106A70003101000035000000006A00083800000005
:106A80003A01000038000000006A000838000000E9
:106A90003501000017000000006A000838000000FF
:106AA0000301000005000000006A00083800000033
:106AB000F90100000D000000006A00083800000025
:106AC0001F03000005000000006A000838000000F5
:106AD0002703000041000000006A000838000000A1
:106AE000290300001E0000004E4D4900E86A00081E
:106AF00003000000006A0008380000004A0300009C
:106B00000E000000A065000808000000006A0008F0
:106B100038000000510300000F000000756E6B6E1E
:106B20006F776E20657863657074696F6E20000002
:106B30001C6B000812000000006A0008380000000A
:106B40006B0300000E000000756E68616E646C657A
:106B50006420495251200000486B00080E000000DC
:106B6000006A0008380000005B03000028000000F5
:106B7000495251206D697373696E6720636F6D7040
:106B80006F6E656E74000000006A00083800000037
:106B90006303000049000000006A0008380000009C
:106BA0006403000011000000006A000838000000C3
:106BB0007603000009000000006A000838000000A9
:106BC00080030000090000004B65726E656C206652
:106BD00061756C74203A20434653523D2C20424646
:106BE00041523D00C86B00080D000000D56B000845
:106BF00007000000A865000808000000DC6B000822
:106C000007000000006A0008380000004704000088
:106C100009000000006A000838000000AA04000013
:106C200031000000006A000838000000B6040000CF
:106C30001E000000617474656D707420746F2072A2
:106C4000657475726E20746F205461736B202320FD
:106C50006166746572206661756C7400346C00083E
:106C60001B0000004F6C00080C000000006A0008C8
:106C700038000000B30400000D000000006A0008A6
:106C800038000000560500003C0000002F686F6DC2
:106C9000652F727573686E616E2D7265617A2F63F0
:106CA0006F6E636570742D6F732F7379732F6B65BF
:106CB000726E2F7372632F6B6970632E7273000094
:106CC0008C6C0008320000001E0000003B00000039
:106CD0008C6C0008320000001F0000001000000053
:106CE0008C6C0008320000009E00000018000000BC
:106CF0008C6C000832000000BF0000001A00000089
:106D00008C6C000832000000350100001D000000FE
:106D10008C6C0008320000006D0100005100000082
:106D20004E6F20436F6D706F6E656E74204C6F6197
:106D30006465642F686F6D652F727573686E616E20
:106D40002D7265617A2F636F6E636570742D6F733A
:106D50002F7379732F6B65726E2F7372632F737439
:106D600061727475702E7273336D00083500000007
:106D70007700000020000000336D0008350000009F
:106D80007C0000001B000000336D0008350000008F
:106D90007100000028000000336D0008350000007D
:106DA00092000000090000002F686F6D652F72755A
:106DB00073686E616E2D7265617A2F636F6E6365A5
:106DC00070742D6F732F7379732F6B65726E2F73C1
:106DD00072632F73797363616C6C732E727300002E
:106DE000A86D000836000000510000003B000000C4
:106DF000A86D0008360000006000000029000000B7
:106E0000A86D0008360000005900000029000000AD
:106E1000A86D0008360000007E0000001F00000082
:106E2000A86D000836000000900000001F00000060
:106E3000A86D000836000000A40000000D0000004E
:106E4000A86D000836000000BC000000090000002A
:106E5000A86D000836000000D30000000800000004
:106E6000A86D000836000000090100001B000000AA
:106E70000100FFFFA86D0008360000002C01000093
:106E80000C000000A86D000836000000860100001C
:106E900016000000A86D00083600000097010000F1
:106EA00008000000A86D0008360000000A0200007B
:106EB00010000000A86D0008360000004602000027
:106EC00010000000A86D00083600000082020000DB
:106ED00010000000A86D000836000000A1020000AC
:106EE00008000000A86D0008360000002203000022
:106EF0001D000000A86D00083600000053030000CC
:106F000010000000A86D0008360000008E0300008D
:106F10001B000000A86D0008360000009803000068
:106F20001C000000A86D000836000000AA03000045
:106F300010000000A86D000836000000B303000038
:106F400010000000A86D000836000000D403000007
:106F500018000000A86D000836000000E9030000DA
:106F6000080000002F686F6D652F727573686E6181
:106F70006E2D7265617A2F636F6E636570742D6F0D
:106F8000732F7379732F6B65726E2F7372632F7407
:106F900061736B2E72730000646F00083200000092
:106FA0008300000028000000646F00083200000029
:106FB000E70100000D000000646F000832000000CF
:106FC0007A03000019000000646F0008320000001E
:106FD000B3030000110000006E6F207461736B73C7
:106FE0002072756E6E61626C65000000646F00084F
:106FF00032000000C80300000A000000646F0008AF
:10700000320000000404000015000000646F000856
:1070100032000000050400001D000000646F00083D
:10702000320000000004000021000000646F00082E
:10703000320000002204000015000000646F000808
:10704000320000003A0400001F0000002F686F6D3E
:10705000652F727573686E616E2D7265617A2F632C
:107060006F6E636570742D6F732F7379732F6B65FB
:10707000726E2F7372632F756D656D2E72730000C3
:107080004C70000832000000380100000F000000C2
:107090004C70000832000000380100003100000090
:1070A0004C70000832000000380100001C00000095
:1070B0004C7000083200000051010000090000007F
:1070C0004C700008320000004E0100002900000052
:1070D0004C700008320000004F0100000F0000005B
:1070E0004C700008320000004F0100002900000031
:1070F0004C700008320000004B0100002900000025
:107100004C700008320000004C0100000F0000002D
:107110004C700008320000004C0100001F0000000D
:10712000617373657274696F6E206661696C656402
:107130003A2073656C662E6B65792E69735F6E6F8E
:107140006E6528292F686F6D652F727573686E6183
:107150006E2D7265617A2F636F6E636570742D6F2B
:10716000732F7379732F6B65726E2F7372632F7326
:107170007472756374757265732E7273447100084E
:1071800038000000CE000000090000006173736544
:107190007274696F6E206661696C65643A2073650C
:1071A0006C662E6B65792E69735F736F6D65282928
:1071B0004471000838000000D300000009000000FE
:1071C0004471000838000000CB01000011000000ED
:1071D0004471000838000000DF01000026000000B4
:1071E0004471000838000000E10100003100000097
:1071F0004471000838000000FF0100000D0000008D
:107200004471000838000000130200002400000050
:1072100044710008380000002F0200002E0000001A
:1072200044710008380000003A0200000E0000001F
:10723000000000000800000004000000B90A000877
:1072400044710008380000008A0200001F0000009E
:107250004471000838000000930200002000000084
:10726000447100083800000094020000260000006D
:107270004471000838000000A70200002F00000041
:10728000447100083800000099020000310000003D
:107290004471000838000000A40200000E00000045
:1072A0004471000838000000C20200001100000014
:1072B0004471000838000000C802000012000000FD
:1072C0004471000838000000CE0200000E000000EB
:1072D0004471000838000000D102000036000000B0
:1072E0004471000838000000E40200001B000000A8
:1072F0006C670008100000004471000838000000AE
:107300000B03000019000000447100083800000061
:107310002703000025000000447100083800000029
:107320003403000021000000447100083800000010
:1073300054030000180000004471000838000000E9
:107340004D030000220000004471000838000000D6
:107350004F0300000D0000004471000838000000D9
:107360003C030000160000004471000838000000D3
:10737000630300001500000044710008380000009D
:107380009503000047000000447100083800000029
:10739000960300001D000000447100083800000042
:1073A000730300003600000044710008380000003C
:1073B0007403000021000000447100083800000040
:1073C0007C03000015000000447100083800000034
:1073D000870300001200000044710008380000001C
:1073E000A80300001F0000004471000838000000DE
:1073F000B20300000A0000004471000838000000D9
:10740000C903000036000000447100083800000085
:10741000CA03000019000000447100083800000091
:10742000D10300000600000044710008380000008D
:10743000BD03000012000000000000000400000076
:1074400004000000D95B0008595B0008715C00086B
:107450000A00000001000000000000005074000855
:08746000010000000100000022
:10A000000000000000000000FFFFFFFFFFFFFFFF58
:10A010000000000000000000FFFFFFFF0900FEFF3E
:10A02000001A0020000100007F4342460100A80002
:10A030000000080001000000040000000000000013
:10A04000000000000000000000000000A40000006C
:10A05000FF000100000100004100000000000000BE
:10A0600000000000FFFFFFFFBFF34F8FBFF36F8FB4
:10A0700000F001F8FEDE80B56F4600F002F830BF58
:10A08000FDE780B56F4688B000200421CDE90501C9
:10A0900001210790CDE902101420CFF6FF70049142
:10A0A000019001A800F005F8002804BF08B080BDA9
:10A0B000FEDE2DE9F00F90E8F0074FF0000B00DF17
:10A0C00020462946BDE8F00F7047FEDE6F111F9253
:10A800000000000000000000FFFFFFFFFFFFFFFF50
:10A810000000000000000000FFFFFFFF0900FEFF36
:10A82000001B0020000100007F4342460100A403FA
:10A83000000002000100000000003C0001000000D8
:10A84000000048000200000000000000A00300001B
:10A8500000000100000100005100000000000000A5
:10A860000000000000100240000400000B00000087
:10A87000E8010041F001009FBFF34F8FBFF36F8FDE
:10A8800000F002F8FEDEDEDE80B56F468AB000F032
:10A890004FF900200821CDE9020002A80022002380
:10A8A00005AC009400F069F9002840F0B08041F256
:10A8B000000802ADC4F202084FF6FF7A4FF001091A
:10A8C0000EE001210122002300F068F9284608214A
:10A8D00000220023009400F050F9002840F09780F7
:10A8E000BDF814005045F1D006994A1E042AE8D25A
:10A8F0000799082900F28B80D2B2DFE802F0024B00
:10A900001B3308295ED1029B042B5BD803990FF2FD
:10A910000C0606EB83064822B74600BF00F061B87C
:10A9200000F006B800F074B800F05AB800F054B85F
:10A930004C2256E0082945D1029B042B42D80399AA
:10A940000FF2080606EB83062822B74600F049B846
:10A9500000F006B800F05CB800F038B800F034B889
:10A960002C223EE008292DD1029B042B2AD80399E2
:10A970000FF2080606EB83062822B74600F03AB825
:10A9800000F006B800F044B800F024B800F020B899
:10A990002C222FE0082915D1029B042B12D80399F1
:10A9A0000FF2080606EB83064822B74600F022B8ED
:10A9B00000F006B800F02CB800F01BB800F00EB89C
:10A9C0004C2217E002217DE740220AE0382208E00D
:10A9D00040220FE038220DE0602202E0602209E010
:10A9E000582201F01F0158F8023009FA01F1194309
:10A9F00008E0582201F01F0158F8023009FA01F16D
:10AA000023EA010148F80210002122465BE7FEDE3E
:10AA10004AF6B4314FF06040C0F60001142200F055
:10AA200001F8FEDEB0B502AF002A00F08080CB074F
:10AA300010D00368DB0709D10368DB0704BF036894
:10AA40005FEAC37302D10368DB07F2D011F8013B60
:10AA5000013A037001F00303022B12D1022A55D3ED
:10AA60000368DB0709D10368DB0704BF03685FEAFB
:10AA7000C37302D10368DB07F2D031F8023B023A1C
:10AA80000380002A53D022F0030C5FEA920E16D006
:10AA900000230C4605E054F8045B01337345056060
:10AAA0000DD00568ED07F6D10568ED0704BF056810
:10AAB0005FEAC575EFD10568ED07F2D0EBE702F06C
:10AAC00003026144022A10D30368DB0709D103683B
:10AAD000DB0704BF03685FEAC37302D10368DB07C7
:10AAE000F2D031F8023B023A0380012A18BFB0BD10
:10AAF0000268D20719D10268D20704BF02685FEA70
:10AB0000C27212D10268D207F2D00EE0012A0ED131
:10AB10000268D20709D10268D20704BF02685FEA5F
:10AB2000C27202D10268D207F2D009780170B0BDBA
:10AB300080B56F4688B000200421CDE905010121D0
:10AB40000790CDE902101420CFF6FF700491019018
:10AB500001A800F005F8002804BF08B080BDFEDEA3
:10AB60002DE9F00F90E8F0074FF0000B00DF2046D2
:10AB70002946BDE8F00F7047FEDE2DE9F00F0446D0
:10AB80000D4616461F46089B4FF0010B00DF20467E
:10AB900083E8E003BDE8F00F7047FEDE2DE9F048E2
:10ABA00004460D4616461F464FF0020B00DFBDE877
:10ABB000F088FEDE41484233206E6F74207375705A
:0CABC000706F72746564210AC45F88B86D
:10B000000000000000000000FFFFFFFFFFFFFFFF48
:10B010000000000000000000FFFFFFFF0900FEFF2E
:10B02000001C0020000400007F4342460100D405BC
:10B0300000000F0001000000000000000000000000
:10B0400000003C000E00000074000100D00500006C
:10B050000A00010000040000810000000000000060
:10B0600000000000C2000041CA00009F44010041EE
:10B070004C01009F560100415E01009F6C010041A0
:10B080007401009F84010042880100429001009EEB
:10B090009401009ED6010041DE01009F10000000D7
:10B0A0000100000000000000BFF34F8FBFF36F8F5F
:10B0B00000F018F8FEDE80B56F4688B01420042139
:10B0C000009000200790CDE905010120CDE9031093
:10B0D000684602900020C0F2FF30019001A800F005
:10B0E000FFF9FEE780B56F4688B04BF24C514FF048
:10B0F0006040C0F600011B2200F0D4F8002001904F
:10B1000000F0A9F90446000439D002AD284600F049
:10B1100011FADDE9020242F210714FF08043091882
:10B120004FF0010042F1000200F0F8F9C8F200040B
:10B1300001A804214FF080422346009500F0DDF97C
:10B14000E8B9BDF808004FF6FF71884217D000201B
:10B15000002100224FF08043049C00F0DFF9042C12
:10B1600000D9FEDE04BF0198142808D14BF2BC516F
:10B170004FF06040C0F600011D2200F093F84BF242
:10B1800067514FF06040C0F60001142200F08AF8C9
:10B1900000F08EF94BF27B514FF06040C0F6000199
:10B1A000192200F07FF8012000F039F94BF2945495
:10B1B0004BF2A75602AD1020C0F60004C0F6000600
:10B1C000ADF8080002E000F05BF9C0B94FF0604054
:10B1D0002146132200F066F841F28830002100F089
:10B1E000E7F828460221032200F014F80028EAD0EC
:10B1F0004FF060403146152200F054F8E3E74BF27F
:10B20000D9514FF06040C0F600011E2200F04AF80C
:10B21000FFF751FFF0B503AF2DE9000F8BB00688A3
:10B22000044600250420CDE907504FF0080B3004F8
:10B23000A7F11D0A0130039003A80DF10409CDE91F
:10B2400001120995CDF818A0CDF814B0CDF81090E2
:10B2500000F046F9C0B10DF10C0810F5807F19D34C
:10B260006FF39F26099546EA802604200890300453
:10B270002680013003904046CDE906A5CDE9049B28
:10B2800000F02EF90028E8D159B900200BB0BDE834
:10B29000000FF0BD012818BF02200BB0BDE8000F61
:10B2A000F0BDFEDEB0B502AF002A00F08080CB0713
:10B2B00010D00368DB0709D10368DB0704BF03680C
:10B2C0005FEAC37302D10368DB07F2D011F8013BD8
:10B2D000013A037001F00303022B12D1022A55D365
:10B2E0000368DB0709D10368DB0704BF03685FEA73
:10B2F000C37302D10368DB07F2D031F8023B023A94
:10B300000380002A53D022F0030C5FEA920E16D07D
:10B3100000230C4605E054F8045B013373450560D7
:10B320000DD00568ED07F6D10568ED0704BF056887
:10B330005FEAC575EFD10568ED07F2D0EBE702F0E3
:10B3400003026144022A10D30368DB0709D10368B2
:10B35000DB0704BF03685FEAC37302D10368DB073E
:10B36000F2D031F8023B023A0380012A18BFB0BD87
:10B370000268D20719D10268D20704BF02685FEAE7
:10B38000C27212D10268D207F2D00EE0012A0ED1A9
:10B390000268D20709D10268D20704BF02685FEAD7
:10B3A000C27202D10268D207F2D009780170B0BD32
:10B3B000F0B503AF4DF8048D88B002AC05460E46DB
:10B3C000204600F0B7F8DDE902014FF080432D1868
:10B3D0004FF001004E412946324600F09FF84FF6EB
:10B3E000FF78C8F2000808E0204600F0A3F8DDE985
:10B3F0000201401B71EB06000DD2012000214FF02D
:10B4000040424346009400F078F80028ECD10398BD
:10B41000B0F1FF3FE8DC08B05DF8048BF0BD80B50B
:10B420006F4688B007F81D0C002004210790CDE975
:10B4300005010120CDE90300A7F11D0002900A20BB
:10B44000CFF6FF70019001A800F04AF8002804BF71
:10B4500008B080BDFEDE80B56F4688B000200421B4
:10B46000CDE9050101210790CDE902100B20CFF6AF
:10B47000FF700491019001A800F032F808B080BD7F
:10B4800080B56F4688B000200421CDE90501012177
:10B490000790CDE902100C20CFF6FF7004910190C7
:10B4A00001A800F01DF8002818BF012008B080BDD9
:10B4B00080B56F4688B000200421CDE90501012147
:10B4C0000790CDE902101420CFF6FF70049101908F
:10B4D00001A800F005F8002804BF08B080BDFEDE1A
:10B4E0002DE9F00F90E8F0074FF0000B00DF204649
:10B4F0002946BDE8F00F7047FEDE2DE9F00F044647
:10B500000D4616461F46089B4FF0010B00DF2046F4
:10B5100083E8E003BDE8F00F7047FEDE2DE9F04858
:10B5200004460D4616461F464FF0030B00DFBDE8EC
:10B53000F088FEDE2DE9F00F4FF0090B00DF80E808
:10B54000F003BDE8F00F7047FEDEDEDE5B544553CE
:10B55000545F415D2057616974696E6720666F7240
:10B560002073746174650A5B544553545F415D20D8
:10B5700041637469766174696E670A5B544553541C
:10B580005F415D2053657474696E672068616E6405
:10B590006C65720A5B544553545F415D20763120DF
:10B5A0006F6E6C696E650A5265717565737420748F
:10B5B0006F2042206661696C6564210A5B544553C3
:10B5C000545F415D20476F7420737461746520631C
:10B5D0006F727265636C79210A5B544553545F4105
:10B5E0005D205374617465207472616E7366657258
:0CB5F000696E672E2E2E0A00234F60B3F8
:10B800000000000000000000FFFFFFFFFFFFFFFF40
:10B810000000000000000000FFFFFFFF0900FEFF26
:10B8200000300020000400007F4342460100F40481
:10B8300000001000010000000400000000000000F3
:10B8400000003C000A00000000000000F0040000BE
:10B850000A00010000040000690000000000000070
:10B8600000000000160100411E01009F320100414E
:10B870003A01009F5C010042600100426A01009EA3
:10B880006E01009ED4010041DC01009FFFFFFFFF1D
:10B89000BFF34F8FBFF36F8F00F017F8FEDE80B558
:10B8A0006F4688B00090002004210790CDE9050183
:10B8B0000120CDE90310684602900020C0F2FF305D
:10B8C000019001A800F0ACF9FEE780B56F468AB0A0
:10B8D0000026019600F077F90446000438D004AD44
:10B8E000284600F0D3F9DDE9040242F210714FF06E
:10B8F000804309184FF0010042F1000200F0BAF94C
:10B90000C8F2000401A804214FF0804223460095AC
:10B9100000F093F9E0B9BDF810004FF6FF718842CE
:10B9200016D00020002100224FF08043069C00F03A
:10B93000A1F9042C61D804BF0198152808D14BF651
:10B94000B5414FF06040C0F600011D2200F062F8E2
:10B9500000F04EF9012000F01AF94BF6A4414FF027
:10B960006040C0F60001112200F054F802A808213E
:10B970004FF00042002304ACCDE90266009400F0D1
:10B980005CF9D0BB4BF6D2484BF6E74902AD4FF617
:10B99000FF7AC0F60008C0F600090DE0012101227F
:10B9A000002300F05BF9284608214FF000420023F5
:10B9B000009400F042F900BBBDF8100050451DD0C6
:10B9C00005990129EAD10699082916D8E6D1064633
:10B9D0004FF060404146152200F01CF84FF47A7099
:10B9E000002100F09DF84FF060404946112200F020
:10B9F00011F8304600212246D2E7FEDE4BF6F84130
:10BA00004FF06040C0F600011E2200F003F8152040
:10BA1000FFF745FFB0B502AF002A00F08080CB07EA
:10BA200010D00368DB0709D10368DB0704BF036894
:10BA30005FEAC37302D10368DB07F2D011F8013B60
:10BA4000013A037001F00303022B12D1022A55D3ED
:10BA50000368DB0709D10368DB0704BF03685FEAFB
:10BA6000C37302D10368DB07F2D031F8023B023A1C
:10BA70000380002A53D022F0030C5FEA920E16D006
:10BA800000230C4605E054F8045B01337345056060
:10BA90000DD00568ED07F6D10568ED0704BF056810
:10BAA0005FEAC575EFD10568ED07F2D0EBE702F06C
:10BAB00003026144022A10D30368DB0709D103683B
:10BAC000DB0704BF03685FEAC37302D10368DB07C7
:10BAD000F2D031F8023B023A0380012A18BFB0BD10
:10BAE0000268D20719D10268D20704BF02685FEA70
:10BAF000C27212D10268D207F2D00EE0012A0ED132
:10BB00000268D20709D10268D20704BF02685FEA5F
:10BB1000C27202D10268D207F2D009780170B0BDBA
:10BB2000F0B503AF4DF8048D88B002AC05460E4663
:10BB3000204600F0ABF8DDE902014FF080432D18FC
:10BB40004FF001004E412946324600F093F84FF67F
:10BB5000FF78C8F2000808E0204600F097F8DDE919
:10BB60000201401B71EB06000DD2012000214FF0B5
:10BB700040424346009400F060F80028ECD103985E
:10BB8000B0F1FF3FE8DC08B05DF8048BF0BD80B594
:10BB90006F4688B007F81D0C002004210790CDE9FE
:10BBA00005010120CDE90300A7F11D0002900A2044
:10BBB000CFF6FF70019001A800F032F8002804BF12
:10BBC00008B080BDFEDE80B56F4688B0002004213D
:10BBD000CDE9050101210790CDE902100B20CFF638
:10BBE000FF700491019001A800F01AF808B080BD20
:10BBF00080B56F4688B000200421CDE90501012100
:10BC00000790CDE902101420CFF6FF700491019047
:10BC100001A800F005F8002804BF08B080BDFEDED2
:10BC20002DE9F00F90E8F0074FF0000B00DF204601
:10BC30002946BDE8F00F7047FEDE2DE9F00F0446FF
:10BC40000D4616461F46089B4FF0010B00DF2046AD
:10BC500083E8E003BDE8F00F7047FEDE2DE9F04811
:10BC600004460D4616461F464FF0020B00DFBDE8A6
:10BC7000F088FEDE2DE9F04804460D4616461F46C4
:10BC80004FF0030B00DFBDE8F088FEDE2DE9F00F7A
:10BC90004FF0090B00DF80E8F003BDE8F00F7047BC
:10BCA000FEDEDEDE5B544553545F425D204F6E6C1A
:10BCB000696E65210A5B544553545F425D20476FAE
:10BCC0007420737461746520636F727265636C793C
:10BCD000210A5B544553545F425D20476F742072C4
:10BCE0006571756573740A5B544553545F425D20FA
:10BCF0005265706C6965640A5B544553545F425DDC
:10BD0000205374617465207472616E736665726924
:0CBD10006E672E2E2E0A0000BEA2219CA1
:10C000000000000000000000FFFFFFFFFFFFFFFF38
:10C010000000000000000000FFFFFFFF0700FEFF20
:10C0200000200020001000007F4342460100F8126B
:10C03000000004000100000004003C0001000000BA
:10C04000000048001100000000000000F412000091
:10C05000140001000010000091000000000000002A
:10C0600000000000000000080000100007000000B1
:10C070004003000044030000E40D0000E80D000050
:10C08000EC0D0000800E0000840E0000880E000001
:10C090008C0E0000980F0000B8120000BC120000C7
:10C0A000C0120000C4120000C8120000CC12000030
:10C0B000D0120000FFFFFFFFBFF34F8FBFF36F8F62
:10C0C00000F08CFAFEDE8BB20022B2EB532F07D1C8
:10C0D000DA02C0F6000102F10062C0E9012101228A
:10C0E00002607047F0B503AF4DF8048D0022B2EB4B
:10C0F000512F01BF01F2FF110430425C002A00D031
:10C10000FEDE4FF0010C6FF0080340F2FE38002510
:10C1100040F2FE7E00F801C0C3B14A1E82F0010663
:10C1200001364645ECD8845D84B18555445C002CCD
:10C13000E6D000294554E3D07145E1D85108425C6E
:10C14000002ADDD100F801C00133E5E75DF8048B7A
:10C15000F0BDF0B503AF2DE9E00FD1E90054A7F130
:10C1600026098E688A4680464FF4801BB6F5801FEC
:10C1700011D2E26848462946334600F097F917F88D
:10C18000200C10B117F81F0C48B100F0E0FF064476
:10C19000CAF80860EAE70320A8F8000014E037F8BE
:10C1A000222C4FF4801317F81E0C46F0006102F0A9
:10C1B0001F0288F80C0057F8260C23FA02F2A8E8B0
:10C1C00007009019CAF80800BDE80E0FF0BDF0B5E1
:10C1D00003AF4DF8048D804600680D4688421ED39B
:10C1E00005F01F00012108F1030608F1040C01FA13
:10C1F00000F040F2FF3301184A1E002D08BF012253
:10C20000411E91420AD2994229D2345C0130002C5D
:10C21000F6D000200CF8010001201DE0BDB1691E20
:10C220004046FFF7D4FF90B1D8F80000A84288BF7D
:10C2300005464900C8F80050B1F57F7F09D88A1C2F
:10C2400008F10403985C50B90120985402E00020E2
:10C2500002E0002041F001015DF8048BF0BDFEDE3C
:10C26000F0B503AF4DF804BD044600680D468842A2
:10C270001CD305F01F00012104F1040C01FA00F0A9
:10C2800001184A1E002D08BF0122E61C411E9142E2
:10C290000BD2B1F5FF7F26D8335C0130002BF5D0EF
:10C2A00000200CF8010001201AE0A5B1691E20460B
:10C2B000FFF7D6FF78B12068A84288BF054649003D
:10C2C0002560B1F5FE7F08D88A1C231D985C50B903
:10C2D0000120985402E0002002E0002041F001011A
:10C2E0005DF804BBF0BDFEDEF0B503AF2DE9000F35
:10C2F000ADF2144D0DF10409804609F104000C461D
:10C3000040F2FF3100F0C0FF184EA7F1260A0920C5
:10C310004FF420454FF4801B0190B5F5801F12D2D9
:10C3200000F004FF17F8200C18B100F010FF0544CE
:10C33000F3E717F81F0CA8B9E90A4846FFF7D2FE41
:10C3400005F50065E9E708F1080001A940F204429B
:10C3500000F083FF0448C8E900400DF2144DBDE829
:10C36000000FF0BDFEDE00BFD4D2000847C50008B4
:10C37000F0B503AF2DE9000F93B006462B481044EB
:10C38000B0F5762F50D29346CA6898460BF17843A1
:10C39000A7F152008A46314600F088F837F84E4C33
:10C3A0000DF1200937F8501C17F84A2C37F8520CB9
:10C3B0002346CDE900014846012100F0C5FDDAF829
:10C3C0001C50304659464A462023A84760BBDAF83D
:10C3D00020103046CDF81080884728BB04F01F009D
:10C3E0004FF48011DAF8108021FA00F0DAF8249086
:10C3F00058440394441E0DF1400A5C450DD3504649
:10C4000031462246C047109870B1129D30462946E9
:10C41000C84748B9A4EB1544EFE7DDE903100180F4
:10C4200013B0BDE8000FF0BDFEDE00BF0060FFF7F7
:10C43000F0B503AF2DE9E00F8046B868A7F1260AF2
:10C44000994616460C464FF420454FF4801B0028B1
:10C4500008BFA9F12009B5F5801F16D200F066FECD
:10C4600017F8200C70B117F81F0C58B937F8220CC8
:10C4700045F00061494500F01F002BFA00F008D09C
:10C480000544E8E705F50065E5E70320A8F80000A6
:10C4900009E017F81E1C88F80C1057F8261CC8E98C
:10C4A0000019C8F80800BDE80E0FF0BDF0B503AFE5
:10C4B0002DE9FF0BE9460E460446484620211D465D
:10C4C000904600F0E6FE05F1006130464A46202322
:10C4D000C04770BBBDF81E004FF6FE71022260809F
:10C4E00088424FF6FF7108BF0122401A18BF10465C
:10C4F0002080DDE904100840B0F1FF3018BF0120B2
:10C5000020729DE80F001A40B2F1FF3218BF0122DD
:10C510000840B0F1FF31E27118BF01210130BDF8D0
:10C520001C00A17108BF0920A08008B0BDE8000B65
:10C53000F0BDFEDEE0B502AF80B27A1E002100231E
:10C5400000F0DAFD8CBD80B56F4610461A4600F04B
:10C550007AFE002080BD084611461A4600F09ABDBA
:10C5600000F0B2BD110D802908D806491140D20A49
:10C57000C0F60002C0E90112012100E000210160C3
:10C58000704700BF00F8FF0F80B56F461146FFF7F8
:10C590009AFD80BD80B56F46511EFFF794FD80BDAA
:10C5A00080B56F4688B027F81E1C00200421079034
:10C5B000CDE905010120049002200390A7F11E009F
:10C5C00002900548019001A800F057FD002818BF0F
:10C5D000012008B080BD00BF2400FFFF80B56F467A
:10C5E000ADF5D06DDFF82408112100F065FC4FF0A7
:10C5F000000A0420CDE99CA001209B90CDE9990A76
:10C60000C848CDF878A2989098AE304600F035FD35
:10C61000002840F0FA8300F001FCCDF828A006F1D4
:10C620000809CDE908AA12A808AC00F10408CDF861
:10C63000189020460C2101220023009600F00CFDEA
:10C64000002840F0E28399994FF6FF70BDF860B280
:10C65000834511D09AAB01290DCB18D029291DD0C3
:10C66000142919D015290CD01E290ED028290AD03A
:10C670000A290ED10A2112E0C807DAD000F0CEFB59
:10C68000D7E715210BE0282109E01E2107E0012151
:10C6900005E058460121ACE3142100E029210D28D2
:10C6A00080F0B383012900F020810A2900F0F8808E
:10C6B000142943D0152900F0C0801E2900F0A7805E
:10C6C000282940F0CE800721002840F091831C2AC1
:10C6D000C0F08E834FF42040CDF81CB014904FF082
:10C6E0000009DFF82C074FF0000B0025002600247E
:10C6F0001390781E129098A812A9FFF72AFDBDF892
:10C700006002032800F0F7809DF86C1200296FF09A
:10C710001F0108BF0135012808BF6FF027019A9A51
:10C7200059440128114401F1200B05D199980BF1CE
:10C73000080B0136406A81440134DCE70721012BF4
:10C7400008BF0C2840F05483BAF1000F40F05D831D
:10C7500000F0DEFC9898002800F081809998C007CE
:10C760007DD00A98791EDDE90835DFF8A826059006
:10C77000A7F114009A9C00F0DFFC37F814BCBBF161
:10C78000030F00F05F8228196FF01F01BBF1010F4A
:10C7900008BF6FF0270157F80C2C1144884200F2B3
:10C7A000938200F0BCFC2020BBF1010F08BF2820C1
:10C7B0000026284400EB0905B44240F20D8306F13F
:10C7C00040004FF04009A04288BFA4EB060907993A
:10C7D000B9F1410F80F01983CDF8589098A8CDE9B0
:10C7E000121ACDE9146012A800F01CFC0A460721B9
:10C7F000002840F0F782914540F0F482A81998A9EA
:10C800004A4600F047FC4E440028D5D0E9E204280F
:10C810006FD1BAF1000F40F0F882089B791EDFF863
:10C82000F425CDF800A012A8FFF702FEBDF84800DD
:10C83000032840F07C810421DAE20721012B08BFA4
:10C84000082840F0D582BAF1000F40F0DE8200F0F7
:10C850005FFC989818B19998800700F1E58107214D
:10C8600037E2042845D10C2A43D3BAF1000F40F037
:10C87000CC82089C4FF420401490DFF8940513906C
:10C88000781E129012A93046FFF763FCBDF86002D3
:10C89000032800F0AB81002C00F0AC81013CF1E7F3
:10C8A000042826D1BAF1000F40F0AF82791E30463D
:10C8B000CDF81CB0089DFFF717FDDDE99896A5F1AE
:10C8C0002004F2680DF1480B0120234600905846E1
:10C8D0004946FFF7ADFDBDF84800032840F05F81F1
:10C8E00098AE0421DDF81890F2E1082801D1102A51
:10C8F0001AD207217CE24FF46640CDE90D5BCDE909
:10C9000010904FF476200F90002107981C23CDE95A
:10C910000B460BAA00F0F0FB98AEDDF8189008ACBF
:10C9200087E600BF1400FFFFBAF1000F40F06D82F0
:10C93000791E3046CDF81CB0089CFFF7D5FC04F1F9
:10C940001F004FF0FF31B0FA80F021FA00F0411CD7
:10C95000C80A01284FF0010088BFC80A24F001016D
:10C96000203108BF0120B0F5007F00F23D81002199
:10C970004FF40073013101F01F0223FA02F29042DA
:10C98000F8D94D1E4846092D28BF09252946FFF72D
:10C990001EFC002800F028810DF1480901200C46FA
:10C9A00000904846002100222B4600F0CDFA4FF0BF
:10C9B000FF314FF40070A940E8402144DDE998467A
:10C9C0000131D6F81CC04A46202300FB01FB4FF082
:10C9D000006000EBCB212046E047002840F01582A4
:10C9E000316A20468847002840F00F82099840F2BB
:10C9F000FF11049040464FEACB2400F045FC08208C
:10CA0000A7F114061290CA48204405904FF48010F4
:10CA1000E84028380390C7488146C64800F566407C
:10CA2000814580F01181DFF8E8039490781E93909F
:10CA30004FF42040959093A93046FFF78AFB37F8D2
:10CA4000140C032838D00128F5D157F8106C0423B2
:10CA5000DDE99340D0F80CB006F1200117F8085C2E
:10CA6000CDE996AA96AA2046D847002840F0CD8165
:10CA700006F1240197AA20460423D847002840F055
:10CA8000C4819698411C12D097994A1C0FD04FF63A
:10CA9000FF72A7F1140620EA0202B2F1005F40F033
:10CAA000B4818145C7D308448145C4D23DE0A7F194
:10CAB0001406002DBFD0A8E109F16040FF21012537
:10CAC00040F2FE3C01EB102018F80010002940F065
:10CAD0009C816FF0070108F8005019B3421E82F0E4
:10CAE00001030133B3F5FF7F00F28F8118F8034093
:10CAF000C4B108F803A018F80030002B00F08581BD
:10CB0000002808F800A000F08081604500F27D81D7
:10CB1000500818F80020002A40F0778108F80050EB
:10CB20000131DAE709F5807977E7814675E7BDF8E5
:10CB30004800032800F06981139DA7F11400B54A4D
:10CB4000791E05F17843FFF7B1FC17F80E0C0028A9
:10CB50004ED017F80D0C00284AD117F80C0C0028FD
:10CB600046D137F8121C012237F8103C37F8140C64
:10CB7000CDE900013046002100F0E6F928463146B3
:10CB8000202200F087FA002840F03F8100F09CFA54
:10CB9000002840F03A815846FFF7CCFC49E548466A
:10CBA000314622465B46ADF848A0FFF7E1FBBDF8F1
:10CBB000481098AE98484FF4007201F01F01DDF85C
:10CBC0001890284422FA01F1C40A01EBD025AC42A6
:10CBD00005D248462146FFF785FA0134F7E7079862
:10CBE000FFF7A8FC08AC24E5022171E00821FEE073
:10CBF0000121FDE0DDE99912BDF862322031ADF886
:10CC0000680201286FF01F00ADF86A32989108BFE2
:10CC10006FF02700104499905846002132460C23AB
:10CC200000F06AFA08AC04E5DDE90834A7F1140065
:10CC3000784A791EDDF868B200F07EFA37F8145CA5
:10CC4000032D34D10421D0E0DDF8189012AC4FF45C
:10CC500001722146484600F000FB6E4A791E059B92
:10CC60006B4899902046989100F066FABDF848000C
:10CC700001282BD1049A4FF0FF31501EB0FA80F0FA
:10CC800021FA00F0411C080A01284FF0010088BF7A
:10CC9000080A012A4FF0010198BF084698AE08AC77
:10CCA000DDF81CB0B0F5807F46D90321A0E06FF01D
:10CCB0001F01012D08BF6FF0270157F80C2C04EB62
:10CCC0000B001144884207D905218EE0042198AE5B
:10CCD00008ACDDF81CB08BE000F021FA2020012D1B
:10CCE00008BF2820002520448144AB4540F28780BE
:10CCF00005F140004024584588BFABEB0504412CAA
:10CD000080F0838098AE09EB05012246304600F0A2
:10CD10009AFA0798CDE91564CDE913A5129012A8E7
:10CD200000F08DF910B925448C42DED0072159E07E
:10CD300020000008001A002000214FF48075013106
:10CD400001F01F0225FA02F29042F8D94C1E082089
:10CD5000082C28BF044648462146FFF781FA0028E0
:10CD600051D04FF0FF3225FA04F0A24011440131B6
:10CD7000DDF81490042348434FF0005101EB0020EC
:10CD8000049093904FF4803020FA04FBDDE998453D
:10CD9000EE69494647F814BC93AA2046B047A0BBA9
:10CDA00009F10401A7F1140220460423B04760BB37
:10CDB000296A2046884740BB049800219A90102396
:10CDC0000398999005989890CDF86CB2079898AE12
:10CDD000324600F091F9A0E5059880B100F074F9B1
:10CDE00068B1062198AEDDF81890DDF81CB008ACEB
:10CDF00058460122002300F07FF9FFF71ABC07987C
:10CE0000FFF798FB88E5032161E7FEDEACD200085E
:10CE1000D4D2000847C50008E0FFFFF7F0B503AF24
:10CE20002DE9F80F2048142100F046F8204DA7F115
:10CE30002A08A7F11D064FF420444FF0000B4FF4D1
:10CE40008019BBEB145F25D1404631462A46234664
:10CE5000FFF72CFB17F8240C60B117F8230C37F8F8
:10CE600026AC68B1134944F0006204AB3046FFF7CA
:10CE70007FFA09E017F8230CA0B904F50064E0E795
:10CE800017F8220C0028EDD00AF01F0029FA00F054
:10CE90000444D6E705481E2100F00EF805B0BDE8B1
:10CEA000000FF0BDFEDE00BFBDD20008FCD20008BE
:10CEB00047C50008D4D20008F0B503AF4DF804BD53
:10CEC000C2070AD04FF060421368DB07FCD010F8AD
:10CED000012B01394FF060431A7000F00302022A5F
:10CEE00006D14FF060421368DB07FCD000F028F950
:10CEF00031B38A0800234FF060440546934206D0C0
:10CF00002668F607FCD040CD01332660F6E721F015
:10CF1000030201F003011044022906D34FF06042DE
:10CF20001368DB07FCD000F00BF9012908D14FF0A2
:10CF300060410A68D207FCD000784FF06041087069
:10CF40005DF804BBF0BDDEDEF0B503AF2DE9000FE8
:10CF500089B001AD92460C46804628461C21FF222E
:10CF600099464FF0FF0B00F08AF9154E2846002134
:10CF70000122B047284608212246B0472846102102
:10CF80005246B0473889ADF8209028B1012805D124
:10CF9000FF204FF0FE0B06E0FF2004E0D7F80CB0B6
:10CFA0001FFA8BF0000A8DF8230040468DF822B05E
:10CFB00001A9202200F047F909B0BDE8000FF0BD3B
:10CFC000C5CF0008D0B502AF0844013A0023082BB2
:10CFD00005D0CC181F2C03D8C2540133F7E7D0BDBD
:10CFE000FEDEDFB506AF044690B201AA00F00DF8F0
:10CFF000019808B1002006E0DDE9020100F003001D
:10D00000C4E9010101202060DFBD2DE9700804465C
:10D010000D464FF0060B00DF82E87000BDE8700897
:10D020007047FEDE2DE9F00990E8F0014FF0040BA7
:10D0300000DF20462946BDE8F0097047FEDE2DE9F5
:10D04000F00990E8F0014FF0050B00DF204629467B
:10D05000BDE8F0097047FEDE2DE9F00F04460D46ED
:10D0600016461F46089B4FF0010B00DF204683E861
:10D07000E003BDE8F00F7047FEDE2DE9F00F90E809
:10D08000F0074FF0000B00DF20462946BDE8F00F07
:10D090007047FEDE80B56F4688B000900020079094
:10D0A0000420CDE90500684604900648CDE9021247
:10D0B000019001A8FFF7E1FF002818BF012008B088
:10D0C00080BD00BF1F00FFFF80B56F4688B0002005
:10D0D0000421CDE9050101210790CDE902100548A1
:10D0E0000491019001A8FFF7C8FF002818BF012094
:10D0F00008B080BD2000FFFF2DE9F04804460D4632
:10D1000016461F464FF0020B00DFBDE8F088FEDE3A
:10D11000304600215A46CDF81CB0FFF762BF3046BA
:10D120004021FF2257F8109C00F0A9B85046214634
:10D1300032462B46FFF7BAB9CDF800A0FFF778B911
:10D1400030F8022B02394FF060431A80704737F8ED
:10D15000220C00F01F002BFA00F07047F0B503AF6F
:10D160002DE90007102A08D300F095F8A64206D250
:10D1700013F8015B06F8015BF8E7034629E0A2EB30
:10D18000080C88442CF0030E04EB0E035FEA887150
:10D1900015D0182101EAC8090021A1EBC80101F04E
:10D1A000180A28F003010D1D09689C420DD221FACE
:10D1B00009F602CD01FA0AF2324304C4F5E741460A
:10D1C0009C4202D204C904C4FAE708EB0E010CF039
:10D1D00003021A44934204D211F8014B03F8014BA5
:10D1E000F8E7BDE80007F0BDF0B503AF4DF804BDAA
:10D1F000102A09D34342054603F0030403199D4254
:10D2000004D205F8011BFAE7054612E0121BCCB266
:10D210000825202D04D204FA05F66D003443F8E702
:10D2200022F003051D44AB4201D210C3FBE702F01C
:10D2300003022A44954202D205F8011BFAE700F0E6
:10D2400032B8FFF78BBFFFF7FCBF032A98BFFFF789
:10D25000F8BF08C9043A08C0F7E7FFF7F6BF0B4666
:10D2600011461A46FFF7C0BFD2B24FF00133534305
:10D27000032998BFFFF7F3BF08C00439F8E7FFF7A9
:10D28000F3BF0022FFF7F0BFFFF7FBBF0022FFF75D
:10D29000EBBFFFF7FBBF4342064603F003080B4614
:10D2A00000EB080470475DF804BBF0BD5B53544FBE
:10D2B000524147455D2048656C6C6F210A5B5354B1
:10D2C0004F524147455D20416E616C797A696E67C6
:10D2D0000A00000000000000000000000100000043
:10D2E00047C5000865C5000889C5000895C5000840
:10D2F00057C5000861C50008A1C500085B53544F1D
:10D30000524147455D20416E616C797369732063BA
:10D310006F6D706C65746564210A0000AF8B6EBB25
:10E000000000000000000000FFFFFFFFFFFFFFFF18
:10E010000000000000000000FFFFFFFF0800FEFFFF
:10E0200000340020000400007F4342460100300C11
:10E03000000003000100000000003C00030060003D
:10E0400002007000030000007C0001002C0C0000A6
:10E050000A0001000004000089000000AC0B000071
:10E060008000000000440040000400000B0000009D
:10E0700000000048000400000B0000000000024007
:10E08000000400000B00000010000000020000006F
:10E090002600000001000000F8060000FC06000059
:10E0A000E80700000200000001000000010000007D
:10E0B000BFF34F8FBFF36F8F00F03EF8FEDEDEDE62
:10E0C00080B56F4688B00120042200900021CDE980
:10E0D00003206846029004480791CDE9051201909B
:10E0E00001A800F008FDFEE70000FF0380B2012256
:10E0F000002300F00DBDE0B502AF80B27A1E002112
:10E10000002300F005FD8CBDE0B502AFBC1E02206F
:10E1100027F8020C1921204600F03AFC20460D2178
:10E1200000F036FC2046192100F003FC20460D21AA
:10E1300000F0FFFBFFF7C4FF80B56F4698B0CE4DEF
:10E1400000264FF0010B4FF00409681C03960A9655
:10E15000CDE90869CDF81CB0CDE905B6049004A856
:10E1600000F0C9FC044600044FF0010825D00DF171
:10E170001008404600F0B4FCDDE9041242F21070D1
:10E180004FF08043091842F10002012000F08BFC9F
:10E19000CDF80080C8F2000403A804214FF08042AB
:10E1A000234600F08CFC30B9BDF810004FF6FF712B
:10E1B000884240F0BE804FF0010805F10A00CDE929
:10E1C0000996CDE907B6CDE905B6049004A800F09C
:10E1D00092FC002840F0B7800DF14C09012000218D
:10E1E00004228DF84C000A91CDE90812CDE9060011
:10E1F000CDE9045904A800F07EFC002840F0A3807B
:10E2000002200D21ADF8100004A800F044FB002806
:10E2100040F0998004A80D2100F0E2FB002840F0B6
:10E22000928096490120086040F2B620C8600868D4
:10E2300040F008000860086840F004000860022010
:10E240001D21ADF8100004A800F025FB00287AD1AC
:10E2500004A81D2100F0C4FB002874D14FF09040A9
:10E260000A22016862F3071101608548772201687C
:10E2700062F30F21016002201921ADF8100004A8FB
:10E2800000F009FB00285ED104A8192100F080FBF2
:10E29000002858D104A8192100F0A2FB002852D16F
:10E2A000784A0221D06E20F00100D0664FF4801031
:10E2B0005060D2F8A80061F31750C2F8A8006F4868
:10E2C000012124305067DFF85804906780201067E0
:10E2D000D06E20F01000D066D06E40F44050D06672
:10E2E000D06E40F02000D066D06E20F44070D06632
:10E2F000D06E20F44060D066D06E40F08000D066D2
:10E30000D06E40F00E00D066D06E40F00100D066B6
:10E31000012000F009FC0220012100F005FC002092
:10E32000CDE909800490DFF8FC03C10712D1112167
:10E330001DE00020002100224FF08043069C00F0E9
:10E34000B2FB052C00D3FEDEB4F1040818BF4FF079
:10E35000010832E74FF060400168C907FCD04FF078
:10E3600060405B2101701021DFF8B803013000F03C
:10E370000302022A06D14FF060421368DB07FCD08B
:10E3800000F011FC8A0800234FF0604405469342D8
:10E3900006D02668F607FCD040CD01332660F6E7AC
:10E3A00021F0030201F003011044022906D34FF0CB
:10E3B00060421368DB07FCD000F0F5FB012908D1AF
:10E3C0004FF060410A68D207FCD000784FF06041FE
:10E3D0000870D54E00200DF13C0B4FF6FF751190E3
:10E3E000CDE90F000120029058460C21324600234F
:10E3F000CDF8009000F063FB0028A4D1BDF84C409C
:10E40000DDF850A0AC423FD0AAF10101042980F010
:10E41000938015980D2896D2C9B2179ADFE801F0BB
:10E4200002D68FAE0221012A08BF002840F0E88002
:10E43000BDF8381022460A9800F078F9002800F05C
:10E44000DE8000F090FB1398002800F0D88014982C
:10E45000C0071CBF1598002800F0D180AE4A116893
:10E4600041F0800111600021ADF83840CDE90B107A
:10E4700001200D910A90B7E70A00FFFF0044004019
:10E480002000004800000240BAF1000F00F1418175
:10E490005FEA0A4008D5049830B1002003210490B7
:10E4A000BDF82000FFF722FE5FEACA7000F0EB80A3
:10E4B0009948D0F81C805FEA086040F1BE800A9855
:10E4C000002800F0BA8000220B9907F8152C0122D1
:10E4D0001792A7F115024846BDF83840DDF8349090
:10E4E0005D46CDE915928346CDE9134100F0C1FAAE
:10E4F00081F00101084340F08980874917F8150C25
:10E50000886209F101000C99D946AB460D9088420A
:10E5100040F093808049086820F080000860002067
:10E520000A90049820B1BDF82000844200F0858054
:10E530002046FFF7E0FD80E02046012161E0022156
:10E54000012A08BF04285BD1002000287FF4FBAE1D
:10E5500000F00EFB51D000F006FB139800284ED0BF
:10E56000149880074BD5159A002A48D00F98214659
:10E57000009004A8002300F0E4F835E70221022A05
:10E5800008BF04283CD1002000287FF4DCAE00F056
:10E59000EFFA32D0BDF8381022460A9800F0C6F8DB
:10E5A00058B3DDF83C80B8F1000F0BD000F0DBFA77
:10E5B000139838B11498C0071CBFDDF854A0BAF105
:10E5C000000F7ED102214FF6FF7519E00221012ACA
:10E5D00008BF002814D100F0CBFA0ED000F0C3FA27
:10E5E000139860B11498800709D5159A3AB104A818
:10E5F0002146002300F0C8F8F6E6012100E00221E0
:10E6000020460122002300F083FAEDE64249086823
:10E6100020F080000860BDF8201000200A900498C7
:10E62000611A18BF0146002808BF01460491204620
:10E630000221FFF75BFDD946AB465FEAC8600CD507
:10E640003648006F411E7F2904D2C0F1800104A822
:10E6500000F0BAF83048102101625FEA887008D5EE
:10E66000029800283FF46FAE2B480221016200207F
:10E6700002905FEA08703FF566AE0120012100F0CC
:10E6800053FA4FF6FF755FEA8A707FF5ADAE234807
:10E690000068410204D4810206D400020CD552E67F
:10E6A00040214FF4800002E080214FF400101B4A0B
:10E6B000506004A800F088F80220012100F034FA2C
:10E6C00092E648460121224600F0B2F9139800284C
:10E6D0003FF478AF149880077FF574AF159A002A3D
:10E6E0003FF470AFCDF8008004A82146012300F06C
:10E6F00028F809494FF6FF75086840F08000086067
:10E700000020ADF838400D90CDE90B0A01200A90A9
:10E710006AE6FFF7F9FC00BF004400400000024039
:10E7200000340020C0EB0008038000805140B0FAA4
:10E7300080F040096FF39F21B1FA81F14909084344
:10E740007047F0B503AF2DE9FC07044668469846CC
:10E7500091468A4600F0C4F9204651464A4643464F
:10E76000DDE9005600F010F8B8684FF40043401996
:10E7700046F10002411C42F10002012000F093F931
:10E7800006B0BDE80007F0BDD0B502AF01820021A0
:10E790000124C0E90221C0E900430A488168490612
:10E7A0000FD4016841F480710160816841F001017A
:10E7B0008160816841F040018160016841F0100191
:10E7C0000160D0BD00440040B0B502AF05464069CD
:10E7D00081421BD00C4606D9812C18D20C49221A32
:10E7E000014428460FE0802808D081280FD208492C
:10E7F000C0F180020144284600F00CF8812C06D2BA
:10E8000003492846224600F005F86C61B0BDFEDEE3
:10E8100000340020F0B503AF4DF8048D86B00446F7
:10E82000006818B3208A1546E668D4E901280491E7
:10E8300001A945C1A8EB0600A84238BF05460595C9
:10E8400001A800F023F958B98D4209D1A819E06058
:10E8500040450BD1204600F00DF8FFF74CFC05E0D9
:10E86000204600F007F80221FFF740FC06B05DF8F3
:10E87000048BF0BDB0B502AF044600200021002299
:10E880004FF40043002500F00EF92068256008B120
:10E89000208AB0BDFEDEF0B503AF2DE9000F8BB0CE
:10E8A000044603A800F01FF800F084F918D000F027
:10E8B00045F900F069F9013000F04DF930B1024638
:10E8C00010F5807F05D300F064F9F2E751B900201C
:10E8D00006E01046022A18BF0320012A08BF10468E
:10E8E00000F05DB9FEDEC9B20D291DD00E2919D088
:10E8F0000F2909D019290DD01A2907D01D290CD1AB
:10E9000000214160012112E013210EE0012141604C
:10E9100000210CE00021416009E005210170022185
:10E9200041607047122100E0112141600321017014
:10E930007047F0B503AF2DE9000F8BB0044603A874
:10E94000FFF7D1FF9DF80C0005281CD00499A7F112
:10E950001D0A26880DF104090DF10C0800254FF061
:10E96000080BCDE9010100F00FF9023000F0F3F8D7
:10E9700040B110F5807F06D36FF39F2646EA8026CC
:10E980002680F0E719B90BB0BDE8000FF0BDFEDE40
:10E99000F0B503AF2DE9000F8BB0044603A8FFF7D5
:10E9A000A2FF00F007F918D000F0C8F800F0ECF86A
:10E9B000033000F0D0F830B1024610F5807F05D367
:10E9C00000F0E7F8F2E751B9002006E01046022A0D
:10E9D00018BF0320012A08BF104600F0E0B8FEDE91
:10E9E000F0B503AF2DE9000F8BB0044603A8FFF785
:10E9F0007AFF00F0DFF818D000F0A0F800F0C4F8BB
:10EA0000043000F0A8F830B1024610F5807F05D33D
:10EA100000F0BFF8F2E751B9002006E01046022AE4
:10EA200018BF0320012A08BF104600F0B8B8FEDE68
:10EA3000DFB506AF044690B201AA00F00DF80198C8
:10EA400008B1002006E0DDE9020100F00300C4E99E
:10EA5000010101202060DFBD2DE9700804460D464C
:10EA60004FF0060B00DF82E87000BDE870087047C9
:10EA7000FEDE2DE9F00990E8F0014FF0040B00DF15
:10EA800020462946BDE8F0097047FEDE2DE9F00971
:10EA900090E8F0014FF0050B00DF20462946BDE865
:10EAA000F0097047FEDE2DE9F04804460D46164693
:10EAB0001F464FF0030B00DFBDE8F088FEDE2DE9B6
:10EAC000F00F04460D4616461F46089B4FF0010BFB
:10EAD00000DF204683E8E003BDE8F00F7047FEDE6C
:10EAE0002DE9F00F4FF0090B00DF80E8F003BDE8DF
:10EAF000F00F7047FEDE2DE9F00F90E8F0074FF0C1
:10EB0000000B00DF20462946BDE8F00F7047FEDE0F
:10EB10002DE9F04804460D4616461F464FF0020BFD
:10EB200000DFBDE8F088FEDE2DE9304804460D46E2
:10EB30004FF0070B00DFBDE83088FEDE2688A7F126
:10EB40001D0A0DF104090DF10C0800254FF0080B0A
:10EB5000CDE90110704703904046CDE906A5CDE907
:10EB6000049BFFF7C8BF484600212246FFF760BF5D
:10EB70004DF808EDBDF8281022460698FFF7D6FD9F
:10EB800000285DF808EB70470420099508903004D0
:10EB900070476FF39F2646EA8226268070470BB0A7
:10EBA000BDE8000FF0BD30F8022B02394FF0604392
:10EBB0001A8070479DF80C10049805297047DEDE16
:10EBC0005B5541525476315D204F6E6C696E652104
:10EBD0000A000000AAAAAAAAAAAAAAAAAAAAAAAA33
:10EBE000AAAAAAAAAAAAAAAAAAAAAAAAAAAAAAAA85
:10EBF000AAAAAAAAAAAAAAAAAAAAAAAAAAAAAAAA75
:10EC0000AAAAAAAAAAAAAAAAAAAAAAAAAAAAAAAA64
:10EC1000AAAAAAAAAAAAAAAAAAAAAAAAAAAAAAAA54
:10EC2000AAAAAAAAAAAAAAAAAAAAAAAAAAAAAAAA44
:10EC3000AAAAAAAAAAAAAAAAAAAAAAAAAAAAAAAA34
:10EC4000AAAAAAAAAAAAAAAAAAAAAAAAAAAAAAAA24
:08EC5000AAAAAAAAA0291372C6
:020000040801F1
:100000000000000000000000FFFFFFFFFFFFFFFFF8
:100010000000000000000000FFFFFFFF0700FEFFE0
:1000200000380020000800007F4342460100EC1C1D
:1000300000000500010000000400000000000000B6
:1000400000003C00100000007C000200E81C0000E2
:1000500015000100000800009900000000000000E9
:10006000000000005C140000601400006414000034
:10007000681400006C140000701400007414000078
:10008000781400007C140000801400008414000028
:10009000881400008C14000090140000D01B000095
:1000A000141C00000400000001000000010000001A
:1000B000030000000100000001000000FFFFFFFF3F
:1000C000BFF34F8FBFF36F8F00F09CFAFEDEDEDED2
:1000D00080B56F4688B00120042200900021CDE950
:1000E00003206846029004480791CDE9051201906B
:1000F00001A801F08FFCFEE70000FF03D0E9003209
:100100009A421FBF591C01601844017AD01A18BFC7
:1001100001207047D0E930239B1A03F00F038B4274
:1001200081BF114401F00F0101EB410100EB81009F
:1001300082BF012141727047FEDEB0B502AFD0E947
:100140002034A34202D21B1B7F3303E086BFE5436A
:100150002B447F239A4238BF13461A466AB1802C3B
:100160000DD211F8015B013A0555D0F884400134F5
:1001700004F07F04C0F88440F0E71846B0BDFEDE0E
:1001800088423EBF401A0F30704792BF0F20C943CC
:1001900008447047F0B503AF4DF804BDD0E92056D0
:1001A0006C18751B05F07F05691A8B4238BF19461C
:1001B0000B463BB104F07F04013B055D013402F8BE
:1001C000015BF6E708465DF804BBF0BD01F07F4235
:1001D000B2F1006F07D0B2F1005F0CD14FF4B272F0
:1001E0004FF0604303E04FF4B0724FF07843805813
:1001F000194408447047FEDEF0B503AF2DE9800FC7
:1002000000F1D00B1E4691460C4605464FF0000A01
:1002100054451AD901F01FFCA8B9D5F85C018642F3
:100220001ED3884609EB0001321A5846FFF785FFB6
:10023000D5F85C11C2440844C5F85C01B042E7D16E
:1002400001F009FC18B1022007E0012005E001EBF4
:100250000A00001BB0FA80F04009BDE8080FF0BDAD
:10026000FEDEDEDE064A1040CAB2104401F400622F
:1002700001F4774140EAC23040EA0110704700BF04
:10028000008FF0FB4FF4E0624FF4006102EA1012BD
:10029000C3B201EAD0311A4411444FF4704202EA69
:1002A000101008447047F0B503AF2DE9000FA7B058
:1002B000CDE90523064607A88A46802101F089FC7E
:1002C000BAF1000F36D0D6E954B00DF11C08D6F8BB
:1002D00058510024049006F1D00003900498AAEB32
:1002E0000403A0EB0B0000F07F00984238BF0346E8
:1002F0000BB3039800214246FFF74CFF8146584458
:1003000000F07F0B0598069A4346D0E90101C6F834
:1003100050B1CDE900922A4600F0B0F868B94D44DA
:1003200000204C44B9F1000FC6F8585106D054458E
:10033000D4D303E00024002000E00120214627B0B0
:10034000BDE8000FF0BDE0B502AF0022D030019251
:1003500001AA0423FFF71EFFBDF80400BDF8061034
:1003600041EA00408CBDB8B503AFADF80020120CD7
:1003700027F80A2CA7F10A03D0F85021D0301144F5
:100380000022022A02D001F07BFBFAE702310022B0
:100390006B46022A02D001F073FBFAE7B8BDB0B594
:1003A00002AF0278C9B28C234A400021082907D243
:1003B00083EA5204D50708BF540801312246F5E705
:1003C0000270B0BDF0B503AF2DE9C00B8146A1F1BD
:1003D0000108A7F1190600200D464C4607F8190C34
:1003E000012D07D08DB114F8011B3046FFF7D7FF60
:1003F000013DF5E719F8080017F8191C081A18BF8D
:100400006FF01D00BDE80C0BF0BDFEDEF0B503AFD4
:100410002DE9000F8FB00446406801AEBD6823C6C9
:100420000120A7F11D0B26890DF10409CDE9052353
:100430004FF0000A049007AD4FF00C0801200D901A
:1004400004A80C903004143007902846CDE90ABA6D
:10045000CDE9089801F0DEFA40B110F5807F08D3AD
:100460006FF39F2646EA80262681E7E729B9002018
:1004700000E0E6200FB001F00EBBFEDEF0B503AFEA
:100480002DE9E00FD7E902561C468A4681464FF017
:10049000000B4FF000080292454514D07068032805
:1004A00020D814F80810315470680130706080074B
:1004B00006D150463146042200F015F8C6F804B0C3
:1004C00008F10108E8E7029900200090484622461A
:1004D0002B46FFF79BFFC0B2002818BF0120BDE8E4
:1004E0000E0FF0BDFEDEF0B503AF4DF804BD0124E4
:1004F00093074FEA920318BF04EB920304680025A8
:100500004BB12E1D0AD0964208D84D59013B6C4084
:1005100004603546F4E75DF804BBF0BDFEDEDCB5F3
:1005200004AF14460A46416891420ED90421009353
:1005300027F80A1C23460168A7F10A0001F063F9B5
:10054000B0FA80F04009C000DCBD0020DCBDE0B5A1
:1005500002AF07F8011C791E012201F001FA002800
:1005600018BF4FF0FF308CBD80B56F4601F0F8F931
:10057000002818BF4FF0FF3080BDF0B503AF2DE964
:10058000000F91B004464CF2503007F8591CA7F107
:10059000590102900220069001202688A7F11D0B28
:1005A000CDE907230DF1080905904FF0000ACDE9C8
:1005B000030109AD4FF0040802200F9003A80E902C
:1005C0003004043009902846CDE90CBACDE90A98E8
:1005D00001F020FA40B110F5807F08D36FF39F2619
:1005E00046EA80262680E7E759B9002105E04FF06A
:1005F000FF31032808BF6FF01801084611B001F061
:100600004ABAFEDE80B56F46ADF5826DEE48002633
:1006100001254FF00409013012969196CDE98F69BA
:100620008E95CDE98C568B908BA801F0F3F904469A
:10063000000423D00DF50B78404601F0E0F9DDE928
:100640008B1242F210704FF08043091842F1000201
:10065000012001F0B7F9CDF80080C8F2000412A81B
:1006600004214FF08042234601F0B8F930B9BDF8BB
:100670002C024FF6FF71884240F0EB86D24C9196E7
:100680008EA880E8600204F10A00CDE98C568B90B8
:100690008BA801F0BFF9002840F0E58601F0E2F9EF
:1006A0000DF50B7B8DF8BC50CDF844A2CDE98FA899
:1006B0005846CDE98D552FAECDE98B4601F0AAF90C
:1006C000002840F0D08603200F21ADF84C00DFF861
:1006D000B80D01F042F806F1D000069026A84FF0C0
:1006E000020900F10801053007910B90BDF84C405C
:1006F0000DF14E00ADF84EA0CDF8C490CDE92F908D
:100700009195CDE98FA6E9A88E90200402308B90B8
:100710005846CDE98C5A01F07DF938B110F5807F4B
:1007200028D301F0A4F9ADF84C40E9E7002940F0E6
:100730009A86DFF85C0D1B2101F00FF89DF84E4002
:10074000A4F1CA00042800F2C18105FA00F010F0FB
:10075000130F00F0BB810DF14E06002001218DF832
:100760002C02C9070CD0315C5846FFF718FE012057
:100770000021F6E7DFF8140D142100F0EEFFA5E1EB
:100780009DF84F009DF82C12814240F09F81482037
:1007900000268DF830028D488DF832628DF8314296
:1007A0008B908DF8A463062E06D01BF80610E9A8DE
:1007B000FFF7F5FD0136F6E79DF8A40307228DF853
:1007C00032028B982F90DDF82F02CDF8BF0013A8CE
:1007D0002FA901F0C5F8002840F04586DFF8B40CD9
:1007E0001E2100F0BAFFCA2C0BD0CB2C26D1ADF8BD
:1007F000E483F9A9584601F03DF88B9800B3E6264A
:100800005BE114AC3D21204601F0E3F913A801217E
:1008100022463D23FFF7B1FE0646000640F04F8119
:1008200000248DF8A4432FAE3C2C00F0E18014A8E6
:10083000015DE9A8FFF7B3FD0134F5E7E32641E1E7
:100840008C9E14AC4FF000080D96B04500F020814E
:10085000F9A95846424601F048F8BDF83402032889
:1008600000F0018608F101080128EED1CDF844809E
:100870002146DDE98B08DFF8202CCDE91408E9A832
:1008800000F034FEE99E002E00F0AE80EA9C58464F
:100890003146224600F062FE01F0C9F840F00681C0
:1008A000DDF8390231460F9058462246CDF8408097
:1008B000BDF8378200F077FE01F0B9F840F0F6801D
:1008C000DDF8310221460E90304600F0DFFEC00711
:1008D00040F0EC800DF50B790C46112102264846BC
:1008E00001F077F904F00105109CADF8C4804FF0D9
:1008F0000408309600262F962FA8FFF7FFFBC007AD
:1009000005D0112E00F0AF8501F09FF8F4E70F98A5
:10091000CDE92FA831902FA800F013FFC00705D014
:10092000112E80F0A08501F090F8F4E7CDE92FA812
:1009300031942FA800F005FFC00705D0112E80F0DC
:10094000928501F082F8F4E70BEB060ACDF8C0803F
:100950004FF000080E98CDF8BC8031902FA806EB20
:10096000080400F0EEFEC00709D0112C80F07B8552
:100970000AF8081009F1010908F10108EEE7022060
:100980004FF0000AADF8C45001253090CDF8BCA05E
:100990002FAE3046FFF7B2FBC00706D0112C80F017
:1009A000628509F8011B0134F3E700244FF00209C6
:1009B0008DF8BC40102C0BD01BF804103046FFF70C
:1009C000EEFC0134F6E700BF0A00FFFF4F4C4C4538
:1009D0009DF8BC0059468DF83C0213A81122FFF780
:1009E000C3FD14AC000665D10D9EDDF844802CE7F4
:1009F0009DF88C009DF8A413814247D13146DFF861
:100A00009C6A3C2030905846324614AC2F9400F03B
:100A10006DFD8B9800284BD03C203246CDE9244018
:100A200024A9584600F062FD8B9C002C40D0DDF8D4
:100A30003092584621464A4600F090FD00F0F7FFFC
:100A400020D1BDF84F02214611904A46DDF84902F7
:100A50000F90BDF845020E90BDF841021090584627
:100A6000BDF83D6200F07AFD00F0E1FF0AD1584682
:100A700021464A460D96DDF8336200F094FD00F001
:100A8000D6FF34D0E4264FF0020918E0E22616E043
:100A9000ADF82CA213A859460222FFF765FD0646C1
:100AA00000064FF0040808BF002606E0E42602E036
:100AB000E42604E0FF264FF00408300606D0F0B22A
:100AC000FF2803D013A83146FFF741FDD748CDE9F1
:100AD000908A02308B905846CDE98E5ACDE98C5AD7
:100AE00000F098FF002840F0C8842FAEFEE558467D
:100AF00021464A46DDF8318200F030FD00F097FFD4
:100B000003D0E4264FF00408BDE7DDF851020424C9
:100B1000CDE9E9684FF004080C902FAE4FF00209C0
:100B20001020CDE9908ACDE98E6008208D90E9A84B
:100B30008C902004013000F09FFF28B110F5807FD9
:100B400032D300F094FFEBE7102940F08C84DDE90C
:100B50002F200B99099031980890100E8870100A78
:100B600008800A928DF89C2013A826903C22ADF8AC
:100B7000A040CDF8A4A029A814AC2146FFF7B3FCEF
:100B8000CDF800A026A8002122463C23FFF73EFC1A
:100B90000646000640F09E8126980221FFF7D7FC0A
:100BA00000060CD0FF2695E100F028FE00F00E00B4
:100BB0006FF01906022808BF6FF01A067FE7DFF80A
:100BC000E0081C2100F0C9FD5846412101F001F860
:100BD0000F983C240E99800000EBC1000D99084449
:100BE000DDE91021114401EB410100EB81004028B7
:100BF0004FF0400938BF8146119458B3109009F165
:100C000001042698A0215A462346FFF7B6FC064663
:100C1000000640F05D8158462146FFF7D3FB0646AB
:100C2000000640F0558129A859464A46FFF75BFC6B
:100C3000CDF800A026A8119C5A464B462146FFF746
:100C4000E5FB0646000640F0438110984C44A0EBBB
:100C50000900CCE7009526A8214601220023FFF7D2
:100C6000D5FB06460006DDE909104FF0020940F009
:100C70003181CDE92B011721DFF8280800F06DFD47
:100C8000DFF814282BA9584600F030FC8B9860B18F
:100C90008C99CDE92D011621DFF80C0800F05DFDDF
:100CA00000F0C9FE00F0C3FE01D0E42612E1DDF839
:100CB000390207990F90BDF837020E905846BDF8DB
:100CC0004F6200F0D7FD8B9808B1E62602E18C98C0
:100CD0000022109006EB4600800005960990002047
:100CE0000D901098824280F098800799584691465E
:100CF00000F0FBFD8B99BDF834228D980E46032A37
:100D000004BF6FF01906104680B2032800F09080EF
:100D100000F08E80032A18BF0C0AF1B24A4641EA5D
:100D200004260A9909F101028E42DAD00128D8D1AD
:100D300003922FA8282100F04CFF4FF028090798B4
:100D4000CDF8009031462FAE0022334600F05BFD17
:100D5000002840F0A480DFF844275846CDE9E9692F
:100D6000E9A900F0C3FB8B99002900F094808C9ACC
:100D7000584600F0F3FB9DF82C0205990F9A0028C5
:100D8000DDE90D6340F08780DDF839020490BDF89D
:100D90003702984203D10498904280F09880B0B214
:100DA000884238D20E440D9600214FF0FF36099844
:100DB000884230D0894600F03EFE00F038FE6AD10D
:100DC000BDF84F020136864265D200F034FE00F0D5
:100DD0002EFE60D1BDF84D020C23CDF834A209EBF4
:100DE0000001DDE92D02D2F80CC05A46CDE98BAAEC
:100DF000E047C0B208284ED1DDE98C1011B1049A49
:100E00008A424AD34946002809F10C01CFD0049AFE
:100E10008242CCD941E0039A63E70D984FF0020972
:100E2000059980B2884207D0EA2653E00A00FFFF06
:100E300030064FF002094DD1DDE92D1229982A9094
:100E4000584600F0D6FB00F0F2FD7FF42EAFDDE94E
:100E50002D1258468C9C00F081FB00F0E8FD7FF4D9
:100E600024AFDDE92D1258460125DDF8336200F08C
:100E700075FB00F0DCFD0AD1DDE92D12DDF8490239
:100E80001090584600F0B5FB00F0D1FD09D0E426E3
:100E900000F0E8FD1EE0E4261AE0E92618E0E62668
:100EA00016E0DDE92D125846DDF8309200F0A1FB86
:100EB00000F0BDFD07D1DDE92D12584600F073FBAF
:100EC00000F0B5FD25D0E42600F0CCFD00E0EB26D7
:100ED0004FF00209BDF8A04027982F90CDF844A20A
:100EE000CDE98FA8E9A8CDE98D802FA88C902004AA
:100EF0000A3000F0C1FD40B110F5807FC0F0B38230
:100F000000F0B5FDADF8A040E8E700293FF4D7AD0B
:100F1000A9E2DDF8390280B3301B04380E900020BE
:100F2000C0280AD00BEB000100224FF480734BF86D
:100F300000200C300B814A60F2E70698882100F00F
:100F400048FE1198594685902FA8C02200F02CFE2B
:100F5000089888900A981099484408308790002093
:100F6000CDE9610103218690CDE95F002698FFF766
:100F7000EEFA000607D0FF2615E200F05CFD00F057
:100F800056FDA0D1C8E7DFF82405142100F0E5FBE9
:100F900000204121CDE98900584600F01AFE0E9844
:100FA0004021402838BF01460028119100F0E4811B
:100FB00011995A4626984C1CA0212346FFF7DDFACA
:100FC0000646000640F0EF8158462146FFF7FAF941
:100FD0000646000640F0E78129A8119A5946FFF716
:100FE00082FA1098E89026A8E6902DA8E5902AA805
:100FF000E790DDE95F01081A000704BFDDE9610140
:10100000884200F07781002086901199884205D3AC
:10101000DDE98301081A400600F08D81DDE96110E9
:10102000DDF87C91884206D1609CA4EB09000007A2
:1010300040F0918071E1609C461A8A4648462146FC
:10104000FFF79EF8864238BF304600280F9000F028
:101050008280E9A8402100F0BCFD0F98112880F0A3
:1010600002821098504540F2FE8110980F99A0EB33
:101070000A008842C0F0F7814FEA8A0800260F98DC
:10108000B04232D0DDE92D12F9A800F067FA9DF8E0
:10109000E403002840F08681DDF801140AEB060025
:1010A000814240F27F81DDE92D12F9A800F056FA65
:1010B0009DF8E403002840F07581BDF8FF0300218E
:1010C000F991042308EB0001DDE92D02D468F9AAA7
:1010D000A047C0B2082840F06581F998E9A908F155
:1010E000040841F826000136C9E70F984FF00008C0
:1010F000504461900F9840452BD0E9A850F8284003
:10110000A60F032E00F0AF81DDE95F094946FFF726
:1011100037F8D8B1B9F1100F80F0A5811020C4F3D1
:10112000036100EA146009EB49022FAB081A24F0AE
:101130007F4143F8220003EB8200416000214172AD
:1011400006726098013000F00F00609008F101080D
:10115000D0E7DDE95F94A4EB0900000700F0DB8035
:1011600009F00F002FA900EB400001EB8000417A4D
:1011700021B109F1010000F00F09ECE7CDF87C91F5
:10118000D0F8049083AB0ECBA9EB0306511A119A49
:1011900001F07F0111448E4200F2D280869A1199AB
:1011A0009142C0F06081119C0BEB0201D0F800A0CD
:1011B00090F80880A21A0698FEF7BFFF86995A4653
:1011C00023460844869089A8E5A9CDE900102FA8F8
:1011D0003146FFF711F8C0B2002800F0AC800228B9
:1011E00000F0E080B8F1000F57D0DDE95F01091A87
:1011F00001F00F01514540F2368150442FA900F013
:101200000F0000EB400001EB8000406883AE46CE4B
:10121000831B0433511A01F07F019942C0F08B8087
:10122000B8F1010F4C460DF1BC0804BF0446484616
:10123000811B0F914046FFF786F8A11B814640466F
:101240000D914446FFF77FF806464846C846FFF72B
:1012500019F881463046FFF715F8C9EA00412046E3
:10126000FEF7B4FF044640462146FEF7FBFF8146E9
:10127000210C3046FEF7F6FF2FAE0F9904464A4682
:101280003046FFF770F80D9930462246FFF76BF8AD
:1012900030460021FEF73EFF26E0DDE98360801B3B
:1012A00010F07C0F47D0DDF8148200240698042348
:1012B000F994A9EB0801F9AAFEF76CFFF9992FA898
:1012C000FEF784FFE99009EB0600A0EB0800042C70
:1012D00008D0E9A90219069B02F07F02095D0134DA
:1012E0009954F4E74FF0000A2FA85146FEF712FF79
:1012F00086988AE6859C89A811995B46CDE90010FD
:1013000026A82AA92246FFF7B9F800284AD1119841
:10131000204485900FE0CDF87C9189A8E5A95A4634
:10132000CDE900102FA8119B4FF0FF31FEF764FFAD
:10133000C0B2022836D00E981199401A0E902EE6AF
:101340002FA8E5AA89AB8021FEF7ADFF50BB869898
:1013500011998142C0F0878011990BEB0003859CA5
:101360000E1A89A9CDE9006126A82AA92246FFF70D
:1013700085F8B8B9A019CCE710984FF4B472EC9086
:1013800026A8EA902DA8E9902AA8EB902FA9584604
:1013900000F00AFCE9AA89AB58464FF0FF31FEF78E
:1013A00082FF10B1E62601258EE500201421F99078
:1013B0003F4800F0D2F92698F9AA04210423FFF748
:1013C000DCF806460006EED12A998B91F998299906
:1013D000814208D1009526A80C995A460423FFF7AC
:1013E00015F8000601D0E826DDE7DDE92D0100F063
:1013F0004DF9C00701D0E426D5E7C807F3D02D4842
:10140000172100F0AAF90A9804212F90002091904A
:10141000CDE98F01CDE98D152FA88C9018480B30A0
:1014200000F02AFB28B1EE2601254FF0000AFFF755
:1014300069BB2148132100F090F92698FF21FFF79E
:1014400086F80646012500F00DFB4FF00209FFF774
:1014500034BB0020002100224FF080438D9C00F01F
:10146000B1FA052C00D3FEDE042C7FF407A9054851
:101470000B2100F072F9FFF701B900F01FF800BF6F
:101480000A00FFFFA81C0108B31C0108C21C0108C8
:10149000D61C0108F11C0108301C0108EC1B0108D6
:1014A000FC1B0108181C0108401C0108561C0108FF
:1014B0006A1C01087E1C0108951C010880B56F4656
:1014C000FEF706FEB0B502AF44688C4209D9006849
:1014D0004BB1A14209D2455C013B02F8015B0131ED
:1014E000F6E70020B0BD0820B0BDFEDEF0B503AFCA
:1014F0002DE9000B8CB0D568914604464FF00008EA
:101500000E4608466A4600210423CDF80080A8470D
:10151000C1B2082910D11048009981420BD1A7F11E
:10152000410031464A4600F019F817F8410C50B115
:1015300017F8400C00E00120C4F8008020710CB0C6
:10154000BDE8000BF0BD37F83C0C012802D1C4E91E
:101550000069F4E70220EFE77F434246F0B503AFAE
:101560004DF8048D8AB0E8460E46044640462821D0
:10157000154600F02EFBED68304600214246282338
:10158000A8470146C2B2601C082A05D16946282234
:1015900000F000FB002001E00170012020700AB083
:1015A0005DF8048BF0BDF0B503AF4DF8048D86B047
:1015B0000DF104080E46044614214046154600F07D
:1015C00008FBED683046282142461423A84701460F
:1015D000C2B2601C082A05D101A9142200F0DAFA6F
:1015E000002001E001700120207006B05DF8048B3E
:1015F000F0BDF0B503AF2DE9000F8BB00446A7F1A5
:10160000450015460E46FFF7A9FF00F040FA23D12A
:1016100000F016FA37F8308CFFF7A0FF00F037FA29
:101620001AD100F00DFA37F82C9CFFF797FF00F065
:101630002EFA11D100F004FA57F828ACFFF78EFF0C
:1016400000F025FA08D100F0FBF937F822BCFFF7CB
:1016500085FF00F01CFA08D017F8440C60700120D8
:1016600020700BB0BDE8000FF0BD0BEB08014FEA96
:10167000C90000EB8A0001EB410100EB810037F863
:10168000341C08443C3060600020E9E7F0B503AF4B
:101690002DE9000F8DB08A46044602A82146524625
:1016A000FFF75CFF9DF8080070BBDDF80F500421C8
:1016B000DDF82DB04FF0000900260194B5421AD98B
:1016C000A5EB0608B8F1040F28BF884600205E4548
:1016D0000DD002903146DAF80C400423019802AA9A
:1016E000A0470146C0B2082810D102980421464400
:1016F00089EA0009E2E702A8019C52462146FFF769
:101700002DFF9DF8080030B19DF8091001200DB0A3
:10171000BDE8000FF0BD0020DDF82D10DAF80C5008
:101720000423029002AA2046A8470146C0B2082816
:10173000ECD10298A0EB0900B0FA80F0410900203A
:10174000E5E7D0E900329A421FBF591C01601844F6
:10175000017AD01A18BF01207047F0B503AF4DF8D9
:1017600004BDC2070AD04FF060421368DB07FCD00B
:1017700010F8012B01394FF060431A7000F003029A
:10178000022A08D102292BD34FF060421368DB07ED
:10179000FCD000F083F971B38A0800234FF0604455
:1017A0000546934206D02668F607FCD040CD0133AB
:1017B0002660F6E721F0030201F00301104402293C
:1017C00006D34FF060421368DB07FCD000F066F9E7
:1017D000012910D14FF060410A68D207FCD006E021
:1017E000012908D14FF060410A68D207FCD0007887
:1017F0004FF0604108705DF804BBF0BD411E082940
:1018000028BF09207047F0B503AF2DE9000F8DB058
:101810000446B8682688A7F11D0BCDE900124FF0E9
:10182000000ACDE903300220029005AD4FF0080810
:10183000E94601200B9002A80A903004153005906B
:101840002846CDE908BACDE9069800F0E3F840B1A2
:1018500010F5807F08D36FF39F2646EA8026268006
:10186000E7E731B9002001E0FFF7C8FF0DB000F055
:1018700012B9FEDEF0B503AF2DE9000F8FB00C8872
:101880000DF104080DF120090D4600264FF01C0B48
:101890004FF0010A009004200E960D90200428308D
:1018A00008904846CDE90B8BCDE909A600F0B2F8C7
:1018B00030B110F5807F0DD300F0D9F82C80EAE725
:1018C0001C2911D1009C01A91C22201D00F062F9E5
:1018D000002004E0FFF792FF009C60600120206080
:1018E0000FB0BDE8000FF0BDFEDEF0B503AF2DE98F
:1018F000000F8DB00E880DF1080ACDE9010203AC8E
:101900000DF118098B4604254FF00C080020CDE995
:101910000948CDE90B503004293006904846CDE9FE
:1019200007A500F077F848B110F5807F0DD36FF36D
:101930009F2646EA8026ABF80060E7E70C290ED127
:10194000019B94E8070007C305E0FFF757FF019AE2
:101950000321118110600DB0BDE8000FF0BDFEDE67
:10196000F0B503AF2DE9000F8BB00588A7F11D0B73
:101970000DF10C0801268246E9460024CDE901124A
:1019800000962804CDE90896013003904046CDE941
:1019900006B4CDE9046400F03DF848B110F5807F4D
:1019A00009D36FF39F2545EA8025AAF80050E8E7A0
:1019B00039B9002002E0042828BF04200BB000F051
:1019C0006AB8FEDE2DE9F04804460D4616461F466D
:1019D0004FF0030B00DFBDE8F088FEDE2DE9F00FCD
:1019E00004460D4616461F46089B4FF0010B00DFCC
:1019F000204683E8E003BDE8F00F7047FEDE2DE9E6
:101A0000F00F4FF0090B00DF80E8F003BDE8F00FA6
:101A10007047FEDE2DE9F00F90E8F0074FF0000B65
:101A200000DF20462946BDE8F00F7047FEDE9DF836
:101A30002C0200287047DDE92D125846FFF78EBDB5
:101A4000A7F1450031462A4670470BF8061009F108
:101A5000010901367047D7E90223A4EB0A012846A1
:101A6000FEF721BC4FF0000A4FF0040870476FF3F7
:101A70009F2444EA802470478B905846FFF7CABFE2
:101A80008D189C5C05F07F0501324455704717F8AE
:101A9000450C00287047BDE8000FF0BD30F8022B60
:101AA00002394FF060431A807047F0B503AF2DE95B
:101AB0000007102A08D300F08EF8A64206D213F8C9
:101AC000015B06F8015BF8E7034629E0A2EB080C8E
:101AD00088442CF0030E04EB0E035FEA887115D0E6
:101AE000182101EAC8090021A1EBC80101F0180A78
:101AF00028F003010D1D09689C420DD221FA09F658
:101B000002CD01FA0AF2324304C4F5E741469C4291
:101B100002D204C904C4FAE708EB0E010CF0030278
:101B20001A44934204D211F8014B03F8014BF8E731
:101B3000BDE80007F0BDF0B503AF4DF804BD102AB5
:101B400009D34342054603F0030403199D4204D21E
:101B500005F8011BFAE7054612E0121BCCB2082576
:101B6000202D04D204FA05F66D003443F8E722F084
:101B700003051D44AB4201D210C3FBE702F0030290
:101B80002A44954202D205F8011BFAE700F02BB86F
:101B9000FFF78BBFFFF7FCBF032A98BFFFF7F8BF23
:101BA00008C9043A08C0F7E7FFF7F6BF0B4611462D
:101BB0001A46FFF7C0BFD2B24FF001335343032997
:101BC00098BFFFF7F3BF08C00439F8E70022FFF71A
:101BD000F2BFFFF7FBBF4342064603F003080B4684
:101BE00000EB080470475DF804BBF0BD0000000086
:101BF0000800000004000000C51401085761697462
:101C0000696E6720666F72207661726961626C65C9
:101C1000206865616465720A52656164696E672057
:101C20004342462066726F6D20666C6173680A00DD
:101C30000000000008000000040000001F0501086B
:101C4000436865636B696E6720646570656E646583
:101C50006E636965730A57616974696E6720666FA0
:101C600072207061796C6F61640A57616974696E82
:101C70006720666F7220747261696C65720A5472B3
:101C80007920746F20737461727420636F6D706F4C
:101C90006E656E740A436F6D706F6E656E7420733F
:101CA000746172746564210A476F7420737461747F
:101CB00065210A5B5550444154455D2048656C6C74
:101CC0006F0A5B5550444154455D20526561642064
:101CD0006572726F720A5B5550444154455D2047EE
:101CE0006F742068656C6C6F206D657373616765D8
:101CF0000A5B5550444154455D2057726F7465200E
:101D000068656C6C6F20726573706F6E73650A0026
:041D1000D56159231D
:04000005080001AD41
:00000001FF
