S00C0000636F6E636570746F7325
S3FF08000000001A0020AD0100085D2F0008FD6000086B3100086B3100086B310008000000000000000000000000000000007D2300085D2F0008000000007D2C0008D12300085D2F00085D2F00085D2F00085D2F00085D2F00085D2F00085D2F00085D2F00085D2F00085D2F00085D2F00085D2F00085D2F00085D2F00085D2F00085D2F00085D2F00085D2F00085D2F00085D2F00085D2F00085D2F00085D2F00085D2F00085D2F00085D2F00085D2F00085D2F00085D2F00085D2F00085D2F00085D2F00085D2F00085D2F00085D2F00085D2F00085D2F00085D2F00085D2F00085D2F00085D2F00085D2F00085D2F00085D2F00085D2F00085D2F00085D2F16
S3B7080000FA00085D2F00085D2F00085D2F00085D2F00085D2F00085D2F00085D2F00085D2F00085D2F00085D2F00085D2F00085D2F00085D2F00085D2F00085D2F00085D2F00085D2F00085D2F00085D2F00085D2F00085D2F00085D2F00085D2F00085D2F00085D2F00085D2F00085D2F00085D2F00085D2F00085D2F00085D2F00085D2F00085D2F00085D2F00085D2F00085D2F00085D2F00085D2F00085D2F00085D2F00085D2F00085D2F00085D2F00085D2F0008CE
S3FF080001AC80B56F460B480C494FF6FF72CFF6FF72814201D004C0FBE701F04AFC01F054FC0348016841F47001016001F05DFC00BF88ED00E040140020001A0020F0B503AF2DE9000F93B0CE4A1368DB070AD1136843F0690323F09403136013689B0701D400BFFAE7936813F00C0F07D000239360936813F00C0F01D000BFF9E791F82B304BB991F828B04FF00009BBF1020F12D091F829307BB9D2F8943043F00103C2F89430D2F894309B0701D400BFF9E791F828B04FF00109BBF1020F23D0936D43F080539365AF4B1C6844F480741C601923BBF1000F08BF0523D2F890402343C2F89030D2F890309B07FBD591F829304BB9D2F8903043F02003C2F866
S3FF080002A69030936943F40073936191F82530022B0FD091F824409D4D002C08BF05F5802515601468A403FCD51BB9146844F40024146091F830A0BAF10C0F32D191F82AC0BCF1000F0BD0D2F8984044F00104C2F89840D2F89840A40701D400BFF9E7BAF10C0F08D0BAF10B0F02BFD2F8884044F04064C2F8884091F82C40854EDFE804F002382233BAF10C0F3FD1012100200E91DFF8A4140D91119010900420DFF89C141DE00D24BBF1020F08BF0924156844EA0A1425F0F9052C4314601468A407BDD400BFFAE7022B1CD1012100200E91DFF858140D91119010900420DFF850140F900DA800F033FC022B0BD1BAF10C0F0CD140F26313136013685B0547
S3FF080003A0FCD50123B04608E0D1F82080022304E0DFF8243453F82A8000230A9391F82D405E4D042C0C9423460ED18B699BB1B8F1000F00F0EB81CB695B00B3FBF8F31B020B9300230C9303E0CB8D0B938B6913B101F11C0309E0BAF10C0F02D1504B013307E0DFF8D43303EB8A031B68AB4280F09C810C6894B14C68002C00F0BE81B3FBF4F4012C0BD0022C0BD0002C00F0C181E51E032D28D20925042404E00124002501E00825022409958D68B3FBF4FEA5B1CD68002D00F0A481BEFBF5F5012D0CD0022D0DD0002D00F0A9813446EE1E032E11D205250795042517E00024012501E004240225079411E0A51F062D80F032810A250824D7E7063D07266F
S3FF0800049A062D4FF0100538BF0626079638BF08252646BEFBF5F408959C4200F23F810D69CDF818C0CDF8048095B14969002900F06D81BEFBF1F101290AD002290BD0002900F07481CD1E032D08D2052504210EE0002501210BE00425022108E00639072506294FF0100138BF062538BF0821BEFBF1F8984500F2178106F1010C0595E6450493029111D2534649464FF4C06624E000BF0010024000700040630001000024F40001B4C404FF083D00B34DAE4504D25346494640F201660FE0B04D53464946AE4502D240F2026607E0AD4D40F204660235AE4538BF40F20366AA4D4FF0020A03942E600C9CDFE804F01B03161906004FF0040A14E0059C9C4657
S3FF08000594E502079C0C2B45EA0425099C08BF4FF0060C002645EA04150A9C67E04FF0060A01E04FF0080A0B9CD946C4F3072BBBF1070F40F2C580BBF1570F80F0C6800B9C012555FA84F5019CB4FBF5F5804CA54240F2C080654580F0C28005FB0BF58A4EB54240F2C180944EB54280F0C280794CB5FBFAF5A54280F0C1800B9C9C461668E5B226F0807616600A9C1668B60101D500BFFAE7D6688D4B33400C9E760665F306160BF07F05CB4646EA052525442B440133D360136843F080731360D36843F08073D36013689B0101D400BFFAE7936843F6F3750326AB43059D43EAC523079D43EA0523099D43EA0513DD1C9560089D9368C3F38103B34201D01B
S3FF0800068E00BFF8E7BCF10C0F02BF136823F00503136041770499C1600C99069A029E0429039B71460277C0F800E080F81AC046760576C0F80880436008BF0324BBF10202C47618BF0122012E827718BF4FEA48014161012D18BF4FEA430EC0F810E013B0BDE8000FF0BDA4F10C051C2D02D20B251024A1E6A4F12805382D02D20C2540249AE6A4F16005602D02D20D25802493E6C03C0F25C02C4FF4007438BF0E25099538BF4FF4807488E64D4821214D4A00F066FF48482121484A00F061FF29482621294A00F05CFF33482021334A00F057FF33482121334A00F052FF32482A21324A00F04DFF32482B21324A00F048FF31482321314A00F043FF32482A
S3FF080007882421324A00F03EFF31482C21314A00F039FF194801F002F8194800F0FFFF1A4800F0FCFF0F4800F0F9FF11482821114A00F028FF0E482821104A00F023FF0C482821104A00F01EFF946100089C610008846400084061000858610008FF083D0001B4C404AC610008BC610008E46100080C64000834640008FC630008546400084464000874640008646400080148E801016CDC02FF8FD003002002405C6200089C620008AC620008D0620008E06200080C6300081C63000848630008586300087C630008816FE8138C630008B0630008C0630008EC6300088C80FFF9286200084C620008F46100081862000880B56F4600F000F880B56F4696B0D8
S3FF0800088206208DF854004FF08060CDF84E0002208DF84C008DF849000748109001200F9000200D900B90099001A809A9FFF79BFC03F015F900BF00B4C40480B56F468AB00A460146684600F004F8BDF80A000AB080BDB0B502AF8EB00446029201F10800104A019003A801A900F0FFF8DDE903010D4A00F01CF803AD02460B46114628461A4600F02AF99DF80C0030B9691C2046282205F0ECFB0EB0B0BD034805F0DFF900BFB4640008F46400080465000800B1704780B56F46104605F0D1F980B56F468AB00A4601466846FFF7C3FF03980AB080BDB0B502AF88B0044601F10800019269460F4A009002A800F0BFF8DDE902010D4AFFF7DCFF02AD024616
S3FF0800097C0B46114628461A4600F00FF99DF8080030B9691C2046142205F0ACFB08B0B0BD034805F09FF900BFB46400081465000824650008FEB506AF0A46014601A8FFF7CBFFBDF8060000F0010006B080BD80B56F468AB00A4601466846FFF77DFFBDF818000AB080BDD4D4F0B503AF4DF804BD8EB0154608301D4A01916946009002A800F076F8DDE90201194AFFF793FF04460E4602A82146324600F0A2F89DF8080008BBBDF82100ADB2A8421CD902A82146324600F095F89DF80800A0B9BDF81F000021CDE90211082300EBC501F56802AA2046A847C0B2082801BFDDE902010EB05DF804BBF0BD034805F03CF9B46400083465000844650008D0B535
S3FF08000A7602AF048802460B8843EA0400B0FA80F0400934B12BB148885188081AB0FA80F04009D0BD038802460020062B01BF5388042B88B2918802BF081AB0FA80F040097047B0B502AF44688C4209D900684BB1A14209D2455C013B02F8015B0131F6E70020B0BD0820B0BD024A0846214600F099F88C650008F0B503AF2DE9000B8CB0D568914604464FF000080E4608466A4600210423CDF80080A847C1B2082910D11048009981420BD1A7F1410031464A4600F019F817F8410C50B117F8400C00E00120C4F8008020710CB0BDE8000BF0BD37F83C0C012802D1C4E90069F4E70220EFE77F434246F0B503AF4DF8048D8AB0E8460E460446404628213B
S3FF08000B70154605F0BBFAED683046002142462823A8470146C2B2601C082A05D16946282205F0AEFA002001E00170012020700AB05DF8048BF0BDF0B503AF4DF8048D86B00DF104080E46044614214046154605F095FAED683046282142461423A8470146C2B2601C082A05D101A9142205F088FA002001E001700120207006B05DF8048BF0BD80B56F4688B090E87441EC466346012083E87441ADF81C006046069105F037F880B56F4600F09BF980B56F468CB0CDE9000100200690022046F20C610390059008A8C0F60001049040F659400291C0F600006946CDE9090111460B9001A8089002A8FFF7CDFFF0B503AF2DE9000F8DB0046842F210700D4656
S3FF08000C6A4FF69C7E844246F25E60C0F600003CD341F259784EF2FF02A7F1430B0021CDF2B7184DF6F00941F27B4AC0F2F5520295A4FB08350BEB010C043994424FEA553303FB09451C46AEB24FEA960606FB0AF64FEA564606FB0E5530F81660ACF82360ADB230F81550ACF82550E1D8029D27311C46632C0CD822460A2A1AD330F812000239A7F14302505219E02721632CF2D9A2B241F27B43920802395A43A7F14306520C02FB0E439BB230F8133073520A2AE4D2013942F03000A7F143025054C1F127000090A7F14300002243182846012100F005F80DB0BDE8000FF0BDD4D4F0B503AF2DE9000F85B00C46C169D7F80880934611F001024FF02B0A2C
S3FF08000D6402EB080508BF4FF4881A99464A0701D4002418E0BBF1000F12D01BF0030311D094F90060002216F1410FC8BF0122012B08D094F9013013F1410FC8BF013201E00022FFE715440268B2B1CDF81090D0F80490A94520D90907CDF80C8032D490F82010A9EB05090294DFE801F06602600249464FF000095FE0D0E90556524631462346CDF800B0284600F08DF8002872D1F368284649460EE0D0E90556524631462346CDF800B0284600F07DF8002862D1F36828460499424605B0BDE8000FBDE8F040184701692346D0E905865246019130210161012190F8204080F82010314602904046CDF800B000F05DF801460120002941D1DDF810A0A9EBB1
S3FF08000E5E0500A346441C013C06D032694046302190470028F7D031E0F3684046039A5146984758BB0298019980F820B00161002025E009F101024FEA59014FEA5209D0E904654C1CD0F81880013C07D0D8F810202846314690470028F6D00FE0CDF800B02846029B4146524600F020F830B9D8F80C302846DDE90321984720B1012005B0BDE8000FF0BD0024A14509D0D8F8102028463146904701340028F5D0611E00E049460020494538BF0120E8E7F0B503AF4DF8048DD7F808801C460E46B2F5881F0AD033691146054698470146284619B101205DF8048BF0BD3CB1F368214642465DF8048BBDE8F040184700205DF8048BF0BD80B56F468CB0802187
S3FF08000F58CDE90001002046F25C7106900220C0F600010390059008A8029101A9049040F65940C0F60000CDE9090146F24C610B906846089002A8C0F60001FFF72EFE80B56F4600F000F880B56F468CB0CDE90001002046F29C7106900220C0F600010390059008A8029101A9049040F65940C0F60000CDE9090111460B906846089002A8FFF70BFEF0B503AF2DE9000F87B08846D0F800C081685CEA010302D1D0E90501D0E2B1B3C66808EB020E82464FF00009C6B10025414608E0F0292CBF211DE11C0B1B01359944AE420DD0714526D00C4611F9013BB3F1FF3FF2DCD9B2E029EBD2A11CEDE741467145504612D091F90010B1F1FF3FDCBFC9B2E02924
S3FF08001052B9F1000F14D0914511D218F9091011F1410F0DDC00210CE09146BCF1000F10D190E291465046BCF1000F0AD18AE2F1D1414600290CBF91468846BCF1000F00F081824668B9F1100F0BD2B9F1000F20D009F00301B9F1040F1ED24FF0000E002543E008F10301CDE9006021F00306CDF80890B6EB080EA9EB0E0000F0030B01D100218DE0A8EB060111F1040F4ED900216EE04FF0000E45E209F00C05B246A8F1040684464FF0000E2B4616F9040F96F9032010F1410FC8BF0EF1010E96F9010096F9024010F1410FC8BF0EF1010E14F1410FC8BF0EF1010E12F1410FC8BF0EF1010E043BE1D160465646002900F01A8218F9052012F1410FC8BFB9
S3FF0800114C0EF1010E012900F0108208EB050393F9012012F1410FC8BF0EF1010E022900F0048293F9021011F1410FC8BF0EF1010EFBE108F1010A00216FF003020AEB0203043293F9034093F9065093F905C014F1410F93F90430C8BF013113F1410FC8BF01311CF1410FC8BF013115F1410FC8BF0131131DE2D198F9002012F1410FC8BF0131BEF1010F0ED098F9012012F1410FC8BF0131BEF1020F05D098F9022012F1410FC8BF01314FEA90090024BBF1000FCDF80C801AD020F00302324492F9005015F1410FC8BF0124BBF1010F0ED092F9015015F1410FC8BF0134BBF1020F05D092F9022012F1410FC8BF013404EB010E4FF0010B12E04FF0000C95
S3FF080012463FFA8CF03FFA9CF21044A9EB040903EB840614F0030100EB00400EEB104E40F05681B9F1000F00F04F81B9F1C00F4C4628BFC0243346B9F1040FDFD36FF00F0000EB840130290BEB111007D24FF0000C1E4610F0030840F0B880D1E720F0030B4FF0000C1E46CDE90404069396E81205BBF1040B32696FEA0100B5694FEAD01040EA91106FEA04014FEAD11120F0FE3041EA9411604421F0FE34716920446FEA08044FEAD413B46B43EA9813D6F83CC023F0FE3318446FEA0A034FEAD31343EA9A1323F0FE3318446FEA02034FEAD31343EA921222F0FE32F36910446FEA01024FEAD21242EA911121F0FE31326A08446FEA05014FEAD11141EA9E
S3FF080013409511756A21F0FE3108446FEA03014FEAD11141EA9311B36A21F0FE3108446FEA02014FEAD11141EA9211F26A21F0FE3108446FEA05014FEAD11141EA9511356B21F0FE3108446FEA03014FEAD11141EA9311736B21F0FE3106F1400608446FEA02014FEAD11141EA921121F0FE3108446FEA05014FEAD11141EA951121F0FE3108446FEA03014FEAD11141EA931121F0FE3108446FEA04014FEAD11141EA941121F0FE3108446FEA0C014FEAD11141EA9C1121F0FE3101EB000C7FF45AAF069B4FF0010BDDE9040410F003083FF41BAFD6E90002A246B168B8F1010FF4686FEA00054FEAD51545EA90106FEA020520F0FE304FEAD51545EA921238
S3FF0800143A604422F0FE3210446FEA01024FEAD21242EA911222F0FE3210446FEA04024FEAD21242EA9412544622F0FE3202EB000C3FF4ECAED6E90402B8F1020FD6E906146FEA00054FEAD51545EA90106FEA020520F0FE304FEAD51545EA9212604422F0FE3210446FEA01024FEAD21242EA911222F0FE3210446FEA04024FEAD21242EA9412544622F0FE3202EB000C3FF4BEAE06F1200527CDCE43F60946EA9111C44321F0FE31E40944EA901020F0FE30544660440844D143C90941EA921121F0FE310844E943C90941EA951121F0FE3101EB000C9BE6DDE902982EE004F0FC06DDE90298012953F826006FEA00024FEAD21242EA901020F0FE3515D03D
S3FF0800153403EB8606022970686FEA00024FEAD21242EA901020F0FE30054407D0B068C143C90941EA901020F0FE3005443FFA85F03FFA95F1084400EB00400EEB104EDDE9006076450DD990F82020CB46A6EB0E090021DFE802F01702111749464FF0000910E0D0E905014A46CB68414607B0BDE8000FBDE8F040184709F101024FEA59014FEA5209D0E904A44E1C8569013E06D02A692046514690470028F7D005E0EB68204641465A46984708B1012010E00026B14508D02A6920465146904701360028F6D0711E00E049460020494538BF012007B0BDE8000FF0BD80B56F4688B094460122019206AA0023CDE90601009204226846614604930393029221
S3FF0800162EFFF7E0FA0B46D0E900121846FFF7CFBCD0E90002D2681047F0B503AF2DE9000F8DB0032316698DF83030202308930023002ECDE90A130990069304935DD05069002800F08080D2F800A04101D2F808B0013820F078404FF000084FF0000901300292039101900AEB09014A6832B1DDE909030968DB689847002875D106EB0800036906EB8900D0E90221057F846908938DF830500B9442B1012A03D10BEBC1014A680AB1002201E00968012256F80830CDE90421022B06D04168012B06D10BEBC1014A680AB1002201E0096801224369079106920BEBC3015BF833004B6804A99847002840D1039808F1200809F108094045B8D1DDE901B227E0B4
S3FF08001728D06818B3C600013820F060409468D2F8009000F1010B0DF110089246002509EBC5014A682AB1DDE909030968DB689847E8B904EBC50154F835004A6841469047A8B90135083EEAD1524601E04FF0000B506883450DD212685E46DDE90901CB6852F83B1002EBCB025268984708B1012000E000200DB0BDE8000FF0BD80B56F4686B00146002001220490019246F6200203900420C0F60002029068460092FFF714FA80B56F468EB08DE80F00002046F22061089002200590C0F6000107900AA8069041F23F60C0F60000D7F808C00D9002A80C9041F23360C0F6000004910B9068460A9004A86146FFF7EFF980B56F468CB0008842F20F728C4619
S3FF08001822904223D9020940F247335A434DF6F003CFF6FF7341F27B41D20C12FB030083B29B0859436FF06303490C11FB030046F25E63C0F6000333F8111027F8041C80B233F81000232327F8020C22E046F25E626328C0F6000218D9810841F27B4359436FF06303490C11FB0300252380B232F8100027F8020C08460A2809D3023B32F81000A7F12701C85209E027230A28F5D20246013BA7F1270142F03000C854C3F127000090A7F127000121034460460022FFF739FA0CB080BD80B56F468AB0CDE90001002006900120039046F2B051059008A8049041F23360C0F60000C0F6000109906846089002A802911146FFF770F980B56F4688B0014600204D
S3FF0800191C04900120019046F2B052039006A8029041F23360C0F60000C0F60002079046F2F050C0F60000009206906846FFF753F9F0B503AF4DF8048DA2B000680DF1080C00244FF0570E00F00F03224603F157050A2B644402F1800838BF03F13005102884F87F502AD3C5B2A02D0EEB15164FEA151338BF03F13006050A84F87E6020D005F00F0303F157050A2B38BF03F1300584F87D50050B19D005F00F0303F157050A2B38BF03F1300584F87C50141F000CC9D102F17C00A8F103080BE0A8F1010008E0A8F10200A8F1010803E0A8F10300A8F10208812811D2C8F18102009246F25C620CEB0003C0F60002084611460222FFF79CF922B05DF8048B03
S3FF08001A16F0BDFFF7FBF880B56F468CB0CDE90001002006900320039046F2EC70C0F60000694602900220059008A8049040F65940C0F60000CDE9090111460B9001A8089002A8FFF7CBF8034800220349884228BF704704C0FAE7080000204014002004480549054A904228BF704708C908C0F9E700BF00000020647400080400002080B56F46FEF7ECFEFEE77047F0B503AF2DE9000F89B001AD92460C46804628461C21FF2299464FF0FF0B04F080F9154E284600210122B047284608212246B047284610215246B0473889ADF8209028B1012805D1FF204FF0FE0B06E0FF2004E0D7F80CB01FFA8BF0000A8DF8230040468DF822B001A9202204F0F0FA72
S3FF08001B1009B0BDE8000FF0BD1D1B0008D0B502AF4318013A0024082C05D008191F2803D81A550134F7E7D0BD014A2021FFF76DF8286800088BB20022B2EB532F07D1DA02C0F6000102F10062C0E90121012202607047F0B503AF4DF8048D00F1040C04464FF000089CE80610DCE9005682EA060081EA050318434FF000001DD051EA020003D005EA0600013015D12568686940F0010068612846CCE9001200F012F8696921F001016961C1B2022901D1002003E000F0010020740120C4F80C805DF8048BF0BD0169C903FCD40169016111F0300FC1F3001008BF02207047D4D4084602490222FFF7F3B900BF44690008F0B503AF2DE9000B8CB00DF108098C
S3FF08001C0A0E460446202148461D46904604F06FFA05F1006130464A462023C04770BBBDF826004FF6FE710222608088424FF6FF7108BF0122401A18BF10462080DDE906100840B0F1FF3018BF0120207202AB0FCB1A40B2F1FF3218BF01220840B0F1FF31E27118BF01210130BDF82400A17108BF0920A0800CB0BDE8000BF0BD0448A7F1190200902B210248034BFFF799FD14690008A869000898690008F0B503AF4DF804BD9468002314F1030F9FBF5668A51CB54213689EBF19539560072303605DF804BBF0BDB0B502AF0C46D1E90151A94209D225686A540131A16019462246BDE8B040FFF7DABF00210160B0BDB0B502AF0C4672B1D4E901219142A0
S3FF08001D040FD22268012555540131A16019462246BDE8B04000F008B82146BDE8B04000F018B800210160B0BDF0B503AF4DF804BD9468002314F1050F9FBF5668251DB54213689EBF19519560072303605DF804BBF0BDD0B502AFD1E901430022A34204D20C68E2545A1C8A6007220260D0BDD4D4F0B503AF4DF804BD14468A1E92B2042A28BF0422DFE802F00334282B0C00D3E901420021A24237D21C68A154511C2FE0D3E90162B2422ED2D3F800C004250CF80250551C09049D6029D0B54223D201210CF80510911C1A46996021465DF804BBBDE8F040FFF764BF1946022201E01946032223465DF804BBBDE8F040FFF76DBFD3E90121914206D21A68AC
S3FF08001DFE0124545401319960072100E00021016003F081BF19465DF804BBBDE8F040FFF79BBFF0B503AF4DF8048DA2B0CA69D30608D492060DD422B05DF8048BBDE8F040FEF70BBF22B05DF8048BBDE8F040FFF77EBD00680DF1080C00264FF0370E00F00F02354602F137030A2A664405F1800838BF02F13003102886F87F3029D3C2B213090EEB1214A02A38BF03F13004020A86F87E4020D002F00F0202F137030A2A38BF02F13003020B86F87D3019D002F00F0202F137030A2A38BF02F1300386F87C302E1F000CCAD105F17C00A8F103080BE0A8F1010008E0A8F10200A8F1010803E0A8F10300A8F1020881280ED2C8F181020092074A0CEB00036E
S3FF08001EF8084611460222FEF723FF22B05DF8048BF0BDFEF782FE00BF5C660008D1E901329A4209D2531C8B600968895C01298EBF01210171072100E00021016070478B68002213F1050F0DD8B0B502AF4D681C1DAC429FBF8C600968C958416098BF0722BDE8B04002607047C16809B1FFF7FDBD00207047BFB506AF044601A80D46FFF7E5FD0198E0B1022040F6FA7265F3CA0025686969914308446861686940F4803068612846FFF719FE6969074A11406961C1B2022901D1002003E000F001002074012004B0B0BD00BFFDFFFEFFF0B503AF2DE9E00F00F1040B044600259A46CDE90112AB422DD00298465D019800EB0509E06829F0070838B1404515
S3FF08001FF205D02046FFF7B4FD00BBE068534618B9D8E90001CBE9000109F007001BF80010FF2918BF002E0CD107280BF80060C4F80C8004D12046FFF79BFD534638B90135D2E7B142F0D002E01D4600E0534600209D4238BF0120BDE80E0FF0BDD4D4F0B503AF2DE9FE0F6821814604F04CF8D9F80C01016840680844A0F1080B5FEA4B7072D1BBF1670F79D9D9F8FC00002800F08280D9E92780ABF16805AB21424618B102F8011B0138FAE7D9F8046116EB080074D2D9F8004101A849464246334600F084F89DF804000B286BD1DDE902010022914205D0964242D0A35C83540132F7E7D9E9431201A8FEF73CFCD9F8FC1009F1A400DDF80CA0D9F80C6128
S3FF080020EC01EB4101890051B350F8082CAA4209D850F8043C1A44934504D8026802F01A02022A02D00C390C30EDE72846682103F0E7FF0AEB06024FF080700832E86142F001024FF0FF316FF01200C5E90512C9F81480C9E9085007B0BDE8000FF0BD194803F0C8FD164A30463146FEF760FD0121002002910E4901910590049004200D4908E0012100200291094901910590049004200949039001A8FEF735FD0B4803F0A9FD094803F0A6FD044803F0A3FD00BFF8690008986A0008386A0008686A0008886A0008786A0008586A0008486A0008F0B503AF4DF804BD044608461D46164611461A46022300F00DF810B10B20314603E00121002035466170CE
S3FF080021E6C4E90115207003F092BD42B3F0B503AF4DF804BD00F1A404D0F8FC0002EB010C00EB40008500002D284618BF012013D054F8086C8E420CD854F8042C3244944507D8266806EA03029A4208BF16F0180202D00C3D0C34E6E75DF804BBF0BD01207047F0B503AF2DE9000F00F19C01D0F8FC0000224FF0805C4FF03C0E00EB40004FEA80081D4881461D488346B8F1000F31D070C906F00800CA46144344F01004C9F80040F407A8F10C084FF0007408BF4FF08074B3070CEA866348BF4FF0407443EA00432344F4064FF4802458BF4FF44034002818BF4FF4803418195B4680EA0B00B5FA85F30132AEEB430318430130C9F80400CAE703F017BD41
S3FF080022E09CED00E00000081080B56F461E49FF241E4B4FF4F076CA6842F4E022CA6000220A704A708A70CC718C72CC72D3F8105D45F01005C3F8105D1D6806EA4515203595420ED0B2F5F87F04D09E18013286F8FC43F5E70E4A4FF4F8704FF4F871FEF76CFC0C4A1A6100225A61DA6842F00702DA600522CA6708490860016A81F3098890E8F00FFFDFFEDE18ED00E004E000E0A86A00087F3801001C14002070466FF00C0120EA010008281BD041F21C40C2F2000001680A00EFF3098CA2E8F05F82EC108A5FEA0B0001F0EFFC41F21C40C2F200000068B0E8F05F90EC108A8CF309887047012080F314886FF0120E7047FEDED0B502AF0C4C0121D4E80A
S3FF080023DA4F0FC4E8421F002AF9D1BFF35F8F60B9012000F010F818B106484FF0805101600020BFF35F8F2070D0BD00F008F90000002004ED00E0F0B503AF2DE9F80F60B173498A68D1F80C90131809D309F1010900258D60C1F80C9004E04FF0000EBBE015188D6000F0F3F806466A4B4FF4947B4FF000084FF0000AD646B04542D26D4800EB8800D0F890400F2C00F2AA8004FB0B3008F101085FEACA7110D1D0E9461211430CD0D0E9481247F2305C691A69EB0202BCEB01014FF0000191411FD3D0E920121143D9D0D0E92212691A79EB0201D3D30021CDF800E0C0E92011D0F8901000F0C5F80246002818BF0222DDE90001234600F0F0F8474B86466C
S3FF080024D40191BDE74FF0010AB9E701995FEACA7065D040F2FF309A46CDF800E000F042F900285AD00F2966D84FF4947001FB00A0D0E94301FEF7D8F98046394840F2FF3100F05EF9404600F02DF9D0B389460F2953D84FF4947009FB00A000F58675D0E94301FEF748FA86B20DF1080B0024A0B2B04210D2D5E900012246FEF749FA02460B4611465846424600F0EEF99DF8080070BB0134EBE74FF4947009FB00A4204600F030FAD4E94301FEF718FA10B1204603F0E0FB03F018FC10B3102906D31A4A25E003F011FCF0B110291FD24FF4947001FB00A0012100F04DF8DDE900E1704605B0BDE8000FF0BD154A204603F092FB0F4803F08BFB084A09E098
S3FF080025CE0A4A4846F5E70A4803F083FB0C4803F080FB094A0846ECE700BF1C14002068730008080000205C130020B87300088873000878730008C8730008A87300089873000888120020B86F000880B56F460148FFF778F900BF986D00080548D0F8D000112838BF704780B56F46024A1021FEF7ABFC8812002000720008D0B502AF0446D0F808010843C4F80801B4F86C00062809D1204630F86E1F012904D839B10F49FEF701FA18B9D4E94601084314D0204600F032F802460020012A0CD14FF6FF72C4E90210C4E900020321C4E90400204600F041F80120D0BD0020D0BD00BF706E0008904204D102280CD1994202D103E0022803D1022A08D00220FE
S3FF080026C87047022A02D1022019467047012801D101207047501EB0FA80F040097047B0B502AFD0E902510446B1F1FF3F0ADC012001224FF6FF7300F027F818B9D4E94601084309D0D4F8080110EA050104D04840C4F808010120B0BD0020B0BDC0F86E100622B0F86C10A0F86C20062908BF704780B56F4600F000F880B56F460148FFF7E4F800BFA86F0008D0B502AF0446104380B2B0FA80F04009240408D012041FBF98B289B2081AB0FA80F018BF4009D0BDB0B502AF00F00F0182B213480B46102B0BD030F833501C460133002DF7D000EBC40464889442F2D10DE00023994210D030F833501C460133002DF7D000EBC40464889442F2D1591E00EB96
S3FF080027C2C10041680120B0BD0020B0BD00BF88120020F0B503AF2DE9000F93B0054608468846FFF7C8FF002870D00F2971D84FF49470444A01FB0024EDB1D4E94301FEF7E3F8DFF804B10DF1280900261FFA80FAB0B250450FD2D4E943013246FEF7E1F802464846294600F010F90A98594601F0FBF80136ECE7D4F80C110AAC204600F0A6F9324A03A8214600F0EBF93148049E00F11005304A06F17843A7F14A002946FFF7CBF917F8440CA8B317F8430CA8B937F8481C37F84A0C37F8463CCDE90001012117F8422C0AAC2046FFF708F903F04CFA50BB2846FFF762FB40BB404600F010F9D8B910291CD21E480024164A084480F880404FF4947001FB00
S3FF080028BC002500F037F9C5E94344A5F86840C5F8FC4013B003F01DBA0B4A06E0174803F001FA0F4803F0FEF90E4A084603F0FEF9114800E00D480090A7F11D020C482B210C4BFEF764FF00BFA072000808000020B07200087C6C00081C1400203D2C0008D0720008F07100088812002034690008A86900089869000824690008C0720008F0B503AF2DE9800F924601F00F020D46834602EB420120489846A2F1110300EB810101330ED20E882EB301F10C064988ACB2A1423146F4D10C3E304600F044F8304611E0511C01391CD00288A2B100F10C024088ABB298421046F4D1A2F10C09484600F031F8484603F001FA01208BF8010000200BE0084603F082
S3FF080029B6F9F900208BF8010004E00120CBF80880ABF804A08BF80000BDE8080FF0BD5C1300200021094AC0E92011C0E94611C0F80811C0F89010A0F81411D0F89810C2660131C0F89810FFF728BB06000200018811B100210180704780B56F4602482421024AFEF7F8FD8C710008B0710008D0B502AF04882CB941800121836082800180D0BD02482421024AFEF7E5FD00BF207100087C710008F0B503AF4DF8048D02F00F03804603EB430001EB8000851C90B2A3F1110201320BD22E460C3536F8024C002CF7D034888442F4D1A5F10E000EE05A1C0231013A14D00B460C3133F8025C002DF7D01B888342F4D1A1F10E0085888668FFF7ACFF0020C8F8EE
S3FF08002AB00860A8F8045000E00120C8F800005DF8048BF0BDF0B503AF4DF804BD00F00F01164A80B202EBC1039C1C61F00F0363B12546013335F8026C0834002EF7D02D888542F4D1A4F10A000DE0023281B11346013933F8024C0832002CF7D01B888342F4D1A2F10A00446800F02AF8002000E0012021465DF804BBF0BD00BF88120020D0B502AF0C4900220020102A0ED013460A4492F880405A1C002CF6D00F2808D801EB80040130C4F89030EEE7C1F8D000D0BD024A03F0C0F888120020C0710008018811B100210180704780B56F4602482421024AFEF742FD8C710008B0710008F0B503AF2DE9F80F80461F48204CA7F1260901EB000BA1F12000F1
S3FF08002BAA01904FF420451A484FF4801A00F11006B5F5801F18D24846314622462B46FFF718F817F8200C60B117F81F0C48B937F8220C5D4500F01F002AFA00F008D00544E6E705F50065E3E70320A8F800000AE017F81E1C88F80C1057F8261CC8F800100199C8E9011005B003F07CB800BFE0FFFFF71C1400203D2C0008B0B502AF0B88032B1EBF91E83C003CC0B0BD104603F052F8B1F1006F3CBF01207047BCB504AF0C4619440D0D802D05D8C06828B1A04203D3884201D80120BCBD0448194600901046224603F027F80020BCBD00BFD469000841F21C40C2F200000168EFF3098CA1E8F05F81EC108A00F00DF841F21C40C2F200000068B0E8F05F66
S3FF08002CA490EC108A8CF309887047FEDEF0B503AF4DF804BD86B01E4D286820B3B0F8680001221C4ED6E84F1FC6E8432F002BF9D1BFF35F8F21BBFFF74DFD18B3084600F035F8102821D24FF49472144900FB021403F041F82C600020BFF35F8F307006B05DF804BBF0BD0121002001910D4900910D4904900390042002906846FDF767FFFFF778FC064802F0D9FF034A02F0DAFF1C14002000000020D86A000808000020C86A0008F8690008B86A0008F0B503AF2DE9E00F8346FFF765FCDFF894A00025DFF894900646E84604460095AE4213D00AEB8500D0F89010594508BF2C46B44208D20F292AD84FF49470424601FB009000F03CF80135E9E700254E
S3FF08002D9E4FF4947BE846AC420ED0AE4212D00AEB8500D0F89010102911D201FB0B90424600F027F80135EEE7009870B10198BDE80E0FF0BD0C4A30463146FDF71FFF084A00E0054A084602F080FF07481121074AFEF774FD00BF881200201C700008080000200C700008FC6F0008D86F0008EC6F0008F0B503AF4DF804BD0D460A4906466C30144600F011F850B12168B6F86A0011B12189884203D220810120C4E9000502F069BF00BF8C670008B0B502AF054600880C46811F18BF01212288063AB2FA82F2520991422ED0062815D028792179884228D10A2823D8DFE800F0061406222222141E22171A0005F1080004F1080100F053F880B916E0A81C05
S3FF08002E98A11CBDE8B04000F013B8A068A96808E0E088E98805E0E088E988814206D160796979814202D128462146EAE70020B0BDF0B503AF4DF804BDB0F800C00426ACF1020293B2042B28BF33460A88951EACB2042C38BF2646B34208D1042B11D0032B06D0022B18D1022D04D015E0002014E0032D11D149884088401AB0FA80F040090BE0032D08D94B88418860465DF804BBBDE8F040FFF710BC01205DF804BBF0BDD0B502AF046802460B6843EA040080F0010034B12BB148685168081AB0FA80F04009D0BDF0B503AF4DF804BD8AB0EFF3058002466FF35F220092022A5FD00C2A67D00F2A70D900F00F014848103A019201EB410392B200EB83030C
S3FF08002F929C1C4B1E0F2B06D002F0E7FEFAD02D889542F7D10AE0841C0023994236D002F0DCFEFAD02D889542F7D1013B03EB4301394E00EB8100012184688588D6E84F0FC6E8421F002AF9D10028BFF35F8F47D1019800F070F82846FFF7C5FB002841D0102944D22E484FF4947201FB02002146FFF721FB0021BFF35F8F317018B128484FF0805101600AB002F07BBE0020274902F089FE1D48099001A82549089002A8FDF7DEFD01210020039114490291069005900420134908E00121002003910D4902910690059004200C490490E7E700200D4902F068FE0C48099068460C49DDE7FFF7D1FA10481521104AFEF72DFC0A4A084602F030FE046B00088B
S3FF0800308C0C6B0008EC6A0008F46A0008306B0008590C0008386B00085C13002000000020986B00080800002004ED00E0706B0008886B0008586B0008606B0008014640090022B2EB512F01BF01F01F01012202FA01F1064A04BF42F82010704780B56F46014A02F0FBFD00BFA86B000880E100E0014640090022B2EB512F01BF01F01F01012202FA01F1064A04BF42F82010704780B56F46014A02F0E1FD00BFB86B000800E100E041F21C40C2F200000068EFF3098C0246A2E8F05FEFF3058101F00F0100F010F841F21C40C2F200000068B0E8F05F90EC108A8CF309887047FEDEFFF7E1BFFEDEF0B503AF2DE90007B4B00D46774990460C688A46D0E93C
S3FF080031860896D0E94301FDF796FB27F8E20C72482040310778D5042D05D0052D0CD1210416D4002117E0E1061DD4E10729D1210629D40021002225E0CAF800000990E0034FF0050058BF0620A10148BF032015E0DAF810200121CAF800000220CDE90912ADF820001CE0CAF80000DAF80C0220F00100CAF80C020120CDF824908DF820000EE0042103E0DAF80C3001220021CAF800000020CDE909238DF821008DF820104F4D012188EC108AD5E84F0FC5E8421F002AF9D10028BFF35F8F70D137F8E20CFFF797FA00286CD00C4608A9204600F09EF8022803D02046FFF777FD0146A14262D0102973D24FF494723E4801FB020402F080FD3D4804600020F7
S3FF08003280BFF35F8F287034B0BDE80007F0BDCDE910500A23DAF80C000024129002253949DAF810000F9113AACDE90D1212AACDE90B1211A90A9120223349099110A908910C21139003208DF8CC00CDE931018DF8AC002A91229101218DF88C008DF86C00042030922F932E942C95CDE92825CDE926432495CDE92021CDE91E431C951A94CDE91824CDE916531495079014A906911E490390029108A9CDE9041002A81C49FDF767FCFFF778F9154802F0D9FC002012491890022015900E4814900120179002A816900C480390A7F1E200029014A8FDF74FFC044A084602F0C6FC28ED00E0BBBF0F0300000020246C0008080000201C1400205C6C00081518B7
S3FF0800337A00086C6C0008146C00084D190008590C0008E46B0008046C0008F0B503AF4DF804BD0F2830D80C464FF494711B4D00FB0156D6E94301FDF784FAB6F86C006C21062808BF6E217058F06606F1700094E80E000EC00020FFF7D2F90C4601280DD10F2C13D84FF49470012104FB00500125FFF72DF9002818BF022500E00125284621465DF804BBF0BD034A01E0044A204602F06DFC00BF2C700008080000203C700008B0B502AF044608780D460B2801D1002003E010462946FFF7AFFF15F80C2F0B2A01D102F086BC95E8070007C4B0BDB0B502AF0D46044611F80C0F0B2801D1002002E01046FFF798FF2A780B2A01D102F070BC95E8070007C472
S3FF08003474B0BDD0B502AF86B0044603A800F029F89DF80C000B2810D1DDE9040100228DE8070003A86946FEF74CFD0398072811D104980221C4E9001011E09DF80F10E171BDF80D10A4F80510DDE90412C4E90212207102E040F20770A0800120206006B0D0BDF0B503AF4DF804BD04460846164611461A461D4600F055F810B10B20314603E00121002035466170C4E90115207002F006BCF0B503AF2DE900074FF494721D4C00FB02401FFA81FA4FF000090025D0F89880194860F39F18194800F18006B5F5945F25D03078F8B16019B0F86C1006291AD1B0F86E20911E89B2042928BF042104290FD0032918BF02290DD1B0F87010514509D1032144F84F
S3FF0800356E0580C0F80490FFF7D6F801E0012AF1D005F594750136D6E7BDE80007F0BD08000020FCFFFF03881200200123FEF729BED4D4F0B503AF2DE9000FADB006460888D1E9011990460491012801F128046FF01F01059408BF6FF0270101EB0900894A069007A805A9FDF78AFA079D002D00F0F980DDF820A0B8F1000F4AD009A802F07FFB9DF82400002840F0EC80CDE901940422DDF82B900024DDF8498003960026A14519D9A9EB040BBBF1040F28BF9346002044450DD0DAF80CC02146099009AA28460423E047C0B2082840F0CA80099804225C444640E3E709A802F051FB9DF82400002840F0BD800020DDF84910DAF80C400423099009AA2846A1
S3FF08003668A047C0B2082840F0AF800998DDE90194B042039E40F0A980CDE902460726049C0B96616A206ACDE909010020584900F0C8F958490220219000200E96CDF80490CDE90C4900F0BDF922A802F01CFB02F07DFB40F0978004F120000090BDF89D004FF00208049022AC4FF000094FF0000B0498584540D0204602F005FB02F066FB7AD1BDF89D00834576D2204602F0FBFA02F05CFB70D1BDF89B000021DAF80C60224624910C23CDE9221109EB00012846B047C0B208285FD1B8F1070F13D822AA08EB480307CA09AE02F01F0246F8230006EB8300C0E90112219800F101080020CDF8848000E001202D4900F06AF90BF1010B09F10C09BBE722A84C
S3FF0800376229465246FDF71EFA02F023FB3AD1DDF8958022A829465246FDF714FA9DF88800029E78BBDDF8954054B122A802F0AEFA02F00FFB26D1DDF88F00001B051F00E00025039C09A9642204F1080002F0A1FC08EB0600B8F1000F08BF454608BF0120C4E91B05DDE90010C4E9001004E0039E0020F066022030702DB002F097BA084802F07DFA094802F07AFA044802F077FA00BF30720008407200085072000860720008807200089072000870720008F0B503AF2DE9000F8FB0834638691E4692468946FEF7A8FFB8B10C46102980F0DF8072484FF4947104FB010548465146FDF77DF88046D5E94301FDF778F880451DD96B483969FEF7BDFFD7F897
S3FF0800385C0C800021684810290ED045180C46013195F88020002AF6D1396907A8224600F0DDF89DF81C0060B140F20140ABF8000004E00020CBF804408BF800000FB002F038BA0120CDF800B085F88000FFF742F907A849465246FDF74FF84FF49471504804FB010BBDF81C005146ABF86A004846FDF770F80621ABF86C100321002808BF0221ABF86E1048465146FCF7E9FFABF868004046B9684FF00008CBE940100BF5847080E8000758466821CBF89880CBF8FC8002F0F3FB0BF19C000190306EDFF8ECA0CBE9468800EB4000CBE92088ABF814814FEA8009CBF89080B9F1000F1BD0B8F1070F10D808EB4800019901EB8000314691E82C002CC0DBF8C6
S3FF08003956FC0000F101080020CBF8FC8000E0012051460C3600F05EF8A9F10C09E0E7DBE94301FDF727F83D690DF1100A00261FFA80F8B0B2404515D2DBE943013246FDF726F80246CDE902010B46114650462A46FEF7C9FF9DF8100048B99DF8110058B90136E6E70099002008704C6069E7009940F20130088064E700200E490B900120079108900A900DA809900B480E9002A80B490D9007A8FDF701F9014A204602F078F9E0720008080000205C13002088120020986F0008F0720008590C0008F8720008000604BF0846704780B56F46104602F05BF900B9704780B56F46084602F054F9F0B503AF2DE9000781468A4601F00F001B49904660F00F0239
S3FF08003A5001EBC003FAB11D461B8813B36E88013205F108031FFA8AF4A642F3D12846FFF77FF802F085F9012089F80100002015E00D46098869B16B88013805F108011FFA8AF29342EAD00028F2D10120C9F8048004E002F06DF9002089F8010089F80000BDE80007F0BD00BF88120020038823B94180012142600180704780B56F4602482421024AFDF79AFD207100087C71000880B56F46ADF50A7D944A9548506095484169B1F1FF3F0CDC93498160934981604169B1F1FF3F04DC9D482F219D4AFDF77DFD4FF0FF31DFF838B2C2E904014FF002098C4800254FF0010A002682F820908046C2E90615B6F5945F1BD00BEB06046A21204602F0D8FA04F54C
S3FF08003B4A82701221C4E92055C4E93F5AC4F89850C4F89050A4F86E90C4F86A8002F0C1FAC4E9465506F59476E0E76AA900200022802A04D08B18885008325860F8E70DF1180B50210BF1800002F0ABFA6AA95846802202F0AAFA6D4C5946D022204602F0A4FA00200022C4F8D0003AA9C02A05D08B1888500C32C3E90100F7E765483AA9C02202F092FA0BF10800059059484FF4204A654D002400F110094FF48016CDF81090B4EB1A5F61D1584649462A465346D046FDF7FEFF9DF81E0000284DD09DF81F00002849D1BDF81C009DF8201000F01F00002926FA00F000EB080AE1D0BDF81820012ADDD16C9048F00060BDF81A206B900120ADF8AA21012216
S3FF08003C44ADF8A80158468DF8B4116AAE3146FFF7A5FC219C002C69D0059930466422A946069E079D02F044FA30462946DDF88880FCF722FECDE900482A4602904D46DDF810906AAB314658464FF480160024FFF7BDFD07999DF81800364AFFF7BBFEA3E7BDF81C0000F01F0026FA00F000EB080A9AE7DFF8A09009F19005FEF7B3FCDFF88C8004464FF494764CB128680F2826D800FB0680FEF7BAF9013C0435F4E76FF07F00F0B100F108014844B0F8800000280846F6D009EB0100C06FFFF727F80F2817D84FF4947100FB018402F034F815480021BFF35F8F01702046FEF7E3FA0F4A08E011481321114AFDF7D5FD124801F0D5FF0B4A01F0D6FF1C1413
S3FF08003D3E0020803801000020024023016745AB89EFCD08000020FF000600881200205C130020886D0008786D000800000020206D0008686D00083D2C0008207200081072000838680008A4680008F0B503AF2DE9000FD3B0B1F868600446DFF8DC8E0121D8E84F0FC8E8421F002AF9D10028BFF35F8F41F0AF823046FEF7DFFC002801F0AB828B460C2C00F2B881DFE814F00D00840121014D019700A001BA016C0110020201E4016200D700BBF10F0F01F2C2824FF49475DFF8889E0BFB05F059F800404FF6FF70210C814200F06B8218A801F086FBDDE918A6BAF1020F40F04083102E81F0CE824846C14601460BFB05084FF4947006FB001030F86C1F00
S3FF08003E38062940F0AB8330F8021F012900F2A68391B1B8F868200125B8F89810ADF860506FF39F2242EA8121ADF8621018A9FCF705FE002800F093830AA85946324601F087FB9DF828000C2840F063864FF0020A1696CDF854A08DE3BBF10F0F01F26F824FF49470DFF8DC4D0BFB00460BFB00F0D6F80490215818A801F034FBDDE918A5BAF1020F40F0A181102D81F071824FF49470C24605FB004849464046FEF7B8FB00240028C6E9004400F0A582B8F86A00D046B6F86A1088423CBF1695022400F04ABEBBF10F0F01F23C824FF49471DFF8740D0BFB0106D6E90354601980F009813168D6E9019835A801F0FCFADDE935A2BAF1020F40F0BB81CDF823
S3FF08003F32008035A801F033FFDDE935A0DDE93723BAF1020F40F0C183DFF82C8DC00700F0A281CDE900B5029418A8099C214601F0D0FB9DF860000C2840F0E88419980021C6E9001000F0F8BBBBF10F0F01F2FE814FF49470DFF8F46C0BFB00604568062D80F03C810168C146B0F89880B0F8684018A801F0BAFA1898002800F03F83012840F043839DF86420DDE91A010B2A00F03783BDF86640C8469DF8653020E1BBF1100F81F0D5814FF49470DFF89C4C0BFB00F1DFF8982C0BFB00409368D268635000F180067ACE0B4304BF1D461C46C0E901210C3070C0002400F0C0BDBBF10F0F01F2B8815A464FF49470DFF85C4C0BFB004109925043D1E901695E
S3FF0800402CD1F80CB0B1F898A0B1F86850215835A801F06EFA3598002800F0D081012840F0F5819DF8D800DDE9379B0B2800F00B82BDF8DA209DF8D9101EE3BBF1100F81F08E814FF49472DFF8081C0BFB0210DFF8043C0BFB02F29D68DE688958002900F01E81D0E901230024C168AD1A76EB030580F0F781012515E1BBF10F0F01F271814FF49472DFF8C81B0BFB02100BFB02F240688C58002800F09481012840F0D881C246DFF8B48B8FE1BBF10F0F01F25B814FF49470DFF8981B0BFB00142046FEF7FCFA012840F09A8000204FF6FF72C4E90002C4E902100021C4E9040000F03EBDBBF10F0F01F241814FF49471DFF8600B0BFB0104D4E90365A81934
S3FF08004126C0F09B8040F20710ADF854004FF0010AAAE2012014900020A0E1BBF10F0F01F229814FF49471DFF82C0B0BFB01060BFB01F17568415818A801F0DDF9DDE918A2BAF1020F40F0A58000245946009418A82B4601F0B2FBDDE918A11B98BAF1020F40F0FF81C6E90041B06000F0FDBCBBF10F0F01F201814FF49475DFF8D84A0BFB05F020586FF39F20FEF7E3FA002800F014810F2901F2F3804FF494720BFB054001FB024100241594B1F89820B1F8681002F03F026FF39F2141EA822101600220149000F0D1BC08208DF8600018A95846FFF7CDF80446169100F0C6BCDDE91A011791CDE9155059E0082307228DF855304FF0010A8DF854200C2237
S3FF080042200823ADF856402FE2B4F868102246B4F898004FF6FF73D5686FF39F21069241EA8024E80F29460122ADF840400490FEF77FFA0028059500F02781002400F086BC2168D4E9019835A801F058F9DDE935A2BAF1020F17D1CDF8008035A801F090FDDDE935A2DDE93701BAF1020F0DD1DFF8E889920700F155824FF0000A0120CDF858A01590F3E137983899179116901592CDF850A000F011BCDDE91A011791CDE91520CDF850A000F00FBCC16800250024C0E92054C0E92223C0F8901000F057BC3046FEF749FA002801F061808A460F29CDF824B001F25E804FF494710AFB01940AFB01F1D4E9028E6FEA08002546D4F810B055F8042F39F80110F8
S3FF0800431A6FEA0B0C4B1E0B2B00F24781DFE813F00C00B0029702630263026302630263026302DE0269020103824298BFE64500F2BD8318A82146434676462546FFF78EF8DDE918A0BAF1020F40F07B84FEF707FA002800F03C86102981F051804FF49470324601FB00905B46D0E91D1908912946B0F87260B0F86EA0B0F86C40B0F8708018A8FDF70EFF01F0F3FC40F05586DDE91901062CCDE91001079440F09186002900F0D2870021424601700120129014A810AB5146FDF7D1FC1498072800F0B787159900F0BBBF0120149002204CE0DDE9379B41E0C246DFF89488DFF894980025002005EB450109EB81010C390F2D0ED831F80C2F0135002AF8D032
S3FF080044148A88B24204BF8A68A242EDD14888C0470120E9E7C00702D00024D046ADE30120D04622E00896369E0F2E00F2BC876FF39F2545EA8A20ADF8D800EA4835904FF4947006FB004835A908F16C0001F048F9002800F015814FF00009DFF808884FF0020A082004211DE10120149006208DF8550007208DF854002FE3C0E92044C0F89010FEF7D7F878E3DDE91A011791CDE91560F2E0002D00F11281DFF8E0470DF128084FF4947500200790CDF824B0FEF7B1F8814600200026CA460A90B14515D004EB8600D0F89010594508BFB246CA450AD20F2900F20F87DFF88C0710AA01FB0500434601F0C2FA0136E7E704F19006DFF874474D464FF4947BBF
S3FF0800450EBAF1000F11D0002D00F059863168102980F05A8601FB0B4010AA434601F0A9FAAAF1010A013D0436EAE70A98012840F01881DDF82CB018AC099A4FF494752046594601F01AF89DF860000C2800F01181404621465A46FEF75AFF9DF828000B2840F01081DDE90B23DDE90701FEF799F8CDE90701DFF80C479CE71A9ACDE914A1CDE91620A9E20125042060F30F0440462146FEF7C0F8CDE915564FF0020ACDF850A0C84694E2142900F0E681152900F00E821F2900F07B82202900F0B182242940F00F81824200F27782042E40F0C78318A801F0BAFB01F0D1FB40F0C9841A98DDF824B0DFF88486012840F2E18419980188DFF87C061030FDF7B2
S3FF08004608B1FC04461920FDF7FFFE01F070FB18BF032118BF0322022808BF0A46002C18BF0022159257E2DDE91A014FF0020A0822042324E06FF39F2444EA8828199C0F2C00F2BC866A4818904FF4947004FB0060ADF8648018A96C3001F048F850B90A208DF861508DF860002046ADF8628018A9FEF78CFE4FF0020A082200200423C84614ACE050A150CDF850A024E26FEA0B00814543D907200121DFF8988D8DF855104FF0010A8DF854000C200821ADF8562014AA42F8019042F800B0CDF850A0DDF824B008E215A90DC1EEE50AA8294600F021FFDDE90AA8BAF1020F5FD1B8F1100F80F06F864FF49470DFF8501D08FB001021466C30FCF7CDF90028EA
S3FF0800470200F0308235A841465A4600F03CFF9DF8D4000C2840F08D8200200021DFF81C8D31E2D8E9031042184BD340F20710ADF8D40035A93046FEF72CFE81468B4695E6DDF82490324602915946CDE9009018A82B4600F0D6FF9DF860000C2840F0F48019980021C4E90010159100F003BC0798DDF824B00238B0FA80F04409F3E10798DDF824B0C1B220F0FF00DFF8AC8CF9E101F0FEFADDF824B042EA0141DDE90B3205E0DDE90C324FEA18215FFA88F040EA0120DFF8848CCDF850A0CDE91632159091E1CDE900614A46029018A809995B4600F097FF9DF860000C2840F0F98119980899C8E90010404601F0ADFA3CE640F2077069E100BF060005003A
S3FF080047FCDDF824B00025DFF8388C40F2FF3086424FF0000040F0AE83D4E943012646FCF74FF8FDF7ABFF002800F061820F2900F2E9854FF49470344601FB009090F81411002900F09683B0F89810B0F8680001F03F016FF39F2040EA81208BE3824200F2348118A801F07FFADDE918A0BAF1020F40F0F681DDF824B00104DFF8C48B1CBF81B28E4240F0828340F2073051E4824200F21B8118A821464346FEF71EFE01F076FA40F0F981DDE9190135AB0022A24607C318A835A9FDF740FB1898DDF824B0DFF87C8B07280DD1DDF8649018A835A9FDF722FB1898072804D19DF86440022C40F0878340F20771E4E1824200F2ED8018A801F033FA01F04AFA64
S3FF080048F640F0EA81DDE9190135AA002413C218A835A9FDF704FB1898DDF824B0DFF8288B072840F01D839DF86400C5E9004485F81401159424E3002094F81511C4E9001015904FF0020AC9E035A818A92246FEF76AFD04E035A818A94A46FEF77BFD9DF8D4000B2807D136984FF0000A37991690012017919AE49DF8D7108DF85710BDF8D510ADF855103799179136991691EFE2002340F2FF30864240F02C81D4E943010595FBF790FFD4E943012546FBF78BFF0890FDF7E6FE8046002800F0DF810F2900F225854FF4947001FB00900899B0F89840B0F868600020FDF701FF6FF39F2646EA8426CAE1824272D818A801F0BEF9DDE918A1BAF1020F40F0F7
S3FF080049F0738110A8FEF7CCF8BDF84000DDF824B0DFF8388A032800F07381DFF8982A14A810A9FEF707F9BDF85000012840F0688118AC14A900222046FEF7BAFD339E002E00F05E81079504F10801DDE9188535A8642201F057FB40462946DDF8D090FBF735FFFDF791FE002800F07F831029CDE904960695CDF8208080F0D8844FF49470DFF8D02901FB0024D4E94301FBF7A5FFDFF8E4B90025DFF8246A1FFA80F9A8B2484580F0FA82D4E943012A46FBF7A2FF8046FEF711FB4EA859464246FDF7CEFF4E983146FEF7B9FF0135E8E7824298BFE64540F21F8140F20710ADF854004FF0010ACDF850A0DDF824B0DFF86089BAF1020F01D1159C52E0BAF19B
S3FF08004AEA000F0CD014A818A904300A4690E83800584638C2FEF749FC0446084643E0BBF1100F80F02F844FF49471DFF82C390BFB01F2DDE9155417980BFB01319D5000224A6030E0042E64D1DFF82C091030FDF712FA00214FF0020AC4E9000115915EE018A80AA93246FEF77BFC01F019F95BD1DDE91956022D18BF012517E50024DFF8D088DDE9041041EA00410698FDF7D5FD002C4FF0010118BF02210020089A169241EA00041698BCB1012C07D15846FEF7DAF8102805D3DFF87029B3E3102880F0BB834FF49472DFF8901800FB021401F0DFF8DFF8A00804600020BFF35F8F88F8000053B001F09EB835A818A93246FEF737FC9DF8D4000B2841D145
S3FF08004BE4DDE9369B41E40422254600200021DDF824B0DFF84488A7E140F207304FF0010AADF85400DDF824B0DFF82C883DE59DF863104FF0010A8DF85710BDF86110ADF855101A991791199916918DF85400BBE40AA835A94246FEF7EFFB9DF828000B285BD1DDE90B01089100280FBF00240238B0FA80F0440985E71B9A1A9917921691159034E7DDE9369BBDF8D6209DF8D51014E500BF00000020080000201C140020FD300008C93000085C130020881200209DF86310BDF86120DDF824B042EA0141DFF8948740EA0121DDE9190215914FF0010A010E8DF85800000A1792CDF850A08DF85B10ADF8590007E701F024F8DFF8688740E1DDF824B0DFF81B
S3FF08004CDE5C87DDE91A02CDE9160206E0002034463FE101240021C5E90041CDE914A1EFE601F048F84AE5042E31D118A81646214672465B462546FEF7AFFBDDE918A4BAF1020F40F05C81284631464246FEF735FC002800F0A181DFF828072146324643461030FDF740F904465020B8FBF0F0FDF760FB00F0D1FF18BF032118BF0322022808BF0A46002C18BF00221592B4E640F20730ABE640F2FF30FDF7FFFC012840F02D8340F2FF300C46FDF79DFE002840F0288318A808992246FEF74FFE9DF86000002840F02183D5E94301FBF788FD01210024C5E9464401EB96210496B8F1000FCDF8188018BF01F03F08A5F868004FF494700AFB0090C5F898801D
S3FF08004DD8079500F58679D0E94301FBF7F2FDDFF880861FFA80FBA0B2584533D2D9E900012246FBF7F3FD81B200F00F00421E00EB400308EB83039E1C0F2A0AD033460C3633F8025C0132002DF6D01B888B42F3D110E008F102030022904200F073821E460C3336F8025C0132002DF5D035888D42F2D1013A02EB42000899013408EB80008180C8E70698D0B104995046FEF750FB00F0A8FFDDF824B00028DDF81C9000F0C7820F2900F2C7824FF49470DFF8BC2501FB00200121FDF7DBFB804605E04FF00008DDF824B0DDF81C90D9F80C1118A8FDF772FEBDF86000032800F08F82DFF8A805199E00F11005DFF8182606F1784335A82946FCF796FE9DF875
S3FF08004ED2DA00002800F07D829DF8DB00002840F078829DF8DC00002840F07382BDF8D6100122BDF8D400BDF8D830CDE9000118AC00212046FCF7CBFD00F00FFF002840F06C822846FDF723F8002840F06882B8F1000F08D000F049FFDFF81085002800F06F82022002E00120DFF800850022059DC9F8002014AC002308222B60606014A881500FE007210720CDE91643ADF856208DF855108DF85400FFF7E2B80020C4E9000515954FF0020AFFF788BB00F0CCFEDFF8B8841CE0FDF7F6FB00286ED0B5F868200923B5F898008DF860306FF39F2242EA8020ADF8620018AA08461146FEF7F0F90020C5E900001590DBE7072107204FF0010A40EA0120CDE9C7
S3FF08004FCC1643ADF85620CDF850A0ADF8540080E5DDE91A011791CDE9154074E540F207206DE54846FDF7C2FB002800F091808846102980F018824FF49470DFF83C1408FB001BBBF8980008905846BBF86850FDF7DDFC08986FF39F25E40745EA802502D0584600F08BFE40462946FEF767FA1FFA89F0864240F07480002C40F074804FF0020A012072E09DF86310BDF8612042EA014140EA0120DDE919211791CDE915022FE540F20720FFF75CB84FF0010A4FF480701796CDF858A0ADF8540023E594F81401002856D001204FF0004184F815012046FDF7D3FAB4F86C00DDF82080069D0628DDE9049652D1B4F86E00023880B2042828BF042000F0060013
S3FF080050C6022847D10020C049C4E90010204600F038FE3FE0002900F0418101214FEA182401705FFA88F01291DFE810F00B009F007B00B5007400D100DA00BB00EB009800F5001198012840F2F880109800214170022012906DE040F207204FF0010AADF85400FFF7CBBA0020CAE900004FF0020A0020CDF850A01590CAE40020DDF82080A4F87200092084F870000320E066069DDDE9049640F2FF30CDE9006902904EA835AB41462A46FEF750FB9DF83811DDE94E0421B1000600F0508101241DE0DFF834232146FEF745FC102C80F051814FF49470AA4904FB001040F2FF3100240123A0F86810AD49C0F898408A68C968C0E94634C0E94821FCF748FF09
S3FF080051C0DDF824B0DFF87482079D92E5B04A48464946FBF722FDAD4A98E011980228C0F07180109804215AE01198012840F28880109802214170129118A810A9089A4B46FCF779FD1898072823D111991298884280F07880002C18BF012410990C5401303FE035A810A909223346FCF750FD47E01198012864D91098012141700220129018A810AA0899FCF771FD1898072800F070801A9A19993792369154E01198022830D3109803211AE0119802285DD3109907224A7002211291DFE804F005050505050505055500119802284ED910988470032020E01198022814D31098052141700220129045E0119802280BD31098062141700220129035A810AA46
S3FF080052BA0899FCF736FD359834E0002041E0119802282DD310980821417002201290072027E0119801280ED910980A214170119803280AD9109846801198042805D9109804710520D0E710A836900020359020E05F4A084600F0EBFCFDF781F9804800F0E2FC764800F0DFFC7B4AF3E70228B0D10020359007280CD118A810AB07995246FCF71BFD1898072806D10720149012990BE01490369901E01999149020B1072803D040F2077081E610210020C5E90001FFF7E4BA664A16E0494A14E0354A12E03E4A10E0304A0EE0364A0CE03D4A0AE03B4A08E0354A06E03C4A04E0364A02E0344A00E02D4A5846B4E72C4AB1E7294A2846AFE7574800F096FC12
S3FF080053B43A4A5046A9E7314A00E0374A3046A4E7204A2046A1E7324A40469EE70000FFFF474800F083FC3B4800F080FC3A4800F07DFC3A4800F07AFC404800E03C48009014AA3C482B213C4BFCF7E5F93E4A83E72F4A81E7334800F069FC314A7CE7334800F064FC3A4A77E7224A75E723482E2100902348234B529452AAFCF7CCF9334ACAE7224AC5E700BF00000020446F000808000020546F0008246F0008346F0008046F0008146F0008206E00081C140020F46E00085C130020C46E0008B46E0008A46E0008106E0008846E0008946E0008606E00081C7000080C700008FC6F0008746E0008406E0008506E0008D06C000808730008187300085873C6
S3FF080054AE00082873000868690008586900083873000848730008D8730008E8730008D0710008E071000808740008F87300083D2C0008106D000804690008A869000898690008F46800081874000828740008006D0008F06C0008E06C0008306E0008C06C0008006E0008F06D0008E06D0008B0B502AF044608466FF39F200D46FDF725F990B110291ED212484FF4947201FB0200ABB2D0F8980000F03F02B2EB932F09D10220C4E90001B0BD40F20720A08001202060B0BD084A0021A16062F39F10C4E90010B0BD024A084600F0B7FB00BFC86F000808000020FCFFFF03F0B503AF2DE9000F8FB00F2900F2A6804FF49478544E01FB086581460792D5E9D6
S3FF080055A804BA05F1040EB5F898000690B5F8680005905FEA8A7001FB08F0AC6908949EE80C406FEA030C305A049002D04FF000080AE00C204FF00008A4FB006020B9F043824598BF4FF00108624503D90B20C9E9012306E06FEA0B0086450BD90B20C9E901EB89F80C0040F20710A9F800000FB000F079BBB8F1000F15D007984FF49474314E00FB04684443D8F804C034591CEB0406089E0ED340F20711C9E9014CA9F80C100B2047E00B2089F80C000898C9E901A0D8E78DE8111009AC204600F04EF89DF824000C2823D1059900220698C8F814606FF39F2141EA80200A9980B2C8E9002008F10802049882E80308B8F86810B8F898006FF39F2141EABC
S3FF080056A280200004411D2846FDF73BF8404600F04AFB0C2012E09DF8271009F1080289F80310BDF82510A9F8011004F10801DDF828C091E8780078C2C9F804C089F8000098E7014A084600F0FEFAE46E00080800002080B56F46FDF7A6FB80F0010080BDD4D4F0B503AF2DE9000F8FB0D7F810801C46D7F808909246434538BF98460E46834649451DD2CDF808B006F1010B654A0BA8594600F077F90C99B14240F2A4800E99A9EB0B00884280F0A4800B994FF494730D9A00FB0325DDF808B006FB03111AE0B14580F0948009F10105534A0BA8294600F058F90E99701B884280F08D800C99494540F28C800B994FF494730D9A09FB031500FB032103A8F5
S3FF0800579C52462346FE68FDF798FE3B690021581E41F1000144B139B104EB0A010139B14224BF3044504552D20BA829463246FCF7F7FC9DF80C409DF82C50DDE90C960B2CBDF82D00ADF818009DF82F008DF81A0008BF0B2D26D00B2C05D003A80B22411C07A800F077FC0B2D1FBF9DF81A008DF82A00BDF81800ADF828008BF800400BF1010007A90B2200F065FCBDF82800ABF80D009DF82A008BF80C50CBE904968BF80F0011E0B04532D80599884534D8049A4146214843460090484600F033FA0C20CBF804808BF800000FB000F052BA4FF001099DF80C409DF82F0000258DF82D908DF81A00BDF82D00ADF81800B3E7104A3046FBF7C4F900F0EDF843
S3FF080058960E4AFBF7BFF9084AFBF7BCF9084A4846FBF7B8F90C4A40463146FBF771FB084A4046FBF76DFBC0700008D0700008E0700008F07000080071000810710008A07000089070000880700008F0B503AF2DE9FF0B15460F2A00F2928081464FF494704A4E01FB0061984605FB0064484B0193B1F89820B1F8681004F16C006FF39F2141EA8221ADF8081001A9FFF7E8FE30B100200121C9E90001C9F8080018E06069810707D1D4F818C00C22ACFB02320AB91A1811D340F20710ADF8040001A92846FDF71DFD01220023C9E90032C9E9020108B0BDE8000BF0BDBCF1000F2BD04FF49472D4F8FC4005FB0262034404EB4404A432A40084B152F8086C15
S3FF08005990864209D852F8041C31448B4204D8116801F01901012911D00C3C0C32EDE7079001244FF480700694ADF8140005A92846FDF7E8FC0022C9E90024CAE7C44516D908EB4802B968002400EB8200D0E90123551844F100048B420CD35CB900685B1A02241144C9E90213C9E90040B3E740F2074001E040F20750A9F804000120C9F80000A8E7014A284600F066F9D46E00080800002006000500D0B502AF86B011293FBF0E4AC1F110034FF4947401FB04243FBFC0E90021C0E9024306B0D0BD00200121019104490490039004200091114602906846FBF7C5F8506900080800002080B56F460148FBF74CFF00BFB0700008F0B503AF4DF804BD0D4666
S3FF08005A8A118806466C301C46FBF702F850B12168B6F86A0011B12189884203D220810120C4E9000500F031B9D4D4F0B503AF4DF8048D8CB0D1E905540C22E6681F49D0F800802846B04708BBD8F818001C4900F10C020591CDE9031200F1080102911849CDE9000100200A90032069460990CDE9070121461448069006AA2846FBF79EFD20B9114928460222B04720B101200CB05DF8048BF0BD08F10806D8F81400D8E900C14CCE0B9008A84CC02846CDE906C106AA2146FBF782FDE9E7D4650008590C000833160008BC650008E0650008E0B502AF00228029019203D28DF80410012230E002220B4662F39F13B1F5006F05D28DF80530C02343EA9111EF
S3FF08005B8421E0B1F5803F0DD28DF80630E02343EA1133890962F39F118DF804308DF80510032212E08DF807308B0962F39F138DF806300B0B890C62F39F131E2262F3DF0104228DF805308DF8041001A900F002F800208CBD002A46D0F0B503AF4DF804BD0068CB0706D00368DB07FCD011F8013B013A037001F00303022B08D1022A27D30368DB07FCD031F8023B023A038032B3930800240D469C4206D00668F607FCD040CD01340660F6E722F0030302F003021944022A06D30368DB07FCD031F8023B023A0380012A0AD10268D207FCD004E0012A04D10268D207FCD0097801705DF804BBBDE8F04000207047D4D40A46496801290149FBF7E5BC3874AF
S3FF08005C7E000880B56F468AB00090002072B6059002200290094801900120049007A8039007480890684607904FF06040099009A801A9FFF7DEFFFEE700BF54740008B55A0008D0B502AF0C46994201BF11462246BDE8D04000F00DBABA6820461946FBF79EFE80B56F46FBF715FE1021FAF796BF29465246FAF733BF00221691C5E900424FF0020A02210122CDF850A0002C7047BDE8000FF0BD5DF804BBF0BDDDE91943BDF862209DF86110DDF824B070472846314622462023FCF746B90690012002910390059008A8049070470321FCF7EBBCC4E901010B202070B0BD214643462546FDF7BABB214643462546FDF785BB25460C3435F8026C0133002E46
S3FF08005D7870472046FCF764BA284651464246FDF799BE9DF860000B2870479DF82B104FF0010ABDF82920704759464B460992FFF79BBD294652464346FCF738BE9DF88800002870470420FCF7DBBC00F05AB800F09FB8042A18D3B0B502AFA2F1040E012303EB9E0313F0030414D08C4603465CF8045B012C43F8045B15D1184661467246BEF10C0F21D208E08C46034618466146FFF7DDBFBEF10C0F17D2BDE8B04018466146FFF7D4BF4B68022C436003D1083A0831083004E08B680C3A83600C310C3003468C46BEF10C0FE7D30B68103A0360032A4B6843608B688360CB6801F11001C36000F11000F0D88C460346BDE8B04018466146FFF7ABBF0B46EC
S3FF08005E7211461A4600F0EBB8D2B2042938BFFFF7F6BFD0B502AF4FF00133A1F1040E5343012404EB9E0414F003040AD08446012C4CF8043B0DD160467146BEF10C0F19D202E0BEF10C0F15D2BDE8D0406046FFF7D6BF022C436006D1083908308446BEF10C0F07D2F0E783600C390C308446BEF10C0FE9D31039C0E90033C0E9023310300329F7D88446BDE8D0406046FFF7B7BF0022FFF7B9BFF0B503AF2DE90007102A63D3434213F0030400EB040C16D003460E46357803F8015B63450FD2757803F8015B63453EBFB57803F8015B634505D2F578043603F8015B6345EAD3A2EB040E01EB04092EF003080CEB08035FEA89713ED0B8F1010F54DB1821B0
S3FF08005F6C29F0030201EAC90A4FEAC90102F108054942126801F0180655F8041C22FA0AF201FA06F422434CF8042B9C453CD22A6821FA0AF102FA06F421434CF8041B9C453FBF696822FA0AF201FA06F422433CBF4CF8042B9C4527D2AA6821FA0AF1103502FA06F421434CF8041B9C45D4D31BE00346F2B933E0B8F1010F15DB4C4621684CF8041B9C450FD261684CF8041B9C453EBFA1684CF8041B9C4505D2E16810344CF8041B9C45EAD309EB08010EF00302AAB11A440E7803F8016B93420FD24E7803F8016B93423EBF8E7803F8016B934205D2CE78043103F8016B9342EAD3BDE80007F0BDD0B502AF102A35D3434213F0030E00EB0E0C0FD0034652
S3B30800606603F8011B63453FBF03F8011B634503F8011B634503D203F8011B6345F0D3A2EB0E0E2EF003020CEB0203012A13DBCAB24FF0013462434CF8042B9C450BD24CF8042B9C453CBF4CF8042B9C4503D24CF8042B9C45EFD30EF0030212B912E0034682B11A4403F8011B93420BD203F8011B93423CBF03F8011B934203D203F8011B9342EFD3D0BDFFF709BFFFF769BEFFF769BEFFF703BF70460421084202D1EFF3088002E0EFF30980FFE7FEE7D4D49F
S3FF080061144D53492073656C656374656420617320504C4C20736F757263652C20627574206E6F7420656E61626C656400146100082B0000007372632F636C6F636B732E7273000000486100080D0000004A010000190000004853452073656C656374656420617320504C4C20736F757263652C20627574206E6F7420656E61626C656400686100082B000000486100080D0000004201000019000000486100080D000000680100001C000000617373657274696F6E206661696C65643A20737973636C6B203C3D2038305F3030305F3030300000486100080D0000007801000009000000617373657274696F6E206661696C65643A2070636C6B31203C3DC2
S3FF0800620E20737973636C6B000000486100080D0000009E01000009000000617373657274696F6E206661696C65643A2070636C6B32203C3D20737973636C6B000000486100080D000000B901000009000000617373657274696F6E206661696C65643A20706C6C636F6E662E6E203E3D2038696E646578206F7574206F6620626F756E64733A20746865206C656E20697320486100080D000000D60100000D000000617373657274696F6E206661696C65643A20706C6C636F6E662E6E203C3D203836000000486100080D000000D70100000D000000617373657274696F6E206661696C65643A20636C6F636B5F7370656564203E3D20345F3030305F303C
S3FF0800630830300000486100080D000000D80100000D000000617373657274696F6E206661696C65643A20636C6F636B5F7370656564203C3D2031365F3030305F30303000486100080D000000D90100000D000000617373657274696F6E206661696C65643A2076636F203E3D2036345F3030305F30303000486100080D000000DA0100000D000000617373657274696F6E206661696C65643A2076636F203C3D203333345F3030305F303030486100080D000000DB0100000D000000617373657274696F6E206661696C65643A206F75747075745F636C6F636B203C3D2038305F3030305F303030486100080D000000DC0100000D000000486100080D00FC
S3FF0800640200007C0100001F000000696E7465726E616C206572726F723A20656E746572656420756E726561636861626C6520636F6465486100080D0000007E01000016000000486100080D0000009101000020000000486100080D0000009301000016000000486100080D000000A201000020000000486100080D000000A401000016000000A0860100400D0300801A060000350C0040420F0080841E0000093D0000127A000024F40000366E010048E801006CDC02000000000800000004000000B90A00082F686F6D652F727573686E616E2D7265617A2F636F6E636570742D6F732F7379732F6162692F7372632F6C69622E7273C46400083000000060
S3FF080064FC9A00000041000000C4640008300000009B0000001B000000C464000830000000A600000041000000C464000830000000A70000001B000000C464000830000000B200000041000000C464000830000000B30000002A0000002F686F6D652F727573686E616E2D7265617A2F636F6E636570742D6F732F6C6962732F6362665F6C6974652F7372632F6C69622E72730000546500083600000058000000170000002900000044656275674D6F6E2C204D4D4641523D01000000000000003A0000000100000000000000B865000801000000B86500080100000070616E69636B6564206174203A0A6578706C696369742070616E6963E26500080E00C9
S3FF080065F60000206275742074686520696E6465782069732000007C62000820000000F8650008120000003A20000001000000000000001C660008020000006C6962726172792F636F72652F7372632F666D742F6E756D2E727300306600081B00000069000000170000003078303030313032303330343035303630373038303931303131313231333134313531363137313831393230323132323233323432353236323732383239333033313332333333343335333633373338333934303431343234333434343534363437343834393530353135323533353435353536353735383539363036313632363336343635363636373638363937303731373267
S3FF080066F037333734373537363737373837393830383138323833383438353836383738383839393039313932393339343935393639373938393972616E676520737461727420696E64657820206F7574206F662072616E676520666F7220736C696365206F66206C656E677468200000266700081200000038670008220000004475706C696361746564204952513A2072616E676520656E6420696E64657820060003000000000000000000000000007C670008100000003867000822000000736F7572636520736C696365206C656E67746820282920646F6573206E6F74206D617463682064657374696E6174696F6E20736C696365206C656E67746859
S3FF080067EA2028AC67000815000000C16700082B0000009C65000801000000617474656D707420746F20646976696465206279207A65726F0000000468000819000000B46800083F000000A300000011000000617373657274696F6E206661696C65643A2021666C6173682E63722E7265616428292E6C6F636B28292E62697428292F686F6D652F727573686E616E2D7265617A2F636F6E636570742D6F732F626F617264732F73746D33326C34373672672F7372632F6C69622E72730000676800083B0000008C000000090000002F686F6D652F727573686E616E2D7265617A2F636F6E636570742D6F732F6C6962732F666C6173685F616C6C6F63617448
S3FF080068E46F722F7372632F666C6173682E727300B46800083F000000030200002F000000B46800083F0000000502000024000000B46800083F000000AB0100003D000000B46800083F0000002B0200002F000000B46800083F0000002D0200002400000028296D6964203E206C656E004669000809000000000000000400000004000000211E000863616C6C65642060526573756C743A3A756E777261705F657272282960206F6E20616E20604F6B602076616C75650000000000000000000001000000ED1B000863616C6C65642060526573756C743A3A756E77726170282960206F6E20616E2060457272602076616C756500676800083B0000002A0190
S3FF080069DE000010000000417373657274696F6E206661696C656421000000E4690008110000002F686F6D652F727573686E616E2D7265617A2F636F6E636570742D6F732F7379732F6B65726E2F7372632F617263682F61726D5F6D2E7273006A0008380000000A01000005000000006A0008380000001001000034000000006A0008380000002E0100000E000000006A0008380000003101000035000000006A0008380000003A01000038000000006A0008380000003501000017000000006A0008380000000301000005000000006A000838000000F90100000D000000006A0008380000001F03000005000000006A0008380000002703000041000000D0
S3FF08006AD8006A000838000000290300001E0000004E4D4900E86A000803000000006A0008380000004A0300000E000000A065000808000000006A000838000000510300000F000000756E6B6E6F776E20657863657074696F6E2000001C6B000812000000006A0008380000006B0300000E000000756E68616E646C656420495251200000486B00080E000000006A0008380000005B03000028000000495251206D697373696E6720636F6D706F6E656E74000000006A0008380000006303000049000000006A0008380000006403000011000000006A0008380000007603000009000000006A00083800000080030000090000004B65726E656C2066617509
S3FF08006BD26C74203A20434653523D2C20424641523D00C86B00080D000000D56B000807000000A865000808000000DC6B000807000000006A0008380000004704000009000000006A000838000000AA04000031000000006A000838000000B60400001E000000617474656D707420746F2072657475726E20746F205461736B2023206166746572206661756C7400346C00081B0000004F6C00080C000000006A000838000000B30400000D000000006A000838000000560500003C0000002F686F6D652F727573686E616E2D7265617A2F636F6E636570742D6F732F7379732F6B65726E2F7372632F6B6970632E727300008C6C0008320000001E000000A9
S3FF08006CCC3B0000008C6C0008320000001F000000100000008C6C0008320000009E000000180000008C6C000832000000BF0000001A0000008C6C000832000000350100001D0000008C6C0008320000006D010000510000004E6F20436F6D706F6E656E74204C6F616465642F686F6D652F727573686E616E2D7265617A2F636F6E636570742D6F732F7379732F6B65726E2F7372632F737461727475702E7273336D0008350000007700000020000000336D0008350000007C0000001B000000336D0008350000007100000028000000336D00083500000092000000090000002F686F6D652F727573686E616E2D7265617A2F636F6E636570742D6F732F66
S3FF08006DC67379732F6B65726E2F7372632F73797363616C6C732E72730000A86D000836000000510000003B000000A86D0008360000006000000029000000A86D0008360000005900000029000000A86D0008360000007E0000001F000000A86D000836000000900000001F000000A86D000836000000A40000000D000000A86D000836000000BC00000009000000A86D000836000000D300000008000000A86D000836000000090100001B0000000100FFFFA86D0008360000002C0100000C000000A86D0008360000008601000016000000A86D0008360000009701000008000000A86D0008360000000A02000010000000A86D00083600000046020000A4
S3FF08006EC010000000A86D0008360000008202000010000000A86D000836000000A102000008000000A86D000836000000220300001D000000A86D0008360000005303000010000000A86D0008360000008E0300001B000000A86D000836000000980300001C000000A86D000836000000AA03000010000000A86D000836000000B303000010000000A86D000836000000D403000018000000A86D000836000000E9030000080000002F686F6D652F727573686E616E2D7265617A2F636F6E636570742D6F732F7379732F6B65726E2F7372632F7461736B2E72730000646F0008320000008300000028000000646F000832000000E70100000D000000646F57
S3FF08006FBA0008320000007A03000019000000646F000832000000B3030000110000006E6F207461736B732072756E6E61626C65000000646F000832000000C80300000A000000646F0008320000000404000015000000646F000832000000050400001D000000646F0008320000000004000021000000646F0008320000002204000015000000646F0008320000003A0400001F0000002F686F6D652F727573686E616E2D7265617A2F636F6E636570742D6F732F7379732F6B65726E2F7372632F756D656D2E727300004C70000832000000380100000F0000004C7000083200000038010000310000004C70000832000000380100001C0000004C700008D8
S3FF080070B43200000051010000090000004C700008320000004E010000290000004C700008320000004F0100000F0000004C700008320000004F010000290000004C700008320000004B010000290000004C700008320000004C0100000F0000004C700008320000004C0100001F000000617373657274696F6E206661696C65643A2073656C662E6B65792E69735F6E6F6E6528292F686F6D652F727573686E616E2D7265617A2F636F6E636570742D6F732F7379732F6B65726E2F7372632F737472756374757265732E72734471000838000000CE00000009000000617373657274696F6E206661696C65643A2073656C662E6B65792E69735F736F6D655A
S3FF080071AE28294471000838000000D3000000090000004471000838000000CB010000110000004471000838000000DF010000260000004471000838000000E1010000310000004471000838000000FF0100000D0000004471000838000000130200002400000044710008380000002F0200002E00000044710008380000003A0200000E000000000000000800000004000000B90A000844710008380000008A0200001F00000044710008380000009302000020000000447100083800000094020000260000004471000838000000A70200002F000000447100083800000099020000310000004471000838000000A40200000E000000447100083800000021
S3FF080072A8C2020000110000004471000838000000C8020000120000004471000838000000CE0200000E0000004471000838000000D1020000360000004471000838000000E40200001B0000006C6700081000000044710008380000000B0300001900000044710008380000002703000025000000447100083800000034030000210000004471000838000000540300001800000044710008380000004D0300002200000044710008380000004F0300000D00000044710008380000003C0300001600000044710008380000006303000015000000447100083800000095030000470000004471000838000000960300001D0000004471000838000000730316
S3C7080073A20000360000004471000838000000740300002100000044710008380000007C03000015000000447100083800000087030000120000004471000838000000A80300001F0000004471000838000000B20300000A0000004471000838000000C9030000360000004471000838000000CA030000190000004471000838000000D1030000060000004471000838000000BD03000012000000000000000400000004000000D95B0008595B0008715C00080A00000001000000000000005074000801000000B6
S309080074640100000015
S3D50800A0000000000000000000FFFFFFFFFFFFFFFF0000000000000000FFFFFFFF0900FEFF001A0020000100007F4342460100A80000000800010000000400000000000000000000000000000000000000A4000000FF00010000010000410000000000000000000000FFFFFFFFBFF34F8FBFF36F8F00F001F8FEDE80B56F4600F002F830BFFDE780B56F4688B000200421CDE9050101210790CDE902101420CFF6FF700491019001A800F005F8002804BF08B080BDFEDE2DE9F00F90E8F0074FF0000B00DF20462946BDE8F00F7047FEDE6F111F9251
S3FF0800A8000000000000000000FFFFFFFFFFFFFFFF0000000000000000FFFFFFFF0900FEFF001B0020000100007F4342460100A403000002000100000000003C0001000000000048000200000000000000A0030000000001000001000051000000000000000000000000100240000400000B000000E8010041F001009FBFF34F8FBFF36F8F00F002F8FEDEDEDE80B56F468AB000F04FF900200821CDE9020002A80022002305AC009400F069F9002840F0B08041F2000802ADC4F202084FF6FF7A4FF001090EE001210122002300F068F92846082100220023009400F050F9002840F09780BDF814005045F1D006994A1E042AE8D20799082900F28B80D2B290
S3FF0800A8FADFE802F0024B1B3308295ED1029B042B5BD803990FF20C0606EB83064822B74600BF00F061B800F006B800F074B800F05AB800F054B84C2256E0082945D1029B042B42D803990FF2080606EB83062822B74600F049B800F006B800F05CB800F038B800F034B82C223EE008292DD1029B042B2AD803990FF2080606EB83062822B74600F03AB800F006B800F044B800F024B800F020B82C222FE0082915D1029B042B12D803990FF2080606EB83064822B74600F022B800F006B800F02CB800F01BB800F00EB84C2217E002217DE740220AE0382208E040220FE038220DE0602202E0602209E0582201F01F0158F8023009FA01F1194308E05822E6
S3FF0800A9F401F01F0158F8023009FA01F123EA010148F80210002122465BE7FEDE4AF6B4314FF06040C0F60001142200F001F8FEDEB0B502AF002A00F08080CB0710D00368DB0709D10368DB0704BF03685FEAC37302D10368DB07F2D011F8013B013A037001F00303022B12D1022A55D30368DB0709D10368DB0704BF03685FEAC37302D10368DB07F2D031F8023B023A0380002A53D022F0030C5FEA920E16D000230C4605E054F8045B0133734505600DD00568ED07F6D10568ED0704BF05685FEAC575EFD10568ED07F2D0EBE702F003026144022A10D30368DB0709D10368DB0704BF03685FEAC37302D10368DB07F2D031F8023B023A0380012A18BF84
S3E30800AAEEB0BD0268D20719D10268D20704BF02685FEAC27212D10268D207F2D00EE0012A0ED10268D20709D10268D20704BF02685FEAC27202D10268D207F2D009780170B0BD80B56F4688B000200421CDE9050101210790CDE902101420CFF6FF700491019001A800F005F8002804BF08B080BDFEDE2DE9F00F90E8F0074FF0000B00DF20462946BDE8F00F7047FEDE2DE9F00F04460D4616461F46089B4FF0010B00DF204683E8E003BDE8F00F7047FEDE2DE9F04804460D4616461F464FF0020B00DFBDE8F088FEDE41484233206E6F7420737570706F72746564210AC45F88B899
S3FF0800B0000000000000000000FFFFFFFFFFFFFFFF0000000000000000FFFFFFFF0900FEFF001C0020000400007F4342460100D40500000F0001000000000000000000000000003C000E00000074000100D00500000A00010000040000810000000000000000000000C2000041CA00009F440100414C01009F560100415E01009F6C0100417401009F84010042880100429001009E9401009ED6010041DE01009F100000000100000000000000BFF34F8FBFF36F8F00F018F8FEDE80B56F4688B014200421009000200790CDE905010120CDE90310684602900020C0F2FF30019001A800F0FFF9FEE780B56F4688B04BF24C514FF06040C0F600011B2200F05A
S3FF0800B0FAD4F80020019000F0A9F90446000439D002AD284600F011FADDE9020242F210714FF0804309184FF0010042F1000200F0F8F9C8F2000401A804214FF080422346009500F0DDF9E8B9BDF808004FF6FF71884217D00020002100224FF08043049C00F0DFF9042C00D9FEDE04BF0198142808D14BF2BC514FF06040C0F600011D2200F093F84BF267514FF06040C0F60001142200F08AF800F08EF94BF27B514FF06040C0F60001192200F07FF8012000F039F94BF294544BF2A75602AD1020C0F60004C0F60006ADF8080002E000F05BF9C0B94FF060402146132200F066F841F28830002100F0E7F828460221032200F014F80028EAD04FF06040C1
S3FF0800B1F43146152200F054F8E3E74BF2D9514FF06040C0F600011E2200F04AF8FFF751FFF0B503AF2DE9000F8BB00688044600250420CDE907504FF0080B3004A7F11D0A0130039003A80DF10409CDE901120995CDF818A0CDF814B0CDF8109000F046F9C0B10DF10C0810F5807F19D36FF39F26099546EA80260420089030042680013003904046CDE906A5CDE9049B00F02EF90028E8D159B900200BB0BDE8000FF0BD012818BF02200BB0BDE8000FF0BDFEDEB0B502AF002A00F08080CB0710D00368DB0709D10368DB0704BF03685FEAC37302D10368DB07F2D011F8013B013A037001F00303022B12D1022A55D30368DB0709D10368DB0704BF03686C
S3FF0800B2EE5FEAC37302D10368DB07F2D031F8023B023A0380002A53D022F0030C5FEA920E16D000230C4605E054F8045B0133734505600DD00568ED07F6D10568ED0704BF05685FEAC575EFD10568ED07F2D0EBE702F003026144022A10D30368DB0709D10368DB0704BF03685FEAC37302D10368DB07F2D031F8023B023A0380012A18BFB0BD0268D20719D10268D20704BF02685FEAC27212D10268D207F2D00EE0012A0ED10268D20709D10268D20704BF02685FEAC27202D10268D207F2D009780170B0BDF0B503AF4DF8048D88B002AC05460E46204600F0B7F8DDE902014FF080432D184FF001004E412946324600F09FF84FF6FF78C8F2000808E08A
S3FF0800B3E8204600F0A3F8DDE90201401B71EB06000DD2012000214FF040424346009400F078F80028ECD10398B0F1FF3FE8DC08B05DF8048BF0BD80B56F4688B007F81D0C002004210790CDE905010120CDE90300A7F11D0002900A20CFF6FF70019001A800F04AF8002804BF08B080BDFEDE80B56F4688B000200421CDE9050101210790CDE902100B20CFF6FF700491019001A800F032F808B080BD80B56F4688B000200421CDE9050101210790CDE902100C20CFF6FF700491019001A800F01DF8002818BF012008B080BD80B56F4688B000200421CDE9050101210790CDE902101420CFF6FF700491019001A800F005F8002804BF08B080BDFEDE2DE92A
S3FF0800B4E2F00F90E8F0074FF0000B00DF20462946BDE8F00F7047FEDE2DE9F00F04460D4616461F46089B4FF0010B00DF204683E8E003BDE8F00F7047FEDE2DE9F04804460D4616461F464FF0030B00DFBDE8F088FEDE2DE9F00F4FF0090B00DF80E8F003BDE8F00F7047FEDEDEDE5B544553545F415D2057616974696E6720666F722073746174650A5B544553545F415D2041637469766174696E670A5B544553545F415D2053657474696E672068616E646C65720A5B544553545F415D207631206F6E6C696E650A5265717565737420746F2042206661696C6564210A5B544553545F415D20476F7420737461746520636F727265636C79210A5B5445B6
S3250800B5DC53545F415D205374617465207472616E73666572696E672E2E2E0A00234F60B3A0
S3FF0800B8000000000000000000FFFFFFFFFFFFFFFF0000000000000000FFFFFFFF0900FEFF00300020000400007F4342460100F4040000100001000000040000000000000000003C000A00000000000000F00400000A00010000040000690000000000000000000000160100411E01009F320100413A01009F5C010042600100426A01009E6E01009ED4010041DC01009FFFFFFFFFBFF34F8FBFF36F8F00F017F8FEDE80B56F4688B00090002004210790CDE905010120CDE90310684602900020C0F2FF30019001A800F0ACF9FEE780B56F468AB00026019600F077F90446000438D004AD284600F0D3F9DDE9040242F210714FF0804309184FF0010042F1D1
S3FF0800B8FA000200F0BAF9C8F2000401A804214FF080422346009500F093F9E0B9BDF810004FF6FF71884216D00020002100224FF08043069C00F0A1F9042C61D804BF0198152808D14BF6B5414FF06040C0F600011D2200F062F800F04EF9012000F01AF94BF6A4414FF06040C0F60001112200F054F802A808214FF00042002304ACCDE90266009400F05CF9D0BB4BF6D2484BF6E74902AD4FF6FF7AC0F60008C0F600090DE001210122002300F05BF9284608214FF000420023009400F042F900BBBDF8100050451DD005990129EAD10699082916D8E6D106464FF060404146152200F01CF84FF47A70002100F09DF84FF060404946112200F011F83046D3
S3FF0800B9F400212246D2E7FEDE4BF6F8414FF06040C0F600011E2200F003F81520FFF745FFB0B502AF002A00F08080CB0710D00368DB0709D10368DB0704BF03685FEAC37302D10368DB07F2D011F8013B013A037001F00303022B12D1022A55D30368DB0709D10368DB0704BF03685FEAC37302D10368DB07F2D031F8023B023A0380002A53D022F0030C5FEA920E16D000230C4605E054F8045B0133734505600DD00568ED07F6D10568ED0704BF05685FEAC575EFD10568ED07F2D0EBE702F003026144022A10D30368DB0709D10368DB0704BF03685FEAC37302D10368DB07F2D031F8023B023A0380012A18BFB0BD0268D20719D10268D20704BF0268E8
S3FF0800BAEE5FEAC27212D10268D207F2D00EE0012A0ED10268D20709D10268D20704BF02685FEAC27202D10268D207F2D009780170B0BDF0B503AF4DF8048D88B002AC05460E46204600F0ABF8DDE902014FF080432D184FF001004E412946324600F093F84FF6FF78C8F2000808E0204600F097F8DDE90201401B71EB06000DD2012000214FF040424346009400F060F80028ECD10398B0F1FF3FE8DC08B05DF8048BF0BD80B56F4688B007F81D0C002004210790CDE905010120CDE90300A7F11D0002900A20CFF6FF70019001A800F032F8002804BF08B080BDFEDE80B56F4688B000200421CDE9050101210790CDE902100B20CFF6FF700491019001A8FF
S3FF0800BBE800F01AF808B080BD80B56F4688B000200421CDE9050101210790CDE902101420CFF6FF700491019001A800F005F8002804BF08B080BDFEDE2DE9F00F90E8F0074FF0000B00DF20462946BDE8F00F7047FEDE2DE9F00F04460D4616461F46089B4FF0010B00DF204683E8E003BDE8F00F7047FEDE2DE9F04804460D4616461F464FF0020B00DFBDE8F088FEDE2DE9F04804460D4616461F464FF0030B00DFBDE8F088FEDE2DE9F00F4FF0090B00DF80E8F003BDE8F00F7047FEDEDEDE5B544553545F425D204F6E6C696E65210A5B544553545F425D20476F7420737461746520636F727265636C79210A5B544553545F425D20476F74207265715A
S33F0800BCE2756573740A5B544553545F425D205265706C6965640A5B544553545F425D205374617465207472616E73666572696E672E2E2E0A0000BEA2219C99
S3FF0800C0000000000000000000FFFFFFFFFFFFFFFF0000000000000000FFFFFFFF0700FEFF00200020001000007F4342460100F812000004000100000004003C0001000000000048001100000000000000F412000014000100001000009100000000000000000000000000000800001000070000004003000044030000E40D0000E80D0000EC0D0000800E0000840E0000880E00008C0E0000980F0000B8120000BC120000C0120000C4120000C8120000CC120000D0120000FFFFFFFFBFF34F8FBFF36F8F00F08CFAFEDE8BB20022B2EB532F07D1DA02C0F6000102F10062C0E90121012202607047F0B503AF4DF8048D0022B2EB512F01BF01F2FF110430B1
S3FF0800C0FA425C002A00D0FEDE4FF0010C6FF0080340F2FE38002540F2FE7E00F801C0C3B14A1E82F0010601364645ECD8845D84B18555445C002CE6D000294554E3D07145E1D85108425C002ADDD100F801C00133E5E75DF8048BF0BDF0B503AF2DE9E00FD1E90054A7F126098E688A4680464FF4801BB6F5801F11D2E26848462946334600F097F917F8200C10B117F81F0C48B100F0E0FF0644CAF80860EAE70320A8F8000014E037F8222C4FF4801317F81E0C46F0006102F01F0288F80C0057F8260C23FA02F2A8E807009019CAF80800BDE80E0FF0BDF0B503AF4DF8048D804600680D4688421ED305F01F00012108F1030608F1040C01FA00F040F240
S3FF0800C1F4FF3301184A1E002D08BF0122411E91420AD2994229D2345C0130002CF6D000200CF8010001201DE0BDB1691E4046FFF7D4FF90B1D8F80000A84288BF05464900C8F80050B1F57F7F09D88A1C08F10403985C50B90120985402E0002002E0002041F001015DF8048BF0BDFEDEF0B503AF4DF804BD044600680D4688421CD305F01F00012104F1040C01FA00F001184A1E002D08BF0122E61C411E91420BD2B1F5FF7F26D8335C0130002BF5D000200CF8010001201AE0A5B1691E2046FFF7D6FF78B12068A84288BF054649002560B1F5FE7F08D88A1C231D985C50B90120985402E0002002E0002041F001015DF804BBF0BDFEDEF0B503AF2DE963
S3FF0800C2EE000FADF2144D0DF10409804609F104000C4640F2FF3100F0C0FF184EA7F1260A09204FF420454FF4801B0190B5F5801F12D200F004FF17F8200C18B100F010FF0544F3E717F81F0CA8B9E90A4846FFF7D2FE05F50065E9E708F1080001A940F2044200F083FF0448C8E900400DF2144DBDE8000FF0BDFEDE00BFD4D2000847C50008F0B503AF2DE9000F93B006462B481044B0F5762F50D29346CA6898460BF17843A7F152008A46314600F088F837F84E4C0DF1200937F8501C17F84A2C37F8520C2346CDE900014846012100F0C5FDDAF81C50304659464A462023A84760BBDAF820103046CDF81080884728BB04F01F004FF48011DAF81080BC
S3FF0800C3E821FA00F0DAF8249058440394441E0DF1400A5C450DD3504631462246C047109870B1129D30462946C84748B9A4EB1544EFE7DDE90310018013B0BDE8000FF0BDFEDE00BF0060FFF7F0B503AF2DE9E00F8046B868A7F1260A994616460C464FF420454FF4801B002808BFA9F12009B5F5801F16D200F066FE17F8200C70B117F81F0C58B937F8220C45F00061494500F01F002BFA00F008D00544E8E705F50065E5E70320A8F8000009E017F81E1C88F80C1057F8261CC8E90019C8F80800BDE80E0FF0BDF0B503AF2DE9FF0BE9460E460446484620211D46904600F0E6FE05F1006130464A462023C04770BBBDF81E004FF6FE7102226080884223
S3FF0800C4E24FF6FF7108BF0122401A18BF10462080DDE904100840B0F1FF3018BF012020729DE80F001A40B2F1FF3218BF01220840B0F1FF31E27118BF01210130BDF81C00A17108BF0920A08008B0BDE8000BF0BDFEDEE0B502AF80B27A1E0021002300F0DAFD8CBD80B56F4610461A4600F07AFE002080BD084611461A4600F09ABD00F0B2BD110D802908D806491140D20AC0F60002C0E90112012100E000210160704700BF00F8FF0F80B56F461146FFF79AFD80BD80B56F46511EFFF794FD80BD80B56F4688B027F81E1C002004210790CDE905010120049002200390A7F11E0002900548019001A800F057FD002818BF012008B080BD00BF2400FFFF21
S3FF0800C5DC80B56F46ADF5D06DDFF82408112100F065FC4FF0000A0420CDE99CA001209B90CDE9990AC848CDF878A2989098AE304600F035FD002840F0FA8300F001FCCDF828A006F10809CDE908AA12A808AC00F10408CDF8189020460C2101220023009600F00CFD002840F0E28399994FF6FF70BDF860B2834511D09AAB01290DCB18D029291DD0142919D015290CD01E290ED028290AD00A290ED10A2112E0C807DAD000F0CEFBD7E715210BE0282109E01E2107E0012105E058460121ACE3142100E029210D2880F0B383012900F020810A2900F0F880142943D0152900F0C0801E2900F0A780282940F0CE800721002840F091831C2AC0F08E834FF4B8
S3FF0800C6D62040CDF81CB014904FF00009DFF82C074FF0000B0025002600241390781E129098A812A9FFF72AFDBDF86002032800F0F7809DF86C1200296FF01F0108BF0135012808BF6FF027019A9A59440128114401F1200B05D199980BF1080B0136406A81440134DCE70721012B08BF0C2840F05483BAF1000F40F05D8300F0DEFC9898002800F081809998C0077DD00A98791EDDE90835DFF8A8260590A7F114009A9C00F0DFFC37F814BCBBF1030F00F05F8228196FF01F01BBF1010F08BF6FF0270157F80C2C1144884200F2938200F0BCFC2020BBF1010F08BF28200026284400EB0905B44240F20D8306F140004FF04009A04288BFA4EB0609079915
S3FF0800C7D0B9F1410F80F01983CDF8589098A8CDE9121ACDE9146012A800F01CFC0A460721002840F0F782914540F0F482A81998A94A4600F047FC4E440028D5D0E9E204286FD1BAF1000F40F0F882089B791EDFF8F425CDF800A012A8FFF702FEBDF84800032840F07C810421DAE20721012B08BF082840F0D582BAF1000F40F0DE8200F05FFC989818B19998800700F1E581072137E2042845D10C2A43D3BAF1000F40F0CC82089C4FF420401490DFF894051390781E129012A93046FFF763FCBDF86002032800F0AB81002C00F0AC81013CF1E7042826D1BAF1000F40F0AF82791E3046CDF81CB0089DFFF717FDDDE99896A5F12004F2680DF1480B0120B4
S3FF0800C8CA2346009058464946FFF7ADFDBDF84800032840F05F8198AE0421DDF81890F2E1082801D1102A1AD207217CE24FF46640CDE90D5BCDE910904FF476200F90002107981C23CDE90B460BAA00F0F0FB98AEDDF8189008AC87E600BF1400FFFFBAF1000F40F06D82791E3046CDF81CB0089CFFF7D5FC04F11F004FF0FF31B0FA80F021FA00F0411CC80A01284FF0010088BFC80A24F00101203108BF0120B0F5007F00F23D8100214FF40073013101F01F0223FA02F29042F8D94D1E4846092D28BF09252946FFF71EFC002800F028810DF1480901200C4600904846002100222B4600F0CDFA4FF0FF314FF40070A940E8402144DDE998460131D6F8A7
S3FF0800C9C41CC04A46202300FB01FB4FF0006000EBCB212046E047002840F01582316A20468847002840F00F82099840F2FF11049040464FEACB2400F045FC0820A7F114061290CA48204405904FF48010E84028380390C7488146C64800F56640814580F01181DFF8E8039490781E93904FF42040959093A93046FFF78AFB37F8140C032838D00128F5D157F8106C0423DDE99340D0F80CB006F1200117F8085CCDE996AA96AA2046D847002840F0CD8106F1240197AA20460423D847002840F0C4819698411C12D097994A1C0FD04FF6FF72A7F1140620EA0202B2F1005F40F0B4818145C7D308448145C4D23DE0A7F11406002DBFD0A8E109F16040FF21CD
S3FF0800CABE012540F2FE3C01EB102018F80010002940F09C816FF0070108F8005019B3421E82F001030133B3F5FF7F00F28F8118F80340C4B108F803A018F80030002B00F08581002808F800A000F08081604500F27D81500818F80020002A40F0778108F800500131DAE709F5807977E7814675E7BDF84800032800F06981139DA7F11400B54A791E05F17843FFF7B1FC17F80E0C00284ED017F80D0C00284AD117F80C0C002846D137F8121C012237F8103C37F8140CCDE900013046002100F0E6F928463146202200F087FA002840F03F8100F09CFA002840F03A815846FFF7CCFC49E54846314622465B46ADF848A0FFF7E1FBBDF8481098AE98484FF423
S3FF0800CBB8007201F01F01DDF81890284422FA01F1C40A01EBD025AC4205D248462146FFF785FA0134F7E70798FFF7A8FC08AC24E5022171E00821FEE00121FDE0DDE99912BDF862322031ADF8680201286FF01F00ADF86A32989108BF6FF02700104499905846002132460C2300F06AFA08AC04E5DDE90834A7F11400784A791EDDF868B200F07EFA37F8145C032D34D10421D0E0DDF8189012AC4FF401722146484600F000FB6E4A791E059B6B4899902046989100F066FABDF8480001282BD1049A4FF0FF31501EB0FA80F021FA00F0411C080A01284FF0010088BF080A012A4FF0010198BF084698AE08ACDDF81CB0B0F5807F46D90321A0E06FF01F0147
S3FF0800CCB2012D08BF6FF0270157F80C2C04EB0B001144884207D905218EE0042198AE08ACDDF81CB08BE000F021FA2020012D08BF2820002520448144AB4540F2878005F140004024584588BFABEB0504412C80F0838098AE09EB05012246304600F09AFA0798CDE91564CDE913A5129012A800F08DF910B925448C42DED0072159E020000008001A002000214FF48075013101F01F0225FA02F29042F8D94C1E0820082C28BF044648462146FFF781FA002851D04FF0FF3225FA04F0A24011440131DDF81490042348434FF0005101EB0020049093904FF4803020FA04FBDDE99845EE69494647F814BC93AA2046B047A0BB09F10401A7F11402204604236C
S3FF0800CDACB04760BB296A2046884740BB049800219A9010230398999005989890CDF86CB2079898AE324600F091F9A0E5059880B100F074F968B1062198AEDDF81890DDF81CB008AC58460122002300F07FF9FFF71ABC0798FFF798FB88E5032161E7FEDEACD20008D4D2000847C50008E0FFFFF7F0B503AF2DE9F80F2048142100F046F8204DA7F12A08A7F11D064FF420444FF0000B4FF48019BBEB145F25D1404631462A462346FFF72CFB17F8240C60B117F8230C37F826AC68B1134944F0006204AB3046FFF77FFA09E017F8230CA0B904F50064E0E717F8220C0028EDD00AF01F0029FA00F00444D6E705481E2100F00EF805B0BDE8000FF0BDFEDE9A
S3FF0800CEA600BFBDD20008FCD2000847C50008D4D20008F0B503AF4DF804BDC2070AD04FF060421368DB07FCD010F8012B01394FF060431A7000F00302022A06D14FF060421368DB07FCD000F028F931B38A0800234FF060440546934206D02668F607FCD040CD01332660F6E721F0030201F003011044022906D34FF060421368DB07FCD000F00BF9012908D14FF060410A68D207FCD000784FF0604108705DF804BBF0BDDEDEF0B503AF2DE9000F89B001AD92460C46804628461C21FF2299464FF0FF0B00F08AF9154E284600210122B047284608212246B047284610215246B0473889ADF8209028B1012805D1FF204FF0FE0B06E0FF2004E0D7F80CB0D7
S3FF0800CFA01FFA8BF0000A8DF8230040468DF822B001A9202200F047F909B0BDE8000FF0BDC5CF0008D0B502AF0844013A0023082B05D0CC181F2C03D8C2540133F7E7D0BDFEDEDFB506AF044690B201AA00F00DF8019808B1002006E0DDE9020100F00300C4E9010101202060DFBD2DE9700804460D464FF0060B00DF82E87000BDE870087047FEDE2DE9F00990E8F0014FF0040B00DF20462946BDE8F0097047FEDE2DE9F00990E8F0014FF0050B00DF20462946BDE8F0097047FEDE2DE9F00F04460D4616461F46089B4FF0010B00DF204683E8E003BDE8F00F7047FEDE2DE9F00F90E8F0074FF0000B00DF20462946BDE8F00F7047FEDE80B56F4688B05B
S3FF0800D09A0090002007900420CDE90500684604900648CDE90212019001A8FFF7E1FF002818BF012008B080BD00BF1F00FFFF80B56F4688B000200421CDE9050101210790CDE9021005480491019001A8FFF7C8FF002818BF012008B080BD2000FFFF2DE9F04804460D4616461F464FF0020B00DFBDE8F088FEDE304600215A46CDF81CB0FFF762BF30464021FF2257F8109C00F0A9B85046214632462B46FFF7BAB9CDF800A0FFF778B930F8022B02394FF060431A80704737F8220C00F01F002BFA00F07047F0B503AF2DE90007102A08D300F095F8A64206D213F8015B06F8015BF8E7034629E0A2EB080C88442CF0030E04EB0E035FEA887115D01821E2
S3FF0800D19401EAC8090021A1EBC80101F0180A28F003010D1D09689C420DD221FA09F602CD01FA0AF2324304C4F5E741469C4202D204C904C4FAE708EB0E010CF003021A44934204D211F8014B03F8014BF8E7BDE80007F0BDF0B503AF4DF804BD102A09D34342054603F0030403199D4204D205F8011BFAE7054612E0121BCCB20825202D04D204FA05F66D003443F8E722F003051D44AB4201D210C3FBE702F003022A44954202D205F8011BFAE700F032B8FFF78BBFFFF7FCBF032A98BFFFF7F8BF08C9043A08C0F7E7FFF7F6BF0B4611461A46FFF7C0BFD2B24FF001335343032998BFFFF7F3BF08C00439F8E7FFF7F3BF0022FFF7F0BFFFF7FBBF0022A6
S3970800D28EFFF7EBBFFFF7FBBF4342064603F003080B4600EB080470475DF804BBF0BD5B53544F524147455D2048656C6C6F210A5B53544F524147455D20416E616C797A696E670A00000000000000000000000100000047C5000865C5000889C5000895C5000857C5000861C50008A1C500085B53544F524147455D20416E616C7973697320636F6D706C65746564210A0000AF8B6EBB16
S3FF0800E0000000000000000000FFFFFFFFFFFFFFFF0000000000000000FFFFFFFF0800FEFF00340020000400007F4342460100300C000003000100000000003C000300600002007000030000007C0001002C0C00000A0001000004000089000000AC0B00008000000000440040000400000B00000000000048000400000B00000000000240000400000B00000010000000020000002600000001000000F8060000FC060000E8070000020000000100000001000000BFF34F8FBFF36F8F00F03EF8FEDEDEDE80B56F4688B00120042200900021CDE903206846029004480791CDE90512019001A800F008FDFEE70000FF0380B20122002300F00DBDE0B502AFCD
S3FF0800E0FA80B27A1E0021002300F005FD8CBDE0B502AFBC1E022027F8020C1921204600F03AFC20460D2100F036FC2046192100F003FC20460D2100F0FFFBFFF7C4FF80B56F4698B0CE4D00264FF0010B4FF00409681C03960A96CDE90869CDF81CB0CDE905B6049004A800F0C9FC044600044FF0010825D00DF11008404600F0B4FCDDE9041242F210704FF08043091842F10002012000F08BFCCDF80080C8F2000403A804214FF08042234600F08CFC30B9BDF810004FF6FF71884240F0BE804FF0010805F10A00CDE90996CDE907B6CDE905B6049004A800F092FC002840F0B7800DF14C090120002104228DF84C000A91CDE90812CDE90600CDE9045914
S3FF0800E1F404A800F07EFC002840F0A38002200D21ADF8100004A800F044FB002840F0998004A80D2100F0E2FB002840F0928096490120086040F2B620C860086840F008000860086840F00400086002201D21ADF8100004A800F025FB00287AD104A81D2100F0C4FB002874D14FF090400A22016862F30711016085487722016862F30F21016002201921ADF8100004A800F009FB00285ED104A8192100F080FB002858D104A8192100F0A2FB002852D1784A0221D06E20F00100D0664FF480105060D2F8A80061F31750C2F8A8006F48012124305067DFF85804906780201067D06E20F01000D066D06E40F44050D066D06E40F02000D066D06E20F4407070
S3FF0800E2EED066D06E20F44060D066D06E40F08000D066D06E40F00E00D066D06E40F00100D066012000F009FC0220012100F005FC0020CDE909800490DFF8FC03C10712D111211DE00020002100224FF08043069C00F0B2FB052C00D3FEDEB4F1040818BF4FF0010832E74FF060400168C907FCD04FF060405B2101701021DFF8B803013000F00302022A06D14FF060421368DB07FCD000F011FC8A0800234FF060440546934206D02668F607FCD040CD01332660F6E721F0030201F003011044022906D34FF060421368DB07FCD000F0F5FB012908D14FF060410A68D207FCD000784FF060410870D54E00200DF13C0B4FF6FF751190CDE90F000120029057
S3FF0800E3E858460C2132460023CDF8009000F063FB0028A4D1BDF84C40DDF850A0AC423FD0AAF10101042980F0938015980D2896D2C9B2179ADFE801F002D68FAE0221012A08BF002840F0E880BDF8381022460A9800F078F9002800F0DE8000F090FB1398002800F0D8801498C0071CBF1598002800F0D180AE4A116841F0800111600021ADF83840CDE90B1001200D910A90B7E70A00FFFF004400402000004800000240BAF1000F00F141815FEA0A4008D5049830B1002003210490BDF82000FFF722FE5FEACA7000F0EB809948D0F81C805FEA086040F1BE800A98002800F0BA8000220B9907F8152C01221792A7F115024846BDF83840DDF834905D46AB
S3FF0800E4E2CDE915928346CDE9134100F0C1FA81F00101084340F08980874917F8150C886209F101000C99D946AB460D90884240F093808049086820F08000086000200A90049820B1BDF82000844200F085802046FFF7E0FD80E02046012161E00221012A08BF04285BD1002000287FF4FBAE00F00EFB51D000F006FB139800284ED0149880074BD5159A002A48D00F982146009004A8002300F0E4F835E70221022A08BF04283CD1002000287FF4DCAE00F0EFFA32D0BDF8381022460A9800F0C6F858B3DDF83C80B8F1000F0BD000F0DBFA139838B11498C0071CBFDDF854A0BAF1000F7ED102214FF6FF7519E00221012A08BF002814D100F0CBFA0ED016
S3FF0800E5DC00F0C3FA139860B11498800709D5159A3AB104A82146002300F0C8F8F6E6012100E0022120460122002300F083FAEDE64249086820F080000860BDF8201000200A900498611A18BF0146002808BF0146049120460221FFF75BFDD946AB465FEAC8600CD53648006F411E7F2904D2C0F1800104A800F0BAF83048102101625FEA887008D5029800283FF46FAE2B4802210162002002905FEA08703FF566AE0120012100F053FA4FF6FF755FEA8A707FF5ADAE23480068410204D4810206D400020CD552E640214FF4800002E080214FF400101B4A506004A800F088F80220012100F034FA92E648460121224600F0B2F9139800283FF478AF149809
S3FF0800E6D680077FF574AF159A002A3FF470AFCDF8008004A82146012300F028F809494FF6FF75086840F0800008600020ADF838400D90CDE90B0A01200A906AE6FFF7F9FC00BF004400400000024000340020C0EB0008038000805140B0FA80F040096FF39F21B1FA81F1490908437047F0B503AF2DE9FC0704466846984691468A4600F0C4F9204651464A464346DDE9005600F010F8B8684FF40043401946F10002411C42F10002012000F093F906B0BDE80007F0BDD0B502AF018200210124C0E90221C0E900430A48816849060FD4016841F480710160816841F001018160816841F040018160016841F010010160D0BD00440040B0B502AF0546406975
S3FF0800E7D081421BD00C4606D9812C18D20C49221A014428460FE0802808D081280FD20849C0F180020144284600F00CF8812C06D203492846224600F005F86C61B0BDFEDE00340020F0B503AF4DF8048D86B00446006818B3208A1546E668D4E90128049101A945C1A8EB0600A84238BF0546059501A800F023F958B98D4209D1A819E06040450BD1204600F00DF8FFF74CFC05E0204600F007F80221FFF740FC06B05DF8048BF0BDB0B502AF04460020002100224FF40043002500F00EF92068256008B1208AB0BDFEDEF0B503AF2DE9000F8BB0044603A800F01FF800F084F918D000F045F900F069F9013000F04DF930B1024610F5807F05D300F064F909
S3FF0800E8CAF2E751B9002006E01046022A18BF0320012A08BF104600F05DB9FEDEC9B20D291DD00E2919D00F2909D019290DD01A2907D01D290CD100214160012112E013210EE00121416000210CE00021416009E005210170022141607047122100E011214160032101707047F0B503AF2DE9000F8BB0044603A8FFF7D1FF9DF80C0005281CD00499A7F11D0A26880DF104090DF10C0800254FF0080BCDE9010100F00FF9023000F0F3F840B110F5807F06D36FF39F2646EA80262680F0E719B90BB0BDE8000FF0BDFEDEF0B503AF2DE9000F8BB0044603A8FFF7A2FF00F007F918D000F0C8F800F0ECF8033000F0D0F830B1024610F5807F05D300F0E7F8DE
S3FF0800E9C4F2E751B9002006E01046022A18BF0320012A08BF104600F0E0B8FEDEF0B503AF2DE9000F8BB0044603A8FFF77AFF00F0DFF818D000F0A0F800F0C4F8043000F0A8F830B1024610F5807F05D300F0BFF8F2E751B9002006E01046022A18BF0320012A08BF104600F0B8B8FEDEDFB506AF044690B201AA00F00DF8019808B1002006E0DDE9020100F00300C4E9010101202060DFBD2DE9700804460D464FF0060B00DF82E87000BDE870087047FEDE2DE9F00990E8F0014FF0040B00DF20462946BDE8F0097047FEDE2DE9F00990E8F0014FF0050B00DF20462946BDE8F0097047FEDE2DE9F04804460D4616461F464FF0030B00DFBDE8F088FEDE62
S3FF0800EABE2DE9F00F04460D4616461F46089B4FF0010B00DF204683E8E003BDE8F00F7047FEDE2DE9F00F4FF0090B00DF80E8F003BDE8F00F7047FEDE2DE9F00F90E8F0074FF0000B00DF20462946BDE8F00F7047FEDE2DE9F04804460D4616461F464FF0020B00DFBDE8F088FEDE2DE9304804460D464FF0070B00DFBDE83088FEDE2688A7F11D0A0DF104090DF10C0800254FF0080BCDE90110704703904046CDE906A5CDE9049BFFF7C8BF484600212246FFF760BF4DF808EDBDF8281022460698FFF7D6FD00285DF808EB7047042009950890300470476FF39F2646EA8226268070470BB0BDE8000FF0BD30F8022B02394FF060431A8070479DF80C10EA
S3A50800EBB8049805297047DEDE5B5541525476315D204F6E6C696E65210A000000AAAAAAAAAAAAAAAAAAAAAAAAAAAAAAAAAAAAAAAAAAAAAAAAAAAAAAAAAAAAAAAAAAAAAAAAAAAAAAAAAAAAAAAAAAAAAAAAAAAAAAAAAAAAAAAAAAAAAAAAAAAAAAAAAAAAAAAAAAAAAAAAAAAAAAAAAAAAAAAAAAAAAAAAAAAAAAAAAAAAAAAAAAAAAAAAAAAAAAAAAAAAAAAAAAAAAAAAAAAAAAAAAAAAAAAAAAAAAAAAAAAAAAAAAAAAAAAAA0291372D9
S3FF080100000000000000000000FFFFFFFFFFFFFFFF0000000000000000FFFFFFFF0700FEFF00380020000800007F4342460100EC1C0000050001000000040000000000000000003C00100000007C000200E81C000015000100000800009900000000000000000000005C1400006014000064140000681400006C1400007014000074140000781400007C1400008014000084140000881400008C14000090140000D01B0000141C0000040000000100000001000000030000000100000001000000FFFFFFFFBFF34F8FBFF36F8F00F09CFAFEDEDEDE80B56F4688B00120042200900021CDE903206846029004480791CDE90512019001A801F08FFCFEE7000032
S3FF080100FAFF03D0E900329A421FBF591C01601844017AD01A18BF01207047D0E930239B1A03F00F038B4281BF114401F00F0101EB410100EB810082BF012141727047FEDEB0B502AFD0E92034A34202D21B1B7F3303E086BFE5432B447F239A4238BF13461A466AB1802C0DD211F8015B013A0555D0F88440013404F07F04C0F88440F0E71846B0BDFEDE88423EBF401A0F30704792BF0F20C94308447047F0B503AF4DF804BDD0E920566C18751B05F07F05691A8B4238BF19460B463BB104F07F04013B055D013402F8015BF6E708465DF804BBF0BD01F07F42B2F1006F07D0B2F1005F0CD14FF4B2724FF0604303E04FF4B0724FF078438058194408446D
S3FF080101F47047FEDEF0B503AF2DE9800F00F1D00B1E4691460C4605464FF0000A54451AD901F01FFCA8B9D5F85C0186421ED3884609EB0001321A5846FFF785FFD5F85C11C2440844C5F85C01B042E7D101F009FC18B1022007E0012005E001EB0A00001BB0FA80F04009BDE8080FF0BDFEDEDEDE064A1040CAB2104401F4006201F4774140EAC23040EA0110704700BF008FF0FB4FF4E0624FF4006102EA1012C3B201EAD0311A4411444FF4704202EA101008447047F0B503AF2DE9000FA7B0CDE90523064607A88A46802101F089FCBAF1000F36D0D6E954B00DF11C08D6F858510024049006F1D00003900498AAEB0403A0EB0B0000F07F00984238BF17
S3FF080102EE03460BB3039800214246FFF74CFF8146584400F07F0B0598069A4346D0E90101C6F850B1CDE900922A4600F0B0F868B94D4400204C44B9F1000FC6F8585106D05445D4D303E00024002000E00120214627B0BDE8000FF0BDE0B502AF0022D030019201AA0423FFF71EFFBDF80400BDF8061041EA00408CBDB8B503AFADF80020120C27F80A2CA7F10A03D0F85021D03011440022022A02D001F07BFBFAE7023100226B46022A02D001F073FBFAE7B8BDB0B502AF0278C9B28C234A400021082907D283EA5204D50708BF540801312246F5E70270B0BDF0B503AF2DE9C00B8146A1F10108A7F1190600200D464C4607F8190C012D07D08DB114F89D
S3FF080103E8011B3046FFF7D7FF013DF5E719F8080017F8191C081A18BF6FF01D00BDE80C0BF0BDFEDEF0B503AF2DE9000F8FB00446406801AEBD6823C60120A7F11D0B26890DF10409CDE905234FF0000A049007AD4FF00C0801200D9004A80C903004143007902846CDE90ABACDE9089801F0DEFA40B110F5807F08D36FF39F2646EA80262681E7E729B9002000E0E6200FB001F00EBBFEDEF0B503AF2DE9E00FD7E902561C468A4681464FF0000B4FF000080292454514D07068032820D814F808103154706801307060800706D150463146042200F015F8C6F804B008F10108E8E7029900200090484622462B46FFF79BFFC0B2002818BF0120BDE80E0F37
S3FF080104E2F0BDFEDEF0B503AF4DF804BD012493074FEA920318BF04EB9203046800254BB12E1D0AD0964208D84D59013B6C4004603546F4E75DF804BBF0BDFEDEDCB504AF14460A46416891420ED90421009327F80A1C23460168A7F10A0001F063F9B0FA80F04009C000DCBD0020DCBDE0B502AF07F8011C791E012201F001FA002818BF4FF0FF308CBD80B56F4601F0F8F9002818BF4FF0FF3080BDF0B503AF2DE9000F91B004464CF2503007F8591CA7F1590102900220069001202688A7F11D0BCDE907230DF1080905904FF0000ACDE9030109AD4FF0040802200F9003A80E903004043009902846CDE90CBACDE90A9801F020FA40B110F5807F08D388
S3FF080105DC6FF39F2646EA80262680E7E759B9002105E04FF0FF31032808BF6FF01801084611B001F04ABAFEDE80B56F46ADF5826DEE48002601254FF00409013012969196CDE98F698E95CDE98C568B908BA801F0F3F90446000423D00DF50B78404601F0E0F9DDE98B1242F210704FF08043091842F10002012001F0B7F9CDF80080C8F2000412A804214FF08042234601F0B8F930B9BDF82C024FF6FF71884240F0EB86D24C91968EA880E8600204F10A00CDE98C568B908BA801F0BFF9002840F0E58601F0E2F90DF50B7B8DF8BC50CDF844A2CDE98FA85846CDE98D552FAECDE98B4601F0AAF9002840F0D08603200F21ADF84C00DFF8B80D01F042F8DC
S3FF080106D606F1D000069026A84FF0020900F10801053007910B90BDF84C400DF14E00ADF84EA0CDF8C490CDE92F909195CDE98FA6E9A88E90200402308B905846CDE98C5A01F07DF938B110F5807F28D301F0A4F9ADF84C40E9E7002940F09A86DFF85C0D1B2101F00FF89DF84E40A4F1CA00042800F2C18105FA00F010F0130F00F0BB810DF14E06002001218DF82C02C9070CD0315C5846FFF718FE01200021F6E7DFF8140D142100F0EEFFA5E19DF84F009DF82C12814240F09F81482000268DF830028D488DF832628DF831428B908DF8A463062E06D01BF80610E9A8FFF7F5FD0136F6E79DF8A40307228DF832028B982F90DDF82F02CDF8BF0013A8C7
S3FF080107D02FA901F0C5F8002840F04586DFF8B40C1E2100F0BAFFCA2C0BD0CB2C26D1ADF8E483F9A9584601F03DF88B9800B3E6265BE114AC3D21204601F0E3F913A8012122463D23FFF7B1FE0646000640F04F8100248DF8A4432FAE3C2C00F0E18014A8015DE9A8FFF7B3FD0134F5E7E32641E18C9E14AC4FF000080D96B04500F02081F9A95846424601F048F8BDF83402032800F0018608F101080128EED1CDF844802146DDE98B08DFF8202CCDE91408E9A800F034FEE99E002E00F0AE80EA9C58463146224600F062FE01F0C9F840F00681DDF8390231460F9058462246CDF84080BDF8378200F077FE01F0B9F840F0F680DDF8310221460E90304670
S3FF080108CA00F0DFFEC00740F0EC800DF50B790C4611210226484601F077F904F00105109CADF8C4804FF00408309600262F962FA8FFF7FFFBC00705D0112E00F0AF8501F09FF8F4E70F98CDE92FA831902FA800F013FFC00705D0112E80F0A08501F090F8F4E7CDE92FA831942FA800F005FFC00705D0112E80F0928501F082F8F4E70BEB060ACDF8C0804FF000080E98CDF8BC8031902FA806EB080400F0EEFEC00709D0112C80F07B850AF8081009F1010908F10108EEE702204FF0000AADF8C45001253090CDF8BCA02FAE3046FFF7B2FBC00706D0112C80F0628509F8011B0134F3E700244FF002098DF8BC40102C0BD01BF804103046FFF7EEFC0134E7
S3FF080109C4F6E700BF0A00FFFF4F4C4C459DF8BC0059468DF83C0213A81122FFF7C3FD14AC000665D10D9EDDF844802CE79DF88C009DF8A413814247D13146DFF89C6A3C2030905846324614AC2F9400F06DFD8B9800284BD03C203246CDE9244024A9584600F062FD8B9C002C40D0DDF83092584621464A4600F090FD00F0F7FF20D1BDF84F02214611904A46DDF849020F90BDF845020E90BDF8410210905846BDF83D6200F07AFD00F0E1FF0AD1584621464A460D96DDF8336200F094FD00F0D6FF34D0E4264FF0020918E0E22616E0ADF82CA213A859460222FFF765FD064600064FF0040808BF002606E0E42602E0E42604E0FF264FF00408300606D03C
S3FF08010ABEF0B2FF2803D013A83146FFF741FDD748CDE9908A02308B905846CDE98E5ACDE98C5A00F098FF002840F0C8842FAEFEE5584621464A46DDF8318200F030FD00F097FF03D0E4264FF00408BDE7DDF851020424CDE9E9684FF004080C902FAE4FF002091020CDE9908ACDE98E6008208D90E9A88C902004013000F09FFF28B110F5807F32D300F094FFEBE7102940F08C84DDE92F200B99099031980890100E8870100A08800A928DF89C2013A826903C22ADF8A040CDF8A4A029A814AC2146FFF7B3FCCDF800A026A8002122463C23FFF73EFC0646000640F09E8126980221FFF7D7FC00060CD0FF2695E100F028FE00F00E006FF01906022808BF3C
S3FF08010BB86FF01A067FE7DFF8E0081C2100F0C9FD5846412101F001F80F983C240E99800000EBC1000D990844DDE91021114401EB410100EB810040284FF0400938BF8146119458B3109009F101042698A0215A462346FFF7B6FC0646000640F05D8158462146FFF7D3FB0646000640F0558129A859464A46FFF75BFCCDF800A026A8119C5A464B462146FFF7E5FB0646000640F0438110984C44A0EB0900CCE7009526A8214601220023FFF7D5FB06460006DDE909104FF0020940F03181CDE92B011721DFF8280800F06DFDDFF814282BA9584600F030FC8B9860B18C99CDE92D011621DFF80C0800F05DFD00F0C9FE00F0C3FE01D0E42612E1DDF83902B5
S3FF08010CB207990F90BDF837020E905846BDF84F6200F0D7FD8B9808B1E62602E18C980022109006EB460080000596099000200D901098824280F0988007995846914600F0FBFD8B99BDF834228D980E46032A04BF6FF01906104680B2032800F0908000F08E80032A18BF0C0AF1B24A4641EA04260A9909F101028E42DAD00128D8D103922FA8282100F04CFF4FF028090798CDF8009031462FAE0022334600F05BFD002840F0A480DFF844275846CDE9E969E9A900F0C3FB8B99002900F094808C9A584600F0F3FB9DF82C0205990F9A0028DDE90D6340F08780DDF839020490BDF83702984203D10498904280F09880B0B2884238D20E440D9600214FF085
S3FF08010DACFF360998884230D0894600F03EFE00F038FE6AD1BDF84F020136864265D200F034FE00F02EFE60D1BDF84D020C23CDF834A209EB0001DDE92D02D2F80CC05A46CDE98BAAE047C0B208284ED1DDE98C1011B1049A8A424AD34946002809F10C01CFD0049A8242CCD941E0039A63E70D984FF00209059980B2884207D0EA2653E00A00FFFF30064FF002094DD1DDE92D1229982A90584600F0D6FB00F0F2FD7FF42EAFDDE92D1258468C9C00F081FB00F0E8FD7FF424AFDDE92D1258460125DDF8336200F075FB00F0DCFD0AD1DDE92D12DDF849021090584600F0B5FB00F0D1FD09D0E42600F0E8FD1EE0E4261AE0E92618E0E62616E0DDE92D1256
S3FF08010EA65846DDF8309200F0A1FB00F0BDFD07D1DDE92D12584600F073FB00F0B5FD25D0E42600F0CCFD00E0EB264FF00209BDF8A04027982F90CDF844A2CDE98FA8E9A8CDE98D802FA88C9020040A3000F0C1FD40B110F5807FC0F0B38200F0B5FDADF8A040E8E700293FF4D7ADA9E2DDF8390280B3301B04380E900020C0280AD00BEB000100224FF480734BF800200C300B814A60F2E70698882100F048FE1198594685902FA8C02200F02CFE089888900A9810994844083087900020CDE9610103218690CDE95F002698FFF7EEFA000607D0FF2615E200F05CFD00F056FDA0D1C8E7DFF82405142100F0E5FB00204121CDE98900584600F01AFE0E9885
S3FF08010FA04021402838BF01460028119100F0E48111995A4626984C1CA0212346FFF7DDFA0646000640F0EF8158462146FFF7FAF90646000640F0E78129A8119A5946FFF782FA1098E89026A8E6902DA8E5902AA8E790DDE95F01081A000704BFDDE96101884200F07781002086901199884205D3DDE98301081A400600F08D81DDE96110DDF87C91884206D1609CA4EB0900000740F0918071E1609C461A8A4648462146FFF79EF8864238BF304600280F9000F08280E9A8402100F0BCFD0F98112880F002821098504540F2FE8110980F99A0EB0A008842C0F0F7814FEA8A0800260F98B04232D0DDE92D12F9A800F067FA9DF8E403002840F08681DDF865
S3FF0801109A01140AEB0600814240F27F81DDE92D12F9A800F056FA9DF8E403002840F07581BDF8FF030021F991042308EB0001DDE92D02D468F9AAA047C0B2082840F06581F998E9A908F1040841F826000136C9E70F984FF00008504461900F9840452BD0E9A850F82840A60F032E00F0AF81DDE95F094946FFF737F8D8B1B9F1100F80F0A5811020C4F3036100EA146009EB49022FAB081A24F07F4143F8220003EB820041600021417206726098013000F00F00609008F10108D0E7DDE95F94A4EB0900000700F0DB8009F00F002FA900EB400001EB8000417A21B109F1010000F00F09ECE7CDF87C91D0F8049083AB0ECBA9EB0306511A119A01F07F0176
S3FF0801119411448E4200F2D280869A11999142C0F06081119C0BEB0201D0F800A090F80880A21A0698FEF7BFFF86995A4623460844869089A8E5A9CDE900102FA83146FFF711F8C0B2002800F0AC80022800F0E080B8F1000F57D0DDE95F01091A01F00F01514540F2368150442FA900F00F0000EB400001EB8000406883AE46CE831B0433511A01F07F019942C0F08B80B8F1010F4C460DF1BC0804BF04464846811B0F914046FFF786F8A11B814640460D914446FFF77FF806464846C846FFF719F881463046FFF715F8C9EA00412046FEF7B4FF044640462146FEF7FBFF8146210C3046FEF7F6FF2FAE0F9904464A463046FFF770F80D9930462246FFF752
S3FF0801128E6BF830460021FEF73EFF26E0DDE98360801B10F07C0F47D0DDF81482002406980423F994A9EB0801F9AAFEF76CFFF9992FA8FEF784FFE99009EB0600A0EB0800042C08D0E9A90219069B02F07F02095D01349954F4E74FF0000A2FA85146FEF712FF86988AE6859C89A811995B46CDE9001026A82AA92246FFF7B9F800284AD11198204485900FE0CDF87C9189A8E5A95A46CDE900102FA8119B4FF0FF31FEF764FFC0B2022836D00E981199401A0E902EE62FA8E5AA89AB8021FEF7ADFF50BB869811998142C0F0878011990BEB0003859C0E1A89A9CDE9006126A82AA92246FFF785F8B8B9A019CCE710984FF4B472EC9026A8EA902DA8E990E0
S3FF080113882AA8EB902FA9584600F00AFCE9AA89AB58464FF0FF31FEF782FF10B1E62601258EE500201421F9903F4800F0D2F92698F9AA04210423FFF7DCF806460006EED12A998B91F9982999814208D1009526A80C995A460423FFF715F8000601D0E826DDE7DDE92D0100F04DF9C00701D0E426D5E7C807F3D02D48172100F0AAF90A9804212F9000209190CDE98F01CDE98D152FA88C9018480B3000F02AFB28B1EE2601254FF0000AFFF769BB2148132100F090F92698FF21FFF786F80646012500F00DFB4FF00209FFF734BB0020002100224FF080438D9C00F0B1FA052C00D3FEDE042C7FF407A905480B2100F072F9FFF701B900F01FF800BF0A0079
S3FF08011482FFFFA81C0108B31C0108C21C0108D61C0108F11C0108301C0108EC1B0108FC1B0108181C0108401C0108561C01086A1C01087E1C0108951C010880B56F46FEF706FEB0B502AF44688C4209D900684BB1A14209D2455C013B02F8015B0131F6E70020B0BD0820B0BDFEDEF0B503AF2DE9000B8CB0D568914604464FF000080E4608466A4600210423CDF80080A847C1B2082910D11048009981420BD1A7F1410031464A4600F019F817F8410C50B117F8400C00E00120C4F8008020710CB0BDE8000BF0BD37F83C0C012802D1C4E90069F4E70220EFE77F434246F0B503AF4DF8048D8AB0E8460E46044640462821154600F02EFBED6830460021BD
S3FF0801157C42462823A8470146C2B2601C082A05D16946282200F000FB002001E00170012020700AB05DF8048BF0BDF0B503AF4DF8048D86B00DF104080E46044614214046154600F008FBED683046282142461423A8470146C2B2601C082A05D101A9142200F0DAFA002001E001700120207006B05DF8048BF0BDF0B503AF2DE9000F8BB00446A7F1450015460E46FFF7A9FF00F040FA23D100F016FA37F8308CFFF7A0FF00F037FA1AD100F00DFA37F82C9CFFF797FF00F02EFA11D100F004FA57F828ACFFF78EFF00F025FA08D100F0FBF937F822BCFFF785FF00F01CFA08D017F8440C6070012020700BB0BDE8000FF0BD0BEB08014FEAC90000EB8A0070
S3FF0801167601EB410100EB810037F8341C08443C3060600020E9E7F0B503AF2DE9000F8DB08A46044602A821465246FFF75CFF9DF8080070BBDDF80F500421DDF82DB04FF0000900260194B5421AD9A5EB0608B8F1040F28BF884600205E450DD002903146DAF80C400423019802AAA0470146C0B2082810D102980421464489EA0009E2E702A8019C52462146FFF72DFF9DF8080030B19DF8091001200DB0BDE8000FF0BD0020DDF82D10DAF80C500423029002AA2046A8470146C0B20828ECD10298A0EB0900B0FA80F041090020E5E7D0E900329A421FBF591C01601844017AD01A18BF01207047F0B503AF4DF804BDC2070AD04FF060421368DB07FCD0D6
S3FF0801177010F8012B01394FF060431A7000F00302022A08D102292BD34FF060421368DB07FCD000F083F971B38A0800234FF060440546934206D02668F607FCD040CD01332660F6E721F0030201F003011044022906D34FF060421368DB07FCD000F066F9012910D14FF060410A68D207FCD006E0012908D14FF060410A68D207FCD000784FF0604108705DF804BBF0BD411E082928BF09207047F0B503AF2DE9000F8DB00446B8682688A7F11D0BCDE900124FF0000ACDE903300220029005AD4FF00808E94601200B9002A80A903004153005902846CDE908BACDE9069800F0E3F840B110F5807F08D36FF39F2646EA80262680E7E731B9002001E0FFF726
S3FF0801186AC8FF0DB000F012B9FEDEF0B503AF2DE9000F8FB00C880DF104080DF120090D4600264FF01C0B4FF0010A009004200E960D902004283008904846CDE90B8BCDE909A600F0B2F830B110F5807F0DD300F0D9F82C80EAE71C2911D1009C01A91C22201D00F062F9002004E0FFF792FF009C6060012020600FB0BDE8000FF0BDFEDEF0B503AF2DE9000F8DB00E880DF1080ACDE9010203AC0DF118098B4604254FF00C080020CDE90948CDE90B503004293006904846CDE907A500F077F848B110F5807F0DD36FF39F2646EA8026ABF80060E7E70C290ED1019B94E8070007C305E0FFF757FF019A0321118110600DB0BDE8000FF0BDFEDEF0B503AF4D
S3FF080119642DE9000F8BB00588A7F11D0B0DF10C0801268246E9460024CDE9011200962804CDE90896013003904046CDE906B4CDE9046400F03DF848B110F5807F09D36FF39F2545EA8025AAF80050E8E739B9002002E0042828BF04200BB000F06AB8FEDE2DE9F04804460D4616461F464FF0030B00DFBDE8F088FEDE2DE9F00F04460D4616461F46089B4FF0010B00DF204683E8E003BDE8F00F7047FEDE2DE9F00F4FF0090B00DF80E8F003BDE8F00F7047FEDE2DE9F00F90E8F0074FF0000B00DF20462946BDE8F00F7047FEDE9DF82C0200287047DDE92D125846FFF78EBDA7F1450031462A4670470BF8061009F1010901367047D7E90223A4EB0A011C
S3FF08011A5E2846FEF721BC4FF0000A4FF0040870476FF39F2444EA802470478B905846FFF7CABF8D189C5C05F07F0501324455704717F8450C00287047BDE8000FF0BD30F8022B02394FF060431A807047F0B503AF2DE90007102A08D300F08EF8A64206D213F8015B06F8015BF8E7034629E0A2EB080C88442CF0030E04EB0E035FEA887115D0182101EAC8090021A1EBC80101F0180A28F003010D1D09689C420DD221FA09F602CD01FA0AF2324304C4F5E741469C4202D204C904C4FAE708EB0E010CF003021A44934204D211F8014B03F8014BF8E7BDE80007F0BDF0B503AF4DF804BD102A09D34342054603F0030403199D4204D205F8011BFAE70546D3
S3FF08011B5812E0121BCCB20825202D04D204FA05F66D003443F8E722F003051D44AB4201D210C3FBE702F003022A44954202D205F8011BFAE700F02BB8FFF78BBFFFF7FCBF032A98BFFFF7F8BF08C9043A08C0F7E7FFF7F6BF0B4611461A46FFF7C0BFD2B24FF001335343032998BFFFF7F3BF08C00439F8E70022FFF7F2BFFFF7FBBF4342064603F003080B4600EB080470475DF804BBF0BD000000000800000004000000C514010857616974696E6720666F72207661726961626C65206865616465720A52656164696E67204342462066726F6D20666C6173680A000000000008000000040000001F050108436865636B696E6720646570656E64656E637E
S3C708011C526965730A57616974696E6720666F72207061796C6F61640A57616974696E6720666F7220747261696C65720A54727920746F20737461727420636F6D706F6E656E740A436F6D706F6E656E742073746172746564210A476F74207374617465210A5B5550444154455D2048656C6C6F0A5B5550444154455D2052656164206572726F720A5B5550444154455D20476F742068656C6C6F206D6573736167650A5B5550444154455D2057726F74652068656C6C6F20726573706F6E73650A00D561592382
S50300CA32
S705080001AD44
