:020000040800F2
:10000000001A0020AD010008413900080F720008F5
:10001000773B0008773B0008773B000800000000B2
:10002000000000000000000000000000412D00085A
:10003000413900080000000061360008952D0008D5
:1000400041390008413900084139000841390008A8
:100050004139000841390008413900084139000898
:100060004139000841390008413900084139000888
:100070004139000841390008413900084139000878
:100080004139000841390008413900084139000868
:100090004139000841390008413900084139000858
:1000A0004139000841390008413900084139000848
:1000B0004139000841390008413900084139000838
:1000C0004139000841390008413900084139000828
:1000D0004139000841390008413900084139000818
:1000E0004139000841390008413900084139000808
:1000F00041390008413900084139000841390008F8
:1001000041390008413900084139000841390008E7
:1001100041390008413900084139000841390008D7
:1001200041390008413900084139000841390008C7
:1001300041390008413900084139000841390008B7
:1001400041390008413900084139000841390008A7
:100150004139000841390008413900084139000897
:100160004139000841390008413900084139000887
:100170004139000841390008413900084139000877
:100180004139000841390008413900084139000867
:100190004139000841390008413900084139000857
:1001A00041390008413900084139000880B56F46DF
:1001B0000B480C494FF6FF72CFF6FF72814201D017
:1001C00004C0FBE701F0C6FF01F0D0FF034801685F
:1001D00041F47001016001F0D9FF00BF88ED00E03B
:1001E00040140020001A0020F0B503AF2DE9000FE5
:1001F00093B0CE4A1368DB070AD1136843F0690352
:1002000023F09403136013689B0701D400BFFAE73F
:10021000936813F00C0F07D000239360936813F0DA
:100220000C0F01D000BFF9E791F82B304BB991F8D2
:1002300028B04FF00009BBF1020F12D091F829301D
:100240007BB9D2F8943043F00103C2F89430D2F86D
:1002500094309B0701D400BFF9E791F828B04FF024
:100260000109BBF1020F23D0936D43F080539365D6
:10027000AF4B1C6844F480741C601923BBF1000F61
:1002800008BF0523D2F890402343C2F89030D2F83B
:1002900090309B07FBD591F829304BB9D2F89030BC
:1002A00043F02003C2F89030936943F400739361E4
:1002B00091F82530022B0FD091F824409D4D002C51
:1002C00008BF05F5802515601468A403FCD51BB98B
:1002D000146844F40024146091F830A0BAF10C0FB3
:1002E00032D191F82AC0BCF1000F0BD0D2F898405F
:1002F00044F00104C2F89840D2F89840A40701D411
:1003000000BFF9E7BAF10C0F08D0BAF10B0F02BF2A
:10031000D2F8884044F04064C2F8884091F82C40FC
:10032000854EDFE804F002382233BAF10C0F3FD1DA
:10033000012100200E91DFF8A4140D91119010906E
:100340000420DFF89C141DE00D24BBF1020F08BF50
:100350000924156844EA0A1425F0F9052C431460B1
:100360001468A407BDD400BFFAE7022B1CD10121F9
:1003700000200E91DFF858140D9111901090042078
:10038000DFF850140F900DA800F032FC022B0BD1B7
:10039000BAF10C0F0CD140F26313136013685B05C4
:1003A000FCD50123B04608E0D1F82080022304E008
:1003B000DFF8243453F82A8000230A9391F82D4063
:1003C0005E4D042C0C9423460ED18B699BB1B8F181
:1003D000000F00F0EB81CB695B00B3FBF8F31B026D
:1003E0000B9300230C9303E0CB8D0B938B6913B11C
:1003F00001F11C0309E0BAF10C0F02D1504B01339B
:1004000007E0DFF8D43303EB8A031B68AB4280F0CC
:100410009C810C6894B14C68002C00F0BE81B3FB49
:10042000F4F4012C0BD0022C0BD0002C00F0C18175
:10043000E51E032D28D20925042404E0012400250B
:1004400001E00825022409958D68B3FBF4FEA5B1EF
:10045000CD68002D00F0A481BEFBF5F5012D0CD078
:10046000022D0DD0002D00F0A9813446EE1E032E82
:1004700011D205250795042517E00024012501E088
:1004800004240225079411E0A51F062D80F0328177
:100490000A250824D7E7063D0726062D4FF010054C
:1004A00038BF0626079638BF08252646BEFBF5F45A
:1004B00008959C4200F23F810D69CDF818C0CDF837
:1004C000048095B14969002900F06D81BEFBF1F10E
:1004D00001290AD002290BD0002900F07481CD1E19
:1004E000032D08D2052504210EE0002501210BE093
:1004F0000425022108E00639072506294FF01001DE
:1005000038BF062538BF0821BEFBF1F8984500F238
:10051000178106F1010C0595E6450493029111D26D
:10052000534649464FF4C06624E000BF0010024025
:1005300000700040630001000024F40001B4C40412
:10054000FF083D00B34DAE4504D25346494640F244
:1005500001660FE0B04D53464946AE4502D240F227
:10056000026607E0AD4D40F204660235AE4538BF85
:1005700040F20366AA4D4FF0020A03942E600C9CD1
:10058000DFE804F01B03161906004FF0040A14E01C
:10059000059C9C46E502079C0C2B45EA0425099C1A
:1005A00008BF4FF0060C002645EA04150A9C67E0D8
:1005B0004FF0060A01E04FF0080A0B9CD946C4F33D
:1005C000072BBBF1070F40F2C580BBF1570F80F03E
:1005D000C6800B9C012555FA84F5019CB4FBF5F50A
:1005E000804CA54240F2C080654580F0C28005FB8A
:1005F0000BF58A4EB54240F2C180944EB54280F070
:10060000C280794CB5FBFAF5A54280F0C1800B9C05
:100610009C461668E5B226F0807616600A9C16683D
:10062000B60101D500BFFAE7D6688D4B33400C9E6A
:10063000760665F306160BF07F05CB4646EA0525E0
:1006400025442B440133D360136843F08073136057
:10065000D36843F08073D36013689B0101D400BF5B
:10066000FAE7936843F6F3750326AB43059D43EA27
:10067000C523079D43EA0523099D43EA0513DD1CB5
:100680009560089D9368C3F38103B34201D000BF16
:10069000F8E7BCF10C0F02BF136823F005031360E9
:1006A00041770499C1600C99069A029E0429039B24
:1006B00071460277C0F800E080F81AC046760576E9
:1006C000C0F80880436008BF0324BBF10202C4766F
:1006D00018BF0122012E827718BF4FEA48014161FD
:1006E000012D18BF4FEA430EC0F810E013B0BDE86B
:1006F000000FF0BDA4F10C051C2D02D20B25102417
:10070000A1E6A4F12805382D02D20C2540249AE652
:10071000A4F16005602D02D20D25802493E6C03C33
:100720000F25C02C4FF4007438BF0E25099538BF33
:100730004FF4807488E64D4821214D4A00F064FF53
:1007400048482121484A00F05FFF29482621294ACC
:1007500000F05AFF33482021334A00F055FF334858
:100760002121334A00F050FF32482A21324A00F05A
:100770004BFF32482B21324A00F046FF31482321FB
:10078000314A00F041FF32482421324A00F03CFF58
:1007900031482C21314A00F037FF194801F000F8A8
:1007A000194800F0FDFF1A4800F0FAFF0F4800F06A
:1007B000F7FF11482821114A00F026FF0E48282192
:1007C000104A00F021FF0C482821104A00F01CFFBD
:1007D000A4720008AC7200089475000850720008FA
:1007E00068720008FF083D0001B4C404BC72000830
:1007F000CC720008F47200081C75000844750008EB
:100800000C750008647500085475000884750008AC
:10081000747500080148E801016CDC02FF8FD00309
:10082000002002406C730008AC730008BC73000821
:10083000E0730008F07300081C7400082C740008B2
:1008400058740008687400088C740008816FE813FD
:100850009C740008C0740008D0740008FC74000880
:100860008C80FFF9387300085C730008047300087B
:100870002873000880B56F4600F000F880B56F4619
:1008800096B006208DF854004FF08060CDF84E00F1
:1008900002208DF84C008DF8490007481090012087
:1008A0000F9000200D900B90099001A809A9FFF767
:1008B0009BFC04F0CBF800BF00B4C40480B56F46C5
:1008C0008AB00A460146684600F004F8BDF80A00FE
:1008D0000AB080BDB0B502AF8EB00446029201F1FD
:1008E0000800104A019003A801A901F033FDDDE9D9
:1008F00003010D4A00F01CF803AD02460B461146F9
:1009000028461A4601F05EFD9DF80C0030B9691CBE
:100910002046282206F075FC0EB0B0BD034806F054
:1009200047FA00BFC4750008047600081476000872
:1009300000B1704780B56F46104606F039FA80B5B1
:100940006F468AB00A4601466846FFF7C3FF039820
:100950000AB080BDD0B502AF86B0044601A80A46F1
:10096000214600F005F803982044083006B0D0BDB9
:10097000B0B502AF88B0044601F1080001926946A3
:100980000F4A009002A801F0E5FCDDE902010D4AE2
:10099000FFF7CEFF02AD02460B46114628461A4627
:1009A00001F035FD9DF8080030B9691C204614227D
:1009B00006F027FC08B0B0BD034806F0F9F900BF07
:1009C000C47500082476000834760008FEB506AF2A
:1009D0000A46014601A8FFF7CBFFBDF8060000F06C
:1009E000010006B080BD80B56F468AB00A46014658
:1009F0006846FFF76FFFBDF818000AB080BDD4D479
:100A0000F0B503AF4DF804BD8EB0154608301D4A51
:100A100001916946009002A801F09CFCDDE9020109
:100A2000194AFFF785FF04460E4602A821463246C2
:100A300001F0C8FC9DF8080008BBBDF82100ADB26C
:100A4000A8421CD902A82146324601F0BBFC9DF801
:100A50000800A0B9BDF81F000021CDE9021108234C
:100A600000EBC501F56802AA2046A847C0B20828D5
:100A700001BFDDE902010EB05DF804BBF0BD034823
:100A800006F096F9C475000844760008547600080C
:100A9000D0B502AF048802460B8843EA0400B0FADE
:100AA00080F0400934B12BB148885188081AB0FA57
:100AB00080F04009D0BD038802460020062B01BF0C
:100AC0005388042B88B2918802BF081AB0FA80F0CC
:100AD00040097047F0B503AF4DF8048D0568E8078D
:100AE0000ED1A8071ED468072CD428073BD4E806EB
:100AF0004AD415F1200F5DD3D1E90540C56854E013
:100B0000D1E905480422D8F80C6031492046B047A5
:100B1000002856D1A8070DD52E4920460322B047FC
:100B200010B14EE006F07DF92B4920460522B04772
:100B3000002846D168070CD5264920460322B04735
:100B400010B13EE006F06DF9244920460722B04777
:100B5000B8BB28070ED5D8F80C6020461D490322E3
:100B6000B04710B12DE006F05CF91D492046062281
:100B7000B04730BBE8060ED5D8F80C6020461549C2
:100B80000322B04710B11CE006F04BF9154920468E
:100B90000322B047A8B915F1210F16D9D8F80C5087
:100BA00020460C490322A84758B91049204608227C
:100BB000A84705E0D1E905010722CB680A49984713
:100BC00018B101205DF8048BF0BD0020FAE700BFEA
:100BD000A876000864760008C0760008C57600088C
:100BE000CC760008D2760008A07600089876000837
:100BF00080B56F4688B090E87441EC4663460120AA
:100C000083E87441ADF81C006046069106F0A0F838
:100C100080B56F4600F09AF980B56F468CB0CDE98B
:100C2000000100200690022047F2287103900590F1
:100C300008A8C0F60001049040F657400291C0F6A3
:100C400000006946CDE9090111460B9001A8089002
:100C500002A8FFF7CDFFF0B503AF2DE9000F8DB06F
:100C6000046842F210700D464FF69C7E844247F2B3
:100C7000A270C0F600003CD341F259784EF2FF0258
:100C8000A7F1430B0021CDF2B7184DF6F00941F260
:100C90007B4AC0F2F5520295A4FB08350BEB010C20
:100CA000043994424FEA553303FB09451C46AEB262
:100CB0004FEA960606FB0AF64FEA564606FB0E5525
:100CC00030F81660ACF82360ADB230F81550ACF8CF
:100CD0002550E1D8029D27311C46632C0CD82246B2
:100CE0000A2A1AD330F812000239A7F143025052EF
:100CF00019E02721632CF2D9A2B241F27B4392087A
:100D000002395A43A7F14306520C02FB0E439BB231
:100D100030F8133073520A2AE4D2013942F030001D
:100D2000A7F143025054C1F127000090A7F14300FE
:100D3000002243182846012100F004F80DB0BDE858
:100D4000000FF0BDF0B503AF2DE9000F85B00C46E4
:100D5000C169D7F80880934611F001024FF02B0AC1
:100D600002EB080508BF4FF4881A99464A0701D4D8
:100D7000002418E0BBF1000F12D01BF0030311D0C8
:100D800094F90060002216F1410FC8BF0122012B27
:100D900008D094F9013013F1410FC8BF013201E0CE
:100DA0000022FFE715440268B2B1CDF81090D0F8E8
:100DB0000490A94520D90907CDF80C8032D490F8C9
:100DC0002010A9EB05090294DFE801F06602600239
:100DD00049464FF000095FE0D0E9055652463146DA
:100DE0002346CDF800B0284600F08DF8002872D1D7
:100DF000F368284649460EE0D0E90556524631468A
:100E00002346CDF800B0284600F07DF8002862D1D6
:100E1000F36828460499424605B0BDE8000FBDE8D6
:100E2000F040184701692346D0E9058652460191F2
:100E300030210161012190F8204080F820103146D6
:100E400002904046CDF800B000F05DF80146012068
:100E5000002941D1DDF810A0A9EB0500A346441CF0
:100E6000013C06D032694046302190470028F7D037
:100E700031E0F3684046039A5146984758BB0298C0
:100E8000019980F820B00161002025E009F10102FC
:100E90004FEA59014FEA5209D0E904654C1CD0F8D9
:100EA0001880013C07D0D8F81020284631469047DA
:100EB0000028F6D00FE0CDF800B02846029B41464E
:100EC000524600F020F830B9D8F80C302846DDE959
:100ED0000321984720B1012005B0BDE8000FF0BD07
:100EE0000024A14509D0D8F8102028463146904763
:100EF00001340028F5D0611E00E049460020494534
:100F000038BF0120E8E7F0B503AF4DF8048DD7F8FE
:100F100008801C460E46B2F5881F0AD03369114678
:100F2000054698470146284619B101205DF8048B13
:100F3000F0BD3CB1F368214642465DF8048BBDE844
:100F4000F040184700205DF8048BF0BD80B56F4677
:100F50008CB08021CDE90001002047F6A001069069
:100F60000220C0F600010390059008A8029101A993
:100F7000049040F65740C0F60000CDE9090147F261
:100F800090710B906846089002A8C0F60001FFF728
:100F90002FFE80B56F4600F000F880B56F468CB02C
:100FA000CDE90001002047F6201106900220C0F68E
:100FB00000010390059008A8029101A9049040F651
:100FC0005740C0F60000CDE9090111460B90684674
:100FD000089002A8FFF70CFEF0B503AF2DE9000F53
:100FE00087B08846D0F800C081685CEA010302D16E
:100FF000D0E90501D0E2B1B3C66808EB020E824623
:101000004FF00009C6B10025414608E0F0292CBF89
:10101000211DE11C0B1B01359944AE420DD07145D9
:1010200026D00C4611F9013BB3F1FF3FF2DCD9B2F7
:10103000E029EBD2A11CEDE741467145504612D0A4
:1010400091F90010B1F1FF3FDCBFC9B2E029B9F15D
:10105000000F14D0914511D218F9091011F1410F68
:101060000DDC00210CE09146BCF1000F10D190E2A4
:1010700091465046BCF1000F0AD18AE2F1D14146B7
:1010800000290CBF91468846BCF1000F00F0818218
:101090004668B9F1100F0BD2B9F1000F20D009F05A
:1010A0000301B9F1040F1ED24FF0000E002543E0FA
:1010B00008F10301CDE9006021F00306CDF80890A6
:1010C000B6EB080EA9EB0E0000F0030B01D10021D6
:1010D0008DE0A8EB060111F1040F4ED900216EE05E
:1010E0004FF0000E45E209F00C05B246A8F10406E7
:1010F00084464FF0000E2B4616F9040F96F9032094
:1011000010F1410FC8BF0EF1010E96F9010096F9DA
:10111000024010F1410FC8BF0EF1010E14F1410F52
:10112000C8BF0EF1010E12F1410FC8BF0EF1010E42
:10113000043BE1D160465646002900F01A8218F9B6
:10114000052012F1410FC8BF0EF1010E012900F078
:10115000108208EB050393F9012012F1410FC8BF7B
:101160000EF1010E022900F0048293F9021011F130
:10117000410FC8BF0EF1010EFBE108F1010A002189
:101180006FF003020AEB0203043293F9034093F970
:10119000065093F905C014F1410F93F90430C8BF0C
:1011A000013113F1410FC8BF01311CF1410FC8BF1C
:1011B000013115F1410FC8BF0131131DE2D198F97A
:1011C000002012F1410FC8BF0131BEF1010F0ED056
:1011D00098F9012012F1410FC8BF0131BEF1020F91
:1011E00005D098F9022012F1410FC8BF01314FEA32
:1011F00090090024BBF1000FCDF80C801AD020F02C
:101200000302324492F9005015F1410FC8BF012486
:10121000BBF1010F0ED092F9015015F1410FC8BF7B
:101220000134BBF1020F05D092F9022012F1410FF7
:10123000C8BF013404EB010E4FF0010B12E04FF078
:10124000000C3FFA8CF03FFA9CF21044A9EB040921
:1012500003EB840614F0030100EB00400EEB104E8C
:1012600040F05681B9F1000F00F04F81B9F1C00F85
:101270004C4628BFC0243346B9F1040FDFD36FF0CA
:101280000F0000EB840130290BEB111007D24FF057
:10129000000C1E4610F0030840F0B880D1E720F0A3
:1012A000030B4FF0000C1E46CDE90404069396E8AC
:1012B0001205BBF1040B32696FEA0100B5694FEA10
:1012C000D01040EA91106FEA04014FEAD11120F0EA
:1012D000FE3041EA9411604421F0FE3471692044EB
:1012E0006FEA08044FEAD413B46B43EA9813D6F8B4
:1012F0003CC023F0FE3318446FEA0A034FEAD313CD
:1013000043EA9A1323F0FE3318446FEA02034FEACC
:10131000D31343EA921222F0FE32F36910446FEACB
:1013200001024FEAD21242EA911121F0FE31326AF3
:1013300008446FEA05014FEAD11141EA9511756A37
:1013400021F0FE3108446FEA03014FEAD11141EA6E
:101350009311B36A21F0FE3108446FEA02014FEAAB
:10136000D11141EA9211F26A21F0FE3108446FEA8C
:1013700005014FEAD11141EA9511356B21F0FE319B
:1013800008446FEA03014FEAD11141EA9311736BEC
:1013900021F0FE3106F1400608446FEA02014FEAEF
:1013A000D11141EA921121F0FE3108446FEA0501A2
:1013B0004FEAD11141EA951121F0FE3108446FEA5C
:1013C00003014FEAD11141EA931121F0FE310844A3
:1013D0006FEA04014FEAD11141EA941121F0FE3184
:1013E00008446FEA0C014FEAD11141EA9C1121F047
:1013F000FE3101EB000C7FF45AAF069B4FF0010B5E
:10140000DDE9040410F003083FF41BAFD6E9000245
:10141000A246B168B8F1010FF4686FEA00054FEA1F
:10142000D51545EA90106FEA020520F0FE304FEA2C
:10143000D51545EA9212604422F0FE3210446FEA5C
:1014400001024FEAD21242EA911222F0FE32104417
:101450006FEA04024FEAD21242EA9412544622F092
:10146000FE3202EB000C3FF4ECAED6E90402B8F118
:10147000020FD6E906146FEA00054FEAD51545EAD2
:1014800090106FEA020520F0FE304FEAD51545EACC
:101490009212604422F0FE3210446FEA01024FEAD9
:1014A000D21242EA911222F0FE3210446FEA040294
:1014B0004FEAD21242EA9412544622F0FE3202EB74
:1014C000000C3FF4BEAE06F1200527CDCE43F60951
:1014D00046EA9111C44321F0FE31E40944EA901038
:1014E00020F0FE30544660440844D143C90941EA23
:1014F000921121F0FE310844E943C90941EA9511EE
:1015000021F0FE3101EB000C9BE6DDE902982EE0B4
:1015100004F0FC06DDE90298012953F826006FEA81
:1015200000024FEAD21242EA901020F0FE3515D0A8
:1015300003EB8606022970686FEA00024FEAD212B6
:1015400042EA901020F0FE30054407D0B068C14355
:10155000C90941EA901020F0FE3005443FFA85F0B9
:101560003FFA95F1084400EB00400EEB104EDDE928
:10157000006076450DD990F82020CB46A6EB0E09E9
:101580000021DFE802F01702111749464FF0000969
:1015900010E0D0E905014A46CB68414607B0BDE8F6
:1015A000000FBDE8F040184709F101024FEA590168
:1015B0004FEA5209D0E904A44E1C8569013E06D0C9
:1015C0002A692046514690470028F7D005E0EB688D
:1015D000204641465A46984708B1012010E00026AF
:1015E000B14508D02A692046514690470136002867
:1015F000F6D0711E00E049460020494538BF012061
:1016000007B0BDE8000FF0BD80B56F4688B09446C6
:101610000122019206AA0023CDE9060100920422CC
:1016200068466146049303930292FFF7E1FA0B4682
:10163000D0E900121846FFF7CFBCD0E90002D2680B
:101640001047F0B503AF2DE9000F8DB003231669E5
:101650008DF83030202308930023002ECDE90A13A3
:101660000990069304935DD05069002800F08080B3
:10167000D2F800A04101D2F808B0013820F078403B
:101680004FF000084FF000090130029203910190E1
:101690000AEB09014A6832B1DDE909030968DB6830
:1016A0009847002875D106EB0800036906EB89000E
:1016B000D0E90221057F846908938DF830500B949E
:1016C00042B1012A03D10BEBC1014A680AB10022E1
:1016D00001E00968012256F80830CDE90421022B07
:1016E00006D04168012B06D10BEBC1014A680AB153
:1016F000002201E0096801224369079106920BEB81
:10170000C3015BF833004B6804A99847002840D117
:10171000039808F1200809F108094045B8D1DDE92E
:1017200001B227E0D06818B3C600013820F060404D
:101730009468D2F8009000F1010B0DF11008924668
:10174000002509EBC5014A682AB1DDE909030968EA
:10175000DB689847E8B904EBC50154F835004A68DE
:1017600041469047A8B90135083EEAD1524601E00A
:101770004FF0000B506883450DD212685E46DDE9DC
:101780000901CB6852F83B1002EBCB025268984734
:1017900008B1012000E000200DB0BDE8000FF0BD51
:1017A00080B56F4686B00146002001220490019268
:1017B00047F6A41203900420C0F600020290684687
:1017C0000092FFF715FAF0B503AF2DE900078EB0D0
:1017D00003460668007A08B1012061E05C6898461B
:1017E000E069430719D40D4647F26771914647F205
:1017F0007172D4E90503C0F60001C0F60002002EA4
:1018000008BF1146DB684FF0020208BF012298476B
:10181000D0BB28462146C84741E076B98946D4E97D
:101820000501CB6847F272711546C0F6000102222D
:10183000984748BBE0692A464946012347F24C7560
:1018400007F83D3CA7F13D03039301ABC0F600054B
:101850000C900A93D4E90230D4E9009ACDE907301C
:1018600005ABD4F810C0084694F820E019460B9553
:101870006569A4698DF834E0CDF824C0CDE9015440
:10188000CDE9059A904708B1012008E0DDE90A0199
:101890000222CB6847F26C71C0F6000198474346BC
:1018A000711C1872196018460EB0BDE80007F0BD33
:1018B000F0B503AF2DE9000F87B09146026804929E
:1018C0004FF0000B42684FF0000A80680590481CFA
:1018D0000090C9F100000290481E03920691019009
:1018E00014E00198005D0A38B0FA80F04009039BCB
:1018F000A4EB0A02059D0699DB6828705144049800
:10190000984750EA0601C24640F0CE80CB4500F22F
:1019100096800698A9EB0B0EBEF1070F584422D80B
:10192000D94500F08B80029900225944835C0A2B30
:1019300000F0A8808B185E1C00F0808086187578F7
:101940000A2D00F093809D1C78D0B5780A2D00F008
:101950008F80033372D0F3780A2B00F08B8004322F
:101960008B18E3D16AE0C11C21F0030CBCEB000131
:1019700020D08D1EA1F103084C1E0022835C0A2B8F
:1019800000F08080944210D083185E780A2E6DD0CB
:1019900095420AD09E780A2E6AD0904505D0DB7811
:1019A0000A2B67D004329142E8D1AEF1080291428D
:1019B00002D91AE0AEF10802042303EB0C0656E943
:1019C000013583F00A34A4F1013424EA030385F0DD
:1019D0000A34A4F1013424EA05052B4313F0803FB7
:1019E00003D1083108369142E9D9714526D0009BD0
:1019F00001EB0B02029E134402EB060CA9EB010261
:101A0000A2EB0B080022A8F1010E9E1816F8014C5B
:101A10000A2C36D0964511D09C5C0A2C2CD00CEBAD
:101A20000204A51C0AD075780A2D27D0033405D0EE
:101A3000B4780A2C24D004329045E6D1CB46CA456E
:101A40002FD00126D0464C460598007848B103981F
:101A500047F2BC61C0F600010422C36804989847AD
:101A600008BB54457FF43DAF002040E7013209E058
:101A7000023207E0033205E0013202E0023200E008
:101A800003320A4402EB0B0101F1010B4945BFF49B
:101A90003DAF805C0A287FF439AF0026D8465C460B
:101AA000D2E7002000E0012007B0BDE8000FF0BD44
:101AB000F0B503AF4DF8048D8568D0E9008628782D
:101AC00078B147F2BC62F368C0F600020C461146DA
:101AD000404604229847214618B101205DF8048B46
:101AE000F0BDA1F10A003269B0FA80F04009287017
:101AF00040465DF8048BBDE8F04010470A4647F2C7
:101B00004C71C0F60001FFF79CBDF0B503AF2DE9A5
:101B1000000F8FB09846034600794FF00109002866
:101B20004FF001007BD11D689A46CDF80480D7F8AC
:101B30000880E8695B7946072DD40C4647F2677147
:101B4000934647F26472D5E90506C0F60001C0F677
:101B50000002002B08BF1146F3684FF0020208BFD5
:101B600003229847002858D1D5E905015A46CB6889
:101B700021469847002850D1D5E905010222CB68BB
:101B800047F23871C0F600019847002845D1019806
:101B90002946C04742E073B90C46D5E90501CB6838
:101BA00047F269711646C0F6000103229847A0BBB0
:101BB000E869324621460D9047F24C70C0F60000AD
:101BC000A7F141060C900123A86904966C69039063
:101BD00002A8D5E9026807F8413CD5E900E395F889
:101BE00020B0029408ACD5F810C00B908DF838B036
:101BF00084E84011CDE906E3FFF75AFE68B947F2E1
:101C0000387102A8C0F600010222FFF751FE20B988
:101C1000019806A9BA68904748B101205346187147
:101C2000184683F805900FB0BDE8000FF0BDDDE960
:101C30000B010222CB6847F26C71C0F60001984795
:101C4000ECE780B56F468EB08DE80F00002047F2BC
:101C50003C71089002200590C0F6000107900AA888
:101C6000069041F23B60C0F60000D7F808C00D9026
:101C700002A80C9041F22F60C0F6000004910B9076
:101C800068460A9004A86146FEF7B2FF80B56F4629
:101C90008CB0008842F20F728C46904223D9020920
:101CA00040F247335A434DF6F003CFF6FF7341F24B
:101CB0007B41D20C12FB030083B29B0859436FF0A7
:101CC0006303490C11FB030047F2A273C0F6000343
:101CD00033F8111027F8041C80B233F810002323C6
:101CE00027F8020C22E047F2A2726328C0F6000235
:101CF00018D9810841F27B4359436FF06303490CC3
:101D000011FB0300252380B232F8100027F8020CE3
:101D100008460A2809D3023B32F81000A7F1270130
:101D2000C85209E027230A28F5D20246013BA7F151
:101D3000270142F03000C854C3F127000090A7F1FA
:101D400027000121034460460022FEF7FBFF0CB090
:101D500080BD80B56F468AB0CDE9000100200690B5
:101D60000120039047F28061059008A8049041F299
:101D70002F60C0F60000C0F6000109906846089088
:101D800002A802911146FEF733FF80B56F4688B076
:101D90000146002004900120019047F280620390E8
:101DA00006A8029041F22F60C0F60000C0F60002C3
:101DB000079047F20C70C0F600000092069068464B
:101DC000FEF716FFF0B503AF4DF8048DA2B0006822
:101DD0000DF1080C00244FF0570E00F00F032246BF
:101DE00003F157050A2B644402F1800838BF03F160
:101DF0003005102884F87F502AD3C5B2A02D0EEBF1
:101E000015164FEA151338BF03F13006050A84F89A
:101E10007E6020D005F00F0303F157050A2B38BF71
:101E200003F1300584F87D50050B19D005F00F0340
:101E300003F157050A2B38BF03F1300584F87C50B5
:101E4000141F000CC9D102F17C00A8F103080BE0BB
:101E5000A8F1010008E0A8F10200A8F1010803E0E0
:101E6000A8F10300A8F10208812811D2C8F181026B
:101E7000009247F2A0720CEB0003C0F60002084685
:101E800011460222FEF75EFF22B05DF8048BF0BD22
:101E9000FEF7BEFEB0B502AF84B01C460546D0E9E1
:101EA0000503DB6898478DF80C0044F28D20002173
:101EB000C0F600008DF80D1047F62231009002A800
:101EC000C0F60001072223460295FFF71EFE42F2EC
:101ED0007571BB68C0F600010622009147F62931F2
:101EE000C0F60001FFF711FE9DF80D109DF80C00E3
:101EF00019B138B1012004B0B0BD002818BF0120CD
:101F000004B0B0BD0298017F490708D4D0E90501AB
:101F10000222CB6847F26F71C0F6000107E0D0E9FA
:101F200005010122CB6847F26E71C0F600019847A7
:101F300004B0B0BDB0B502AF84B01C460546D0E9D0
:101F40000503DB689847BA6800218DF80C0001A8EA
:101F50008DF80D10019121460295FFF734FC01998F
:101F60009DF80C0019B138B1012004B0B0BD0028B3
:101F700018BF012004B0B0BD029C012913D19DF807
:101F80000D0080B1207F40070DD4D4E90501012266
:101F9000CB6847F27471C0F60001984701460120F2
:101FA00009B104B0B0BDD4E905010122CB6847F204
:101FB000D561C0F60001984704B0B0BD80B56F464A
:101FC0008CB0CDE90001002006900320039047F675
:101FD0007010C0F60000694602900220059008A823
:101FE000049040F65740C0F60000CDE909011146C3
:101FF0000B9001A8089002A8FEF7FAFDF0B503AF18
:102000004DF8048DA2B00DF1080C00244FF0370EEE
:1020100000F00F03224603F137050A2B644402F156
:10202000800838BF03F13005102884F87F502AD388
:10203000C5B2A02D0EEB15164FEA151338BF03F1EC
:102040003006050A84F87E6020D005F00F0303F106
:1020500037050A2B38BF03F1300584F87D50050B96
:1020600019D005F00F0303F137050A2B38BF03F130
:10207000300584F87C50141F000CC9D102F17C009B
:10208000A8F103080BE0A8F1010008E0A8F10200A4
:10209000A8F1010803E0A8F10300A8F102088128D3
:1020A00011D2C8F18102009247F2A0720CEB00033A
:1020B000C0F60002084611460222FEF743FE22B097
:1020C0005DF8048BF0BDFEF7A3FDF0B503AF4DF84E
:1020D00004BDEAB3CB0706D00368DB07FCD011F8D8
:1020E000013B013A037001F00303022B08D1022ADD
:1020F00027D30368DB07FCD031F8023B023A0380A8
:1021000032B3930800240D469C4206D00668F607B9
:10211000FCD040CD01340660F6E722F0030302F064
:1021200003021944022A06D30368DB07FCD031F806
:10213000023B023A0380012A0AD10268D207FCD08E
:1021400004E0012A04D10268D207FCD009780170AA
:1021500004F05EBE034800220349884228BF70474E
:1021600004C0FAE708000020401400200448054994
:10217000054A904228BF704708C908C0F9E700BF68
:1021800000000020808B00080400002080B56F460E
:10219000FEF770FBFEE77047F0B503AF4DF804BDE6
:1021A000A2B0CA690068D30608D492061BD422B034
:1021B0005DF804BBBDE8F040FFF768BD058805F099
:1021C0000F0000F157020A2838BF00F130028DF8E5
:1021D0008720C5F3032202F157000A2A38BF02F113
:1021E0003000572313E0058805F00F0000F1370297
:1021F0000A2838BF00F130028DF88720C5F303228A
:1022000002F137000A2A38BF02F1300037232C0BC5
:1022100003EB15320A2C38BF04F13002ECB2260968
:1022200003EB1413A02C38BF06F13003102D02D29B
:102230007F2401260CE07D240326B5F5807F38BF7E
:102240007E2438BF0226B5F5805F24BF7C24042697
:102250008DF88420084A8DF885008DF88630009628
:1022600002A80319084611460222FEF76BFD22B0B0
:102270005DF804BBF0BD00BFA0770008F0B503AF68
:102280002DE9000F89B001AD92460C4680462846E4
:102290001C21FF2299464FF0FF0B04F01BFE154E48
:1022A000284600210122B047284608212246B0478F
:1022B000284610215246B0473889ADF8209028B101
:1022C000012805D1FF204FF0FE0B06E0FF2004E0BF
:1022D000D7F80CB01FFA8BF0000A8DF823004046A7
:1022E0008DF822B001A9202204F08BFF09B0BDE8CF
:1022F000000FF0BDF9220008D0B502AF4318013A33
:102300000024082C05D008191F2803D81A550134B9
:10231000F7E7D0BD014A2021FEF77EFCAC7900082A
:10232000B0B502AF44688C4209D900684BB1A142F4
:1023300009D2455C013B02F8015B0131F6E7002060
:10234000B0BD0820B0BD024A08462146FEF764FC35
:10235000F4790008F0B503AF2DE9000B8CB0D56817
:10236000914604464FF000080E4608466A46002192
:102370000423CDF80080A847C1B2082910D1104825
:10238000009981420BD1A7F1410031464A4600F045
:1023900019F817F8410C50B117F8400C00E0012073
:1023A000C4F8008020710CB0BDE8000BF0BD37F818
:1023B0003C0C012802D1C4E90069F4E70220EFE7F0
:1023C0007F484246F0B503AF4DF8048D8AB0E84629
:1023D0000E46044640462821154604F010FFED68DD
:1023E0003046002142462823A8470146C2B2601C5D
:1023F000082A05D16946282204F003FF002001E0E5
:102400000170012020700AB05DF8048BF0BDF0B5BA
:1024100003AF4DF8048D86B00DF104080E46044656
:1024200014214046154604F0EAFEED6830462821A6
:1024300042461423A8470146C2B2601C082A05D1AF
:1024400001A9142204F0DDFE002001E0017001204A
:10245000207006B05DF8048BF0BDD1E901329A42DC
:1024600009D2531C8B600968895C01298EBF012148
:102470000171072100E00021016070478BB200224A
:10248000B2EB532F07D1DA02C0F6000102F100626D
:10249000C0E90121012202607047F0B503AF4DF899
:1024A000048D00F1040C04464FF000089CE806106F
:1024B000DCE9005682EA060081EA050318434FF082
:1024C00000001DD051EA020003D005EA06000130E9
:1024D00015D12568686940F0010068612846CCE99B
:1024E000001200F012F8696921F001016961C1B2BE
:1024F000022901D1002003E000F001002074012036
:10250000C4F80C805DF8048BF0BD0169C903FCD4EC
:102510000169016111F0300FC1F3001008BF022002
:102520007047D4D4084602490222FEF755BD00BFC9
:102530002D7C0008F0B503AF2DE9000B8CB00DF138
:1025400008090E460446202148461D46904604F0E0
:102550005CFE05F1006130464A462023C04770BB4F
:10256000BDF826004FF6FE710222608088424FF6C9
:10257000FF7108BF0122401A18BF10462080DDE914
:1025800006100840B0F1FF3018BF0120207202ABE6
:102590000FCB1A40B2F1FF3218BF01220840B0F150
:1025A000FF31E27118BF01210130BDF82400A17193
:1025B00008BF0920A0800CB0BDE8000BF0BD0448A6
:1025C000A7F1190200902B210248034BFFF739FBBA
:1025D000E07A0008F47C0008A47C0008F0B503AFA2
:1025E0004DF804BD9468002314F1030F9FBF566893
:1025F000A51CB54213689EBF19539560072303605D
:102600005DF804BBF0BDB0B502AF0C46D1E9015195
:10261000A94209D225686A540131A16019462246AF
:10262000BDE8B040FFF7DABF00210160B0BDB0B532
:1026300002AF0C4672B1D4E9012191420FD2226857
:10264000012555540131A16019462246BDE8B0402C
:1026500000F008B82146BDE8B04000F018B80021ED
:102660000160B0BDF0B503AF4DF804BD9468002320
:1026700014F1050F9FBF5668251DB54213689EBF14
:1026800019519560072303605DF804BBF0BDD0B518
:1026900002AFD1E901430022A34204D20C68E25404
:1026A0005A1C8A6007220260D0BDD4D4F0B503AFB3
:1026B0004DF804BD14468A1E92B2042A28BF042293
:1026C000DFE802F00334282B0C00D3E9014200219B
:1026D000A24237D21C68A154511C2FE0D3E90162F9
:1026E000B2422ED2D3F800C004250CF80250551C7B
:1026F00009049D6029D0B54223D201210CF80510B0
:10270000911C1A46996021465DF804BBBDE8F04073
:10271000FFF764BF1946022201E01946032223464F
:102720005DF804BBBDE8F040FFF76DBFD3E90121C0
:10273000914206D21A68012454540131996007214C
:1027400000E00021016004F063BB19465DF804BBA2
:10275000BDE8F040FFF79BBFCA690068D30648BFD9
:10276000FFF730BB920658BFFEF775BA0068FFF757
:1027700045BCD4D40068084A084B0078002808BF3C
:1027800013464FF0060208BF0422D1E90501D1F833
:102790000CC01946604700BFB8760008CA7B000825
:1027A000CA69D30648BFFFF70DBB920658BFFEF7B4
:1027B00052BA0068FFF722BC006800F001B8D4D418
:1027C000E0B502AF0A46019004480549009001AB0C
:1027D00010460622FFF7AEFB8CBD00BF9921000812
:1027E000107B0008D0B502AF0068054A007852F8A7
:1027F0002040044A04F060FBBDE8D040184700BF09
:102800002C8B0008088B0008D0B502AF0068054A81
:10281000007852F82040044A04F04EFBBDE8D04056
:10282000184700BF688B0008508B00080068FFF74E
:102830002DBAD4D4DCB504AF044600208029019021
:1028400003D28DF80410012032E002200A4660F322
:102850009F12B1F5006F07D28DF80520C02242EA21
:1028600091118DF8041023E0B1F5803F0DD28DF861
:102870000620E02242EA1132890960F39F118DF8A7
:1028800004208DF80510032012E08DF807208A0936
:1028900060F39F128DF806200A0B60F39F12880CDC
:1028A0001E218DF8052061F3DF008DF8040004205F
:1028B000064B01A9042200F00BF802460B46114614
:1028C00020461A4600F011F80020DCBD807C00088C
:1028D000D0B502AF044690429EBF08462146D0BD07
:1028E000114620461A46FEF754FB80B56F46006835
:1028F000FFF7EBFB002080BD0A464968012901492A
:10290000FEF79FBE207D00088B68002213F1050FA3
:102910000DD8B0B502AF4D681C1DAC429FBF8C6096
:102920000968C958416098BF0722BDE8B0400260FD
:102930007047C16809B1FFF7B0BD00207047D4D41B
:10294000BFB506AF044601A80D46FFF797FD0198F5
:10295000E0B1022040F6FA7265F3CA0025686969A1
:10296000914308446861686940F480306861284692
:10297000FFF7CBFD6969074A11406961C1B20229BD
:1029800001D1002003E000F001002074012004B018
:10299000B0BD00BFFDFFFEFFF0B503AF2DE9E00FB6
:1029A00000F1040B044600259A46CDE90112AB4222
:1029B0002DD00298465D019800EB0509E06829F0EA
:1029C000070838B1404505D02046FFF766FD00BB3B
:1029D000E068534618B9D8E90001CBE9000109F0D5
:1029E00007001BF80010FF2918BF002E0CD1072884
:1029F0000BF80060C4F80C8004D12046FFF74DFDB1
:102A0000534638B90135D2E7B142F0D002E01D4655
:102A100000E0534600209D4238BF0120BDE80E0F64
:102A2000F0BDD4D4F0B503AF2DE9FE0F6821824686
:102A300004F0EBFBDAF80C01016840680844A0F1EF
:102A4000080B5FEA4B706AD1BBF1670F71D9DAF8F6
:102A5000FC0000287AD0DAE92790ABF16805AB21B9
:102A60004A4618B102F8011B0138FAE7DAF80461A6
:102A700016EB09006DD2DAF8004101A851464A462A
:102A8000334600F07DF89DF804000B2864D1DDE9A1
:102A900002010022914205D096423BD0A35C8354B0
:102AA0000132F7E7DAE94301FDF754FFDAF8FC10E9
:102AB00080460AF1A40001EB4101890039B350F8C6
:102AC000082CAA4209D850F8043C1A44934504D86B
:102AD000026802F01A02022A02D00C390C30EDE72B
:102AE0002846682104F08BFB4FF0807048F001010C
:102AF0004FF0FF32E8616FF01200C5E90521CAF816
:102B00001490CAE9085007B0BDE8000FF0BD19489D
:102B100004F04EF9164A30463146FEF77DF80121A1
:102B2000002002910E4901910590049004200D4966
:102B300008E00121002002910949019105900490CB
:102B400004200949039001A8FEF752F80B4804F04D
:102B50002FF9094804F02CF9044804F029F900BFC2
:102B60005C7D0008FC7D00089C7D0008CC7D000891
:102B7000EC7D0008DC7D0008BC7D0008AC7D000811
:102B8000F0B503AF4DF804BD044608461D46164691
:102B900011461A46022300F00DF810B10B20314601
:102BA00003E00121002035466170C4E90115207061
:102BB00004F02EB942B3F0B503AF4DF804BD00F1F7
:102BC000A404D0F8FC0002EB010C00EB40008500EF
:102BD000002D284618BF012013D054F8086C8E42EF
:102BE0000CD854F8042C3244944507D8266806EAD9
:102BF00003029A4208BF16F0180202D00C3D0C34B2
:102C0000E6E75DF804BBF0BD01207047F0B503AF07
:102C10002DE9000F00F19C01D0F8FC0000224FF0DC
:102C2000805C4FF03C0E00EB40004FEA80081D48EE
:102C300081461D488346B8F1000F31D070C906F0B7
:102C40000800CA46144344F01004C9F80040F407D1
:102C5000A8F10C084FF0007408BF4FF08074B30760
:102C60000CEA866348BF4FF0407443EA00432344B4
:102C7000F4064FF4802458BF4FF44034002818BFA6
:102C80004FF4803418195B4680EA0B00B5FA85F3DF
:102C90000132AEEB430318430130C9F80400CAE720
:102CA00004F0ABB89CED00E00000081080B56F4662
:102CB0001E49FF241E4B4FF4F076CA6842F4E0220E
:102CC000CA6000220A704A708A70CC718C72CC7211
:102CD000D3F8105D45F01005C3F8105D1D6806EAD5
:102CE0004515203595420ED0B2F5F87F04D09E18D8
:102CF000013286F8FC43F5E70E4A4FF4F8704FF4C2
:102D0000F871FDF789FF0C4A1A6100225A61DA68EE
:102D100042F00702DA600522CA6708490860016AC2
:102D200081F3098890E8F00FFFDFFEDE18ED00E088
:102D300004E000E00C7E00087F3801001C14002035
:102D400070466FF00C0120EA010008281BD041F208
:102D50001C40C2F2000001680A00EFF3098CA2E8EF
:102D6000F05F82EC108A5FEA0B0002F093F841F208
:102D70001C40C2F200000068B0E8F05F90EC108ADE
:102D80008CF309887047012080F314886FF0120ECD
:102D90007047FEDED0B502AF0C4C0121D4E84F0FD6
:102DA000C4E8421F002AF9D1BFF35F8F60B9012048
:102DB00000F010F818B106484FF080510160002073
:102DC000BFF35F8F2070D0BD00F010F9000000202D
:102DD00004ED00E0F0B503AF2DE9F80F60B17649DE
:102DE0008A68D1F80C90131809D309F1010900255C
:102DF0008D60C1F80C9004E04FF0000EC1E0151892
:102E00008D6000F0FBF806466E4B4FF4947B4FF05C
:102E100000084FF0000AD646B04542D2714800EB98
:102E20008800D0F890400F2C00F2B08004FB0B30EB
:102E300008F101085FEACA7110D1D0E946121143C6
:102E40000CD0D0E9481247F2305C691A69EB0202F3
:102E5000BCEB01014FF0000191411FD3D0E92012DA
:102E60001143D9D0D0E92212691A79EB0201D3D3E8
:102E70000021CDF800E0C0E92011D0F8901000F05A
:102E8000CDF80246002818BF0222DDE900012346E2
:102E900000F0F8F84B4B86460191BDE74FF0010A70
:102EA000B9E701995FEACA706BD044494FF06040BE
:102EB0001D229A46CDF800E0FFF707F940F2FF30F7
:102EC00000F044F900285AD00F2966D84FF49470C6
:102ED00001FB00A0D0E94301FDF7F0FC80463A4831
:102EE00040F2FF3100F060F9404600F02FF9D0B316
:102EF00089460F2953D84FF4947009FB00A000F5C0
:102F00008675D0E94301FDF76EFD86B20DF1080B21
:102F10000024A0B2B04210D2D5E900012246FDF74C
:102F20006FFD02460B4611465846424600F0F0F946
:102F30009DF8080070BB0134EBE74FF4947009FB77
:102F400000A4204600F032FAD4E94301FDF73EFD2B
:102F500010B1204603F081FF03F0B5FF10B3102934
:102F600006D31B4A25E003F0AEFFF0B110291FD2B3
:102F70004FF4947001FB00A0012100F04FF8DDE94F
:102F800000E1704605B0BDE8000FF0BD164A2046CE
:102F900003F012FF104803F00BFF094A09E00B4A47
:102FA0004846F5E70B4803F003FF0D4803F000FF28
:102FB0000A4A0846ECE700BF1C14002050880008AD
:102FC00070880008080000205C130020C0880008FA
:102FD0009088000880880008D0880008B088000821
:102FE000A088000888120020C083000880B56F46C2
:102FF0000148FEF7CAFE00BF588100080548D0F816
:10300000D000112838BF704780B56F46024A1021A2
:10301000FDF7BFFF8812002044860008D0B502AF3C
:103020000446D0F808010843C4F80801B4F86C005D
:10303000062809D1204630F86E1F012904D839B17D
:103040000F49FDF725FD18B9D4E94601084314D00E
:10305000204600F032F802460020012A0CD14FF63B
:10306000FF72C4E90210C4E900020321C4E90400AC
:10307000204600F041F80120D0BD0020D0BD00BFA7
:10308000AC760008904204D102280CD1994202D1BA
:1030900003E0022803D1022A08D002207047022A46
:1030A00002D1022019467047012801D10120704742
:1030B000501EB0FA80F040097047B0B502AFD0E9B9
:1030C00002510446B1F1FF3F0ADC012001224FF614
:1030D000FF7300F027F818B9D4E94601084309D076
:1030E000D4F8080110EA050104D04840C4F80801EA
:1030F0000120B0BD0020B0BDC0F86E100622B0F8AF
:103100006C10A0F86C20062908BF704780B56F4688
:1031100000F000F880B56F460148FEF736FE00BFAC
:10312000B0830008D0B502AF0446104380B2B0FAB5
:1031300080F04009240408D012041FBF98B289B25D
:10314000081AB0FA80F018BF4009D0BDB0B502AF80
:1031500000F00F0182B213480B46102B0BD030F851
:1031600033501C460133002DF7D000EBC4046488B3
:103170009442F2D10DE00023994210D030F8335040
:103180001C460133002DF7D000EBC4046488944240
:10319000F2D1591E00EBC10041680120B0BD0020F2
:1031A000B0BD00BF88120020F0B503AF2DE9000FBD
:1031B00093B0054608468846FFF7C8FF002870D040
:1031C0000F2971D84FF49470444A01FB0024EDB1EB
:1031D000D4E94301FDF707FCDFF804B10DF128093C
:1031E00000261FFA80FAB0B250450FD2D4E943014D
:1031F0003246FDF705FC02464846294600F010F924
:103200000A98594600F048F90136ECE7D4F80C1159
:103210000AAC204600F0AEF9324A03A8214600F07D
:10322000F3F93148049E00F11005304A06F1784365
:10323000A7F14A002946FFF77DF917F8440CA8B317
:1032400017F8430CA8B937F8481C37F84A0C37F878
:10325000463CCDE90001012117F8422C0AAC20467A
:10326000FFF70CF803F0F3FD50BB2846FFF761FBB6
:1032700040BB404600F018F9D8B910291CD21E48AE
:103280000024164A084480F880404FF4947001FBF3
:10329000002500F03FF9C5E94344A5F86840C5F8AA
:1032A000FC4013B003F0A9BD0B4A06E0174803F039
:1032B0007FFD0F4803F07CFD0E4A084603F07CFDBD
:1032C000114800E00D480090A7F11D020C482B2189
:1032D0000C4BFEF7B6FC00BF388700080800002042
:1032E00048870008E87F00081C14002021360008E9
:1032F000688700083486000888120020007B0008D8
:10330000F47C0008A47C0008F07A000858870008C4
:10331000F0B503AF2DE9800F924601F00F020D4684
:10332000834602EB420120489846A2F1110300EBCC
:10333000810101330ED20E882EB301F10C064988AB
:10334000ACB2A1423146F4D10C3E304600F044F814
:10335000304611E0511C01391CD00288A2B100F1A5
:103360000C024088ABB298421046F4D1A2F10C098D
:10337000484600F031F8484603F077FD01208BF80D
:10338000010000200BE0084603F06FFD00208BF8E1
:10339000010004E00120CBF80880ABF804A08BF812
:1033A0000000BDE8080FF0BD5C1300200021094AB1
:1033B000C0E92011C0E94611C0F80811C0F890100A
:1033C000A0F81411D0F89810C2660131C0F8981016
:1033D000FFF728BB06000200018811B1002101801F
:1033E000704780B56F4602482421024AFEF70CF967
:1033F000D0850008F4850008D0B502AF04882CB948
:1034000041800121836082800180D0BD0248242157
:10341000024AFEF7F9F800BF64850008C08500087D
:10342000F0B503AF4DF8048D02F00F03804603EBB7
:10343000430001EB8000851C90B2A3F11102013220
:103440000BD22E460C3536F8024C002CF7D03488BF
:103450008442F4D1A5F10E000EE05A1C0231013A6B
:1034600014D00B460C3133F8025C002DF7D01B88CA
:103470008342F4D1A1F10E0085888668FFF7ACFF86
:103480000020C8F80860A8F8045000E00120C8F83F
:1034900000005DF8048BF0BD00B9704780B56F4641
:1034A000084603F085FCD4D4F0B503AF4DF804BD55
:1034B00000F00F01164A80B202EBC1039C1C61F0C0
:1034C0000F0363B12546013335F8026C0834002E32
:1034D000F7D02D888542F4D1A4F10A000DE0023224
:1034E00081B11346013933F8024C0832002CF7D071
:1034F0001B888342F4D1A2F10A00446800F02AF844
:10350000002000E0012021465DF804BBF0BD00BFB3
:1035100088120020D0B502AF0C4900220020102AEA
:103520000ED013460A4492F880405A1C002CF6D064
:103530000F2808D801EB80040130C4F89030EEE782
:10354000C1F8D000D0BD024A03F036FC881200203A
:1035500004860008018811B100210180704780B500
:103560006F4602482421024AFEF74EF8D085000833
:10357000F4850008F0B503AF2DE9F80F80461F4829
:10358000204CA7F1260901EB000BA1F120000190CE
:103590004FF420451A484FF4801A00F11006B5F593
:1035A000801F18D24846314622462B46FEF7C2FFFE
:1035B00017F8200C60B117F81F0C48B937F8220C27
:1035C0005D4500F01F002AFA00F008D00544E6E748
:1035D00005F50065E3E70320A8F800000AE017F806
:1035E0001E1C88F80C1057F8261CC8F8001001990A
:1035F000C8E9011005B003F000BC00BFE0FFFFF711
:103600001C14002021360008B0B502AF0B88032B34
:103610001EBF91E83C003CC0B0BD104603F0C8FBA3
:10362000B1F1006F3CBF01207047BCB504AF0C4640
:1036300019440D0D802D05D8C06828B1A04203D3D0
:10364000884201D80120BCBD0448194600901046AC
:10365000224603F09DFB0020BCBD00BF387D000862
:1036600041F21C40C2F200000168EFF3098CA1E8AE
:10367000F05F81EC108A00F00DF841F21C40C2F2BC
:1036800000000068B0E8F05F90EC108A8CF30988C5
:103690007047FEDEF0B503AF4DF804BD86B01E4D99
:1036A000286820B3B0F8680001221C4ED6E84F1FEE
:1036B000C6E8432F002BF9D1BFF35F8F21BBFFF783
:1036C00045FD18B3084600F035F8102821D24FF414
:1036D0009472144900FB021403F0DBFB2C60002001
:1036E000BFF35F8F307006B05DF804BBF0BD012101
:1036F000002001910D4900910D4904900390042090
:1037000002906846FDF774FAFFF770FC064803F074
:103710004FFB034A03F050FB1C1400200000002064
:103720003C7E0008080000202C7E00085C7D00081C
:103730001C7E0008F0B503AF2DE9E00F8346FFF7CC
:103740005DFCDFF894A00025DFF894900646E8467B
:1037500004460095AE4213D00AEB8500D0F89010D5
:10376000594508BF2C46B44208D20F292AD84FF435
:103770009470424601FB009000F03CF80135E9E707
:1037800000254FF4947BE846AC420ED0AE4212D0F6
:103790000AEB8500D0F89010102911D201FB0B9094
:1037A000424600F027F80135EEE7009870B1019825
:1037B000BDE80E0FF0BD0C4A30463146FDF72CFA3D
:1037C000084A00E0054A084603F0F6FA07481121C6
:1037D000074AFEF7BEFA00BF8812002024840008C2
:1037E000080000201484000804840008E083000816
:1037F000F4830008F0B503AF4DF804BD0D460A4947
:1038000006466C30144600F011F850B12168B6F845
:103810006A0011B12189884203D220810120C4E9C4
:10382000000503F0F5BA00BF10790008B0B502AF8B
:10383000054600880C46811F18BF01212288063AE0
:10384000B2FA82F2520991422ED0062815D0287978
:103850002179884228D10A2823D8DFE800F006140D
:1038600006222222141E22171A0005F1080004F174
:10387000080100F053F880B916E0A81CA11CBDE8AF
:10388000B04000F013B8A068A96808E0E088E988B3
:1038900005E0E088E988814206D160796979814252
:1038A00002D128462146EAE70020B0BDF0B503AFBB
:1038B0004DF804BDB0F800C00426ACF1020293B28A
:1038C000042B28BF33460A88951EACB2042C38BF9F
:1038D0002646B34208D1042B11D0032B06D0022B6D
:1038E00018D1022D04D015E0002014E0032D11D1D1
:1038F00049884088401AB0FA80F040090BE0032D57
:1039000008D94B88418860465DF804BBBDE8F040AB
:10391000FFF708BC01205DF804BBF0BDD0B502AFD5
:10392000046802460B6843EA040080F0010034B1E9
:103930002BB148685168081AB0FA80F04009D0BD30
:10394000F0B503AF4DF804BD8AB0EFF305806FF317
:103950005F200090022835D00C283DD00F2846D992
:103960001038019000F082F8002849D04468012105
:103970000588364ED6E84F0FC6E8421F002AF9D117
:103980000028BFF35F8F47D1019800F0A3F82846C5
:10399000FFF7DCFB002841D0102944D22D484FF41A
:1039A000947201FB02002146FFF738FB0021BFF3B0
:1039B0005F8F317018B128484FF0805101600AB014
:1039C00003F026BA0121002003911B4902910690C1
:1039D00005900420194908E00121002003911449B1
:1039E00002910690059004201249049011E00020F5
:1039F000134903F024FA134809906846124907E076
:103A00000020184903F01BFA0E48099001A8164936
:103A1000089002A8FDF7ECF8FFF7E8FA0F48152127
:103A20000F4AFEF796F90A4A084603F0C5F900BFA7
:103A3000687E0008707E0008507E0008587E0008EE
:103A4000947E0008570C00089C7E000800000020AF
:103A5000FC7E00080800002004ED00E0D47E000891
:103A6000EC7E0008BC7E0008C47E0008F0B503AF01
:103A70004DF804BD00F00F01154A80B201EB41037F
:103A800002EB83039C1CA1F1110301330BD22546E9
:103A90000C3435F8026C002EF7D02D888542F4D115
:103AA000A4F10E000EE00232013101390CD01346B0
:103AB0000C3233F8024C002CF7D01B888342F4D12F
:103AC000A2F10E00043000E000205DF804BBF0BD60
:103AD0005C130020014640090022B2EB512F01BFC8
:103AE00001F01F01012202FA01F1064A04BF42F867
:103AF0002010704780B56F46014A03F05DF900BFA2
:103B00000C7F000880E100E0014640090022B2EB92
:103B1000512F01BF01F01F01012202FA01F1064AF3
:103B200004BF42F82010704780B56F46014A03F089
:103B300043F900BF1C7F000800E100E041F21C4097
:103B4000C2F200000068EFF3098C0246A2E8F05FC1
:103B5000EFF3058101F00F0100F010F841F21C4075
:103B6000C2F200000068B0E8F05F90EC108A8CF3BD
:103B700009887047FEDEFFF7E1BFFEDEF0B503AF58
:103B80002DE9000FB3B006467C488A467C49904632
:103B90000722834604684FF06040FEF796FAD6E9A4
:103BA0004301D6E90895FCF789FE27F8E60C75482D
:103BB000204029077AD5BAF1040F06D0BAF1050FD3
:103BC0000CD1210416D4002117E0E1061DD4E10731
:103BD00029D1210629D40021002225E0CBF80000BC
:103BE0000890E0034FF0050058BF0620A10148BF30
:103BF000032015E0DBF810200121CBF800000220A3
:103C0000CDE90812ADF81C001CE0CBF80000DBF891
:103C10000C0220F00100CBF80C020120CDF820901E
:103C20008DF81C000EE0042103E0DBF80C300122CB
:103C30000021CBF800000020CDE908238DF81D00FD
:103C40008DF81C10504D012188EC108AD5E84F0FDB
:103C5000C5E8421F002AF9D10028BFF35F8F70D159
:103C600037F8E60CFFF772FA00286CD00C4607A96B
:103C7000204600F0A1F8022803D02046FFF75AFDA5
:103C80000146A14262D0102973D24FF49472404889
:103C900001FB020403F0FDF83E4804600020BFF37E
:103CA0005F8F287033B0BDE8000FF0BDCDE90FA0E5
:103CB0000A23DBF80C000024119002253A49DBF8B6
:103CC00010000E9112AACDE90C1211AACDE90A1228
:103CD00010A909912022354908910FA907910C21BB
:103CE000129003208DF8C800CDE930018DF8A800AE
:103CF0002991219101218DF888008DF86800042018
:103D00002F922E932D942B95CDE92725CDE9254390
:103D10002395CDE91F21CDE91D431B951994CDE9CC
:103D20001724CDE915531395069013A90591204941
:103D30000290019107A9CDE9031001A81D49FCF7E4
:103D400057FFFFF753F9174803F032F800201449E2
:103D5000179002201490104813900120169001A88B
:103D600015900E480290A7F1E600019013A8FCF709
:103D70003FFF064A084603F01FF800BF28ED00E0A9
:103D80002C7F0008BBBF0F0300000020907F0008BD
:103D9000080000201C140020C87F00088D1C0008AB
:103DA000D87F0008807F0008C51D0008570C000858
:103DB000507F0008707F0008F0B503AF4DF804BDD8
:103DC0008EB00F2852D80C464FF494712B4E00FB46
:103DD0000165B5F86800ADF83400D5E94301FCF79A
:103DE0006DFD27F8120CA7F112012548CDE90B4013
:103DF00024480A90CDE908010DA8079004200290FC
:103E0000214801900320049007A80390002005900A
:103E100001A800F02BF9284600F032F9B5F86C0043
:103E20006C21062808BF6E216858E86605F170000D
:103E300094E80E000EC00020FFF788F90C46012818
:103E40000DD10F2C14D84FF49470012104FB0060A5
:103E50000125FFF7E3F8002818BF022500E001253F
:103E6000284621460EB05DF804BBF0BD024A01E0D1
:103E7000064A204602F0A0FF348400080800002013
:103E8000913E00088D1C00086084000880840008B2
:103E9000B0B502AF86B0054600780C46DFE800F00A
:103EA00006361D280F5D632E90157100681C6E4943
:103EB000039003A82B1D009020460C2215E0D4E9A6
:103EC00005010B22CB6861497FE0A81C039057488D
:103ED0000822009003AB56494CE0681C039003A8ED
:103EE00000902B1D5B4920460822FDF7D3FF44E0DC
:103EF000D4E905010C22CB68554966E0681C0390A3
:103F00004D480C22009003AB4C4933E0281D029031
:103F1000D4E905010D22CB684F49984700218DF85F
:103F200010008DF81110072245484C490394009069
:103F300003A802ABFDF7E9FD9DF811009DF81040C4
:103F4000002846D0D4BB0398017F49075CD4D0E950
:103F500005010222CB6843495BE0D4E90501122246
:103F6000CB68394931E0281D039035481022354986
:103F7000009003AB2046FDF7DDFF0446204606B067
:103F8000B0BD681C0290D4E905010A22CB68224921
:103F900098478DF814000020204AA91C04948DF83D
:103FA0001500039003A8FDF70EFC1D4A02A9FDF7BA
:103FB0000AFC03989DF8144058B174B10124DDE760
:103FC000D4E905010522CB681A4906B0BDE8B04026
:103FD0001847002C18BF0124D0E7049D01280ED1FA
:103FE0009DF8150058B1287F400708D4D5E9050190
:103FF0000122CB6801240B4998470028BED1D5E99E
:104000000501CB68084903E0D0E90501CB681449F4
:1040100001229847B1E700BF767B0008C12700085E
:104020000928000874770008D5760008B927000829
:1040300090760008717B0008E5270008657B000882
:1040400059270008C0780008537B0008487B000807
:104050003C7B0008887600082F7B0008227B000844
:104060006E7700086F770008167B0008E0B502AF96
:1040700001464FF06040019001A8FEF73DFC8CBD69
:10408000F0B503AF2DE9000F97B08246B0F8680095
:10409000BAF8981027F8660C6FF39F2040EA812049
:1040A000ADF81400DAE94301CDE90101FCF706FCA3
:1040B000ADF83400674814900DA9CDE9120105A9A7
:1040C000CDE91001A7F166000F9000200B900420AD
:1040D00008906148079003200A900FA8099007A84C
:1040E000FFF7C4FF5D494FF060400B22FDF7EDFF85
:1040F000DAF8FC000AF19C08DFF86CB14FF0010A15
:104100004FF00209002600EB4000800090B30390BE
:1041100053480E905348CDF830A00FAC0B94CDF817
:1041200020900790CDF828A00DA802F074FECDE9EC
:104130001460202013900A20CDF83480CDE911605E
:10414000CDF83C9007AD2846D84748480F904848DE
:10415000089008F1040002F053FE46480F904648CC
:10416000089008F1080002F04BFE039808F10C08D3
:104170000C38CBE741494FF060400E22FDF7A5FF18
:10418000DDE90101FCF72FFC05A94FF0000B1FFA38
:1041900080F902240126002504310391A8B2484584
:1041A00033D2DDE901012A46FCF72AFCCDE90501FD
:1041B0000DF13C0A33480DF11C080F902C48CDF846
:1041C0004CB010941296CDF84480089005A8079042
:1041D0005046FFF74BFF22480E9003980D902A4857
:1041E000CDE90BA6089407900A960DA802F013FEDD
:1041F000CDE914B0202013900A20CDE911B040463B
:104200000F94FFF733FF0135C8E7DDE90101FCF743
:10421000A1FB059012480E9005A80D9001200C906E
:104220000FA90B910221164A0792202208910A90A9
:104230000DA802F0F0FD1590002013920A221490B0
:10424000CDE911020F9107A8FFF710FF17B0BDE8E5
:10425000000FF0BD8D1C00086C8900088C890008D7
:10426000C51D0008008A00086D4000081C8A00086F
:10427000570C0008388A0008D50A000897890008FA
:10428000B8890008C8890008E489000802686AB192
:10429000E0B502AF0430094A01900748009001AB35
:1042A000084611460422FDF745FE8CBDD1E9050103
:1042B0000422CB680249184759270008B076000845
:1042C000B4760008B0B502AF044608780D460B2856
:1042D00001D1002003E010462946FFF76DFD15F8D7
:1042E0000C2F0B2A01D102F0CFBD95E8070007C4BF
:1042F000B0BDB0B502AF0D46044611F80C0F0B2847
:1043000001D1002002E01046FFF756FD2A780B2A63
:1043100001D102F0B9BD95E8070007C4B0BDD0B522
:1043200002AF86B0044603A800F029F89DF80C00FF
:104330000B2810D1DDE9040100228DE8070003A855
:104340006946FEF7E1FA0398072811D10498022183
:10435000C4E9001011E09DF80F10E171BDF80D10D7
:10436000A4F80510DDE90412C4E90212207102E08C
:1043700040F20770A0800120206006B0D0BDF0B5EB
:1043800003AF4DF804BD04460846164611461A46CA
:104390001D4600F055F810B10B20314603E0012115
:1043A000002035466170C4E90115207002F030BD6F
:1043B000F0B503AF2DE900074FF494721D4C00FBDC
:1043C00002401FFA81FA4FF000090025D0F89880CA
:1043D000194860F39F18194800F18006B5F5945FFD
:1043E00025D03078F8B16019B0F86C1006291AD1D0
:1043F000B0F86E20911E89B2042928BF0421042937
:104400000FD0032918BF02290DD1B0F87010514503
:1044100009D1032144F80580C0F80490FEF76CFE32
:1044200001E0012AF1D005F594750136D6E7BDE823
:104430000007F0BD08000020FCFFFF0388120020E9
:104440000123FEF7B7BBD4D4F0B503AF2DE9000FBD
:10445000B1B082460888D1E9016B6FF01F01914627
:10446000012806F12804069408BF6FF0270101EB2C
:104470000B00A74A079008A806A9FDF76BFF089D47
:1044800006F12008C5B3CDE904A6B9F1000FDDF8A7
:1044900024A067D00DAE294652463046FDF792FF64
:1044A0009DF83400002840F00981CDE901B40422D0
:1044B000DDF83BB00026DDF859900024CDF80C80E3
:1044C000A34530D9ABEB0408B8F1040F28BF9046E0
:1044D00000204C450DD0DAF80CC021460D900DAAF5
:1044E00028460423E047C0B2082840F0E4800D9835
:1044F000042244444640E3E78C480B900CA80A9001
:104500000120CDF830802B900DA92A910221884AF4
:1045100026922022279129900AA802F050FC26A872
:10452000FFF7A4FDE1E00DA802F057FC9DF8340070
:10453000002840F0C0800020DDF85910DAF80C4067
:1045400004230D900DAA2846A047C0B2082840F0C9
:10455000B2800D98DDF80C80DDE901B4B0420DAEFB
:1045600040F0AC80CDE902480726059C0F96616AB1
:10457000206ACDE90D0100206649FEF78DFF6649EE
:104580000220259000201296CDF804B0CDE9104B02
:10459000FEF782FF26A802F020FC02F097FC40F014
:1045A000B380BDF8AD004FF00209059026AC4FF086
:1045B00000084FF0000B0598584543D0204602F004
:1045C0000CFC02F083FC40F09980BDF8AD008345FF
:1045D00080F09480204602F000FC02F077FC40F06E
:1045E0008D80BDF8AB000021DAF80C6022462891DE
:1045F0000C23CDE9261108EB00012846B047C0B2D4
:1046000008287BD1B9F1070F13D826AA09EB490373
:1046100007CA0DAE02F01F0246F8230006EB830026
:10462000C0E90112259800F101090020CDF894900D
:1046300000E001203B49FEF72FFF0BF1010B08F1D1
:104640000C08B8E726A829465246FDF7E0FE02F01E
:104650003DFC56D1DDF8A58026A829465246FDF737
:10466000D6FE9DF89800049EDDE902B9002848D1E5
:10467000DDF8A54054B126A802F0AFFB02F026FCFD
:104680003FD1DDF89F00001B051F00E0002506F16B
:1046900008000DA9642202F0B6FD08EB0B00B8F18A
:1046A000000F08BF454608BF0120C6E91B05019859
:1046B000C6E900901FE0DDF80C800DAE1B4802211A
:1046C0000B900CA80A900120194A26922022CDF8BE
:1046D0003080CDE92A60279129900AA802F06FFB6B
:1046E00026A8FFF7C3FCDDF810A00020CAF86C0074
:1046F00002208AF8000031B002F07FBB084802F0C7
:1047000057FB094802F054FB044802F051FB00BF7C
:10471000A4860008D8860008E8860008F886000805
:10472000188700082887000808870008C51D0008AA
:10473000C8860008F0B503AF2DE9000F8FB03C69C3
:1047400083469A469146884627F8524C2046FEF703
:10475000FDFC60B30E46102980F0008182484FF4C2
:10476000947106FB010540464946FCF7E8F804460B
:10477000D5E94301FCF7E3F8844230D900200B90DF
:10478000022008907B48079001200A9004A8099015
:1047900077480590A7F15200049007A8FFF766FC40
:1047A00037F8521C7448FEF7FFFC37F8524C734838
:1047B000002110290ED045180E46013195F88020B1
:1047C000002AF6D107A82146324600F0EBF89DF802
:1047D0001C00E8B140F20140ABF8000015E00220F7
:1047E000002408906148079001200B940A9004A8C7
:1047F00009905F480590A7F15200049007A8FFF7C1
:1048000035FC8BF80040CBF804600FB002F0F5BA2D
:104810000120CDF800B085F88000FEF77BFE07A8E8
:1048200041464A46FCF7A4F84FF494714E4806FB03
:10483000010BBDF81C004946ABF86A004046FCF786
:10484000C5F80621ABF86C100321002808BF02212F
:10485000ABF86E1040464946FCF730F8ABF86800FC
:104860000BF58271B8680024CBF80001F868CBF82A
:10487000984081E8110358466821CBF8FC4002F0CB
:10488000C4FCDAF860000BF19C05DFF8F490CBE98A
:10489000464400EB4000CBE92044ABF814414FEA1A
:1048A0008008CBF89040B8F1000F19D0072C0ED833
:1048B000514604EB440091E81C0005EB80001CC04D
:1048C000DBF8FC00441C0020CBF8FC4000E0012099
:1048D00049460AF10C0AFEF7DFFDA8F10C08E2E7F1
:1048E000DBE94301FCF77FF80DF1100900251FFA01
:1048F00080F8A8B2404516D2DBE943012A46FCF70E
:104900007FF837F8522C0446CDE902010B464846A1
:104910002146FEF7FDFC9DF8100048B99DF81100F6
:1049200058B90135E5E70099002008704E606CE742
:10493000009940F20130088067E7002011490B9090
:104940000120079108900A900DA809900E480E903A
:1049500002A80E490D9007A8FCF74AF9014A304613
:1049600002F02AFA7887000808000020A0870008D3
:104970008D1C0008C88700085C13002088120020E6
:1049800054830008D8870008570C0008E087000807
:10499000000604BF0846704780B56F46104602F017
:1049A00007FAD4D4F0B503AF2DE9000781468A4653
:1049B00001F00F001B49904660F00F0201EBC003AD
:1049C000FAB11D461B8813B36E88013205F1080346
:1049D0001FFA8AF4A642F3D12846FEF7BBFD02F087
:1049E0005BFA012089F80100002015E00D460988D6
:1049F00069B16B88013805F108011FFA8AF2934208
:104A0000EAD00028F2D10120C9F8048004E002F0C5
:104A100043FA002089F8010089F80000BDE800078A
:104A2000F0BD00BF88120020038823B94180012116
:104A300042600180704780B56F4602482421024AD7
:104A4000FCF7E2FD64850008C085000880B56F466C
:104A5000ADF5167DDFF8D823DB485060DB484169AF
:104A6000B1F1FF3F0EDCDA498160DA4981604169CA
:104A7000B1F1FF3F06DCDFF814042F21DFF810242A
:104A8000FCF7C2FD4FF0FF31DFF8A8B3C2E9040123
:104A90004FF00209D04800254FF0010A002682F8A5
:104AA00020908046C2E90615B6F5945F1BD00BEB4B
:104AB00006046A21204602F0A8FB04F58270122148
:104AC000C4E92055C4E93F5AC4F89850C4F890503E
:104AD000A4F86E90C4F86A8002F091FBC4E94655D0
:104AE00006F59476E0E776A900200022802A04D01B
:104AF0008B18885008325860F8E705AD502105F151
:104B0000800002F07CFB76A92846802202F07BFB25
:104B1000C94C2946D022AA46204602F074FB002048
:104B20000022C4F8D00039A9C02A05D08B188850BB
:104B30000C32C3E90100F7E7C04839A9C02202F0EE
:104B400062FBBF494FF060401922FDF7BEFA0AF13F
:104B500008000390B6484FF4204900251030049017
:104B6000C44E4FF480144FF0010BB5EB195F6ED1BA
:104B70000499504632464B46C846FDF7DBFC9DF88B
:104B80001A0090B19DF81B0078B9BDF818009DF887
:104B90001C1000F01F0024FA00F000EB080969B1B6
:104BA000BDF81420012AE0D11CE0BDF8180000F087
:104BB0001F0024FA00F000EB0809D6E7022009954F
:104BC0000690AF480590CDF820B076A80790AD4884
:104BD000779070A87690AC48404470905046FFF7AC
:104BE00045FAC2E7ADF8D8B10DF5EC7BBDF816205B
:104BF00048F000638DF8E4115946CDE9773050460E
:104C0000ADF8DA210122FFF71FFC209C002C00F0F8
:104C1000D780039958466422DDE9056502F0F3FA6E
:104C200030462946DDF88480FBF748FE02902A468C
:104C3000504631465B46CDE900480025FFF77AFD36
:104C400006999DF814008C4AFFF7A2FE88E77D497B
:104C50004FF060402222FDF738FADFF8D8810DF5D9
:104C6000EC79754B00200021159080290ED001F1C0
:104C70000802595A00291146F7D0991851F8041C16
:104C80004AF82010114615980130EDE705A948466D
:104C9000442202F0B8FA869800254FF494768400F6
:104CA000AC4209D059F8050010286ED200FB0680EE
:104CB000FFF7E6F90435F3E7604B002000210D9083
:104CC000C0290FD001F10C02595A00291146F7D022
:104CD000991831F80A1C05AC24F8101011460D98EB
:104CE0000130ECE705A94846242202F08AFA7E98B2
:104CF00000264FF003094FF0020B45004FF020084B
:104D00004FF00A0A0024A54241D076A820446990B9
:104D10000088FEF7ABFE00284FD04C4975914C49F6
:104D200073914C49719169A97290043074900C2070
:104D30001B90012070918DF87090CDE9198BCDE911
:104D4000176ACDF854B08DF850901396CDE91180C4
:104D5000CDE90FBACDF834B08DF830900B96CDE98F
:104D60000986CDE907BACDF814B0CDF8BC9105A8F5
:104D70006E9004206B9038486A9070A8CDE96C0959
:104D80006AA8FFF773F90234BDE72F4A4EE0DFF857
:104D9000A89009F19005FEF731F9DFF898800446F4
:104DA0004FF49476D4B128680F2837D800FB0680DA
:104DB000FDF738FE013C0435F4E7284801F0F8FF20
:104DC0002E4801F0F5FF00BF8038010000200240AE
:104DD00023016745AB89EFCDFF0006006FF07F0030
:104DE000F0B100F108014844B0F8800000280846FE
:104DF000F6D009EB0100C06FFEF79CFC0F2814D819
:104E00004FF4947100FB018402F043F8164800212E
:104E1000BFF35F8F01702046FDF748FF104A05E0A1
:104E200012481321124AFCF794FF0E4A01F0C4FF06
:104E30001C14002008000020881200205C130020B1
:104E4000A4800008BD800008CC8A0008C51D0008A9
:104E50008D1C00082D280008AC8A00087C8A0008F8
:104E6000488100083881000800000020DF80000829
:104E700028810008213600089486000884860008EE
:104E800074860008570C000820000008047A000807
:104E9000707A0008F0B503AF2DE9000FD7B0B1F874
:104EA00068600446DFF8E48E0121D8E84F0FC8E8B7
:104EB000421F002AF9D10028BFF35F8F41F0D5824D
:104EC0003046FEF743F9002801F0D1828B460C2CC6
:104ED00000F2B881DFE814F00D00840121014D01DA
:104EE0009700A001BA016C0110020201E401620006
:104EF000D700BBF10F0F01F2E8824FF49475DFF891
:104F0000909E0BFB05F059F800404FF6FF70210C06
:104F1000814200F06B8218A801F0B4FBDDE918A60D
:104F2000BAF1020F40F04083102E81F0F78248461C
:104F3000C14601460BFB05084FF4947006FB0010B8
:104F400030F86C1F062940F0AB8330F8021F0129AE
:104F500000F2A68391B1B8F868200125B8F898103E
:104F6000ADF860506FF39F2242EA8121ADF86210E4
:104F700018A9FBF78DFD002800F093830AA8594675
:104F8000324601F0B5FB9DF828000C2840F06786FA
:104F90004FF0020A5096CDF83CA18DE3BBF10F0F04
:104FA00001F295824FF49470DFF8E44D0BFB00465C
:104FB0000BFB00F0D6F80490215818A801F062FB12
:104FC000DDE918A5BAF1020F40F0A181102D81F0A2
:104FD00097824FF49470C24605FB0048494640460C
:104FE000FEF71CF800240028C6E9004400F0A58262
:104FF000B8F86A00D046B6F86A1088423CBF5095AF
:10500000022400F04EBEBBF10F0F01F262824FF49A
:105010009471DFF87C0D0BFB0106D6E9035460198F
:1050200080F009813168D6E9019835A801F02AFBA2
:10503000DDE935A2BAF1020F40F0BB81CDF8008066
:1050400035A801F00DFFDDE935A0DDE93723BAF120
:10505000020F40F0C183DFF8348DC00700F0A28159
:10506000CDE900B5029418A8099C214601F0FEFB89
:105070009DF860000C2840F0E88419980021C6E9EA
:10508000001000F0F8BBBBF10F0F01F224824FF4C7
:105090009470DFF8FC6C0BFB00604568062D80F017
:1050A0003C810168C146B0F89880B0F8684018A803
:1050B00001F0E8FA1898002800F03F83012840F03A
:1050C00043839DF86420DDE91A010B2A00F0378341
:1050D000BDF86640C8469DF8653020E1BBF1100F71
:1050E00081F0FB814FF49470DFF8A44C0BFB00F1CE
:1050F000DFF8A02C0BFB00409368D268635000F1EE
:1051000080067ACE0B4304BF1D461C46C0E9012130
:105110000C3070C0002400F0C4BDBBF10F0F01F2D1
:10512000DE815A464FF49470DFF8644C0BFB00416B
:1051300009925043D1E90169D1F80CB0B1F898A0B7
:10514000B1F86850215835A801F09CFA359800282C
:1051500000F0D081012840F0F5819DF8D800DDE90C
:10516000379B0B2800F00B82BDF8DA209DF8D91090
:105170001EE3BBF1100F81F0B4814FF49472DFF89D
:10518000101C0BFB0210DFF80C3C0BFB02F29D68BD
:10519000DE688958002900F01E81D0E9012300242F
:1051A000C168AD1A76EB030580F0F781012515E1A2
:1051B000BBF10F0F01F297814FF49472DFF8D01B0F
:1051C0000BFB02100BFB02F240688C58002800F029
:1051D0009481012840F0D881C246DFF8BC8B8FE172
:1051E000BBF10F0F01F281814FF49470DFF8A01B27
:1051F0000BFB00142046FDF760FF012840F09A8069
:1052000000204FF6FF72C4E90002C4E90210002139
:10521000C4E9040000F042BDBBF10F0F01F2678149
:105220004FF49471DFF8680B0BFB0104D4E90365BC
:10523000A819C0F09B8040F20710ADF83C014FF078
:10524000010AAAE201204E900020A0E1BBF10F0F5D
:1052500001F24F814FF49471DFF8340B0BFB010620
:105260000BFB01F17568415818A801F00BFADDE954
:1052700018A2BAF1020F40F0A5800024594600940C
:1052800018A82B4601F0E0FBDDE918A11B98BAF144
:10529000020F40F0FF81C6E90041B06000F001BD9F
:1052A000BBF10F0F01F227814FF49475DFF8E04A4C
:1052B0000BFB05F020586FF39F20FDF747FF0028F8
:1052C00000F014810F2901F219814FF494720BFB45
:1052D000054001FB024100244F94B1F89820B1F839
:1052E000681002F03F026FF39F2141EA82210160C2
:1052F00002204E9000F0D5BC08208DF8600018A95F
:105300005846FEF759FD0446509100F0CABCDDE94D
:105310001A015191CDE94F5059E0082307228DF829
:105320003D314FF0010A8DF83C210C220823ADF8E5
:105330003E412FE2B4F868102246B4F898004FF6C8
:10534000FF73D5686FF39F21069241EA8024E80F2E
:1053500029460122ADF828400490FDF7E3FE00281D
:10536000059500F02781002400F08ABC2168D4E96B
:10537000019835A801F086F9DDE935A2BAF1020FEE
:1053800017D1CDF8008035A801F06AFDDDE935A21E
:10539000DDE93701BAF1020F0DD1DFF8F08992078C
:1053A00000F155824FF0000A0120CDF840A14F9046
:1053B000F3E137983899519150904F92CDF838A138
:1053C00000F015BCDDE91A015191CDE94F20CDF86F
:1053D00038A100F013BCC16800250024C0E92054A6
:1053E000C0E92223C0F8901000F05BBC3046FDF706
:1053F000ADFE002801F087808A460F29CDF824B041
:1054000001F284804FF494710AFB01940AFB01F1CC
:10541000D4E9028E6FEA08002546D4F810B055F89A
:10542000042F39F801106FEA0B0C4B1E0B2B00F206
:105430004781DFE813F00C00B002970263026302B9
:105440006302630263026302DE02690201038242B5
:1054500098BFE64500F2C18318A821464346764628
:105460002546FEF75CFFDDE918A0BAF1020F40F017
:105470007F84FDF76BFE002800F04086102981F044
:1054800078804FF49470324601FB00905B46D0E97F
:105490001D1908912946B0F87260B0F86EA0B0F8F6
:1054A0006C40B0F8708018A8FDF76AFB01F0F9FCB9
:1054B00040F05986DDE91901062CCDE91401079465
:1054C00040F0A686002900F0F887002142460170CE
:1054D000012016904EA814AB5146FDF7E7F84E9800
:1054E000072800F0DD874F9900F0E1BF01204E90C2
:1054F00002204CE0DDE9379B41E0C246DFF89C88A2
:10550000DFF89C980025002005EB450109EB81019F
:105510000C390F2D0ED831F80C2F0135002AF8D098
:105520008A88B24204BF8A68A242EDD14888C04747
:105530000120E9E7C00702D00024D046B1E30120F2
:10554000D04622E00896369E0F2E00F2E5876FF3D4
:105550009F2545EA8A20ADF8D800EA4835904FF4F7
:10556000947006FB004835A908F16C0001F076F94B
:10557000002800F015814FF00009DFF810884FF087
:10558000020A082004211DE101204E9006208DF81A
:105590003D0107208DF83C0133E3C0E92044C0F809
:1055A0009010FDF73BFD7CE3DDE91A015191CDE957
:1055B0004F60F2E0002D00F11281DFF8E8470DF5B1
:1055C0009C784FF4947500200790CDF824B0FDF737
:1055D00015FD814600200026CA464E90B14515D0E3
:1055E00004EB8600D0F89010594508BFB246CA4572
:1055F0000AD20F2900F23587DFF894070AAA01FBC7
:105600000500434601F0F0FA0136E7E704F19006A1
:10561000DFF87C474D464FF4947BBAF1000F11D070
:10562000002D00F07F863168102980F0808601FB14
:105630000B400AAA434601F0D7FAAAF1010A013D3C
:105640000436EAE74E98012840F01881DDF83CB1B5
:1056500018AC099A4FF494752046594601F048F861
:105660009DF860000C2800F01181404621465A4602
:10567000FEF728FE9DF838010B2840F01081DDE987
:105680004F23DDE90701FDF7FDFCCDE90701DFF858
:1056900014479CE71A9ACDE94EA1CDE95020ADE21E
:1056A0000125042060F30F0440462146FDF724FD48
:1056B000CDE94F564FF0020ACDF838A1C84698E21E
:1056C000142900F0E681152900F015821F2900F049
:1056D0007F82202900F0B582242940F00F81824288
:1056E00000F27B82042E40F0CB8318A801F0C2FBAD
:1056F00001F0D7FB40F0CD841A98DDF824B0DFF834
:105700008C86012840F2E58419980188DFF8840628
:105710001030FDF715F904461920FDF75BFB01F089
:1057200060FB18BF032118BF0322022808BF0A46E6
:10573000002C18BF00224F925BE2DDE91A014FF006
:10574000020A0822042324E06FF39F2444EA8828F5
:10575000199C0F2C00F2E5866A4818904FF494705B
:1057600004FB0060ADF8648018A96C3001F076F895
:1057700050B90A208DF861508DF860002046ADF8D0
:10578000628018A9FEF718FB4FF0020A08220020D9
:105790000423C8464EACE050A150CDF838A128E211
:1057A0006FEA0B00814543D907200121DFF8E48D22
:1057B0008DF83D114FF0010A8DF83C010C200821B5
:1057C000ADF83E214EAA42F8019042F800B0CDF863
:1057D00038A1DDF824B00CE24FA90DC1EEE54EA8CA
:1057E000294600F04FFFDDE94EA8BAF1020F5FD164
:1057F000B8F1100F80F098864FF49470DFF89C1D7C
:1058000008FB001021466C30FBF755F9002800F02A
:10581000348235A841465A4600F06AFF9DF8D4000C
:105820000C2840F0918200200021DFF8688D35E2DD
:10583000D8E9031042184BD340F20710ADF8D4005A
:1058400035A93046FEF7B8FA81468B4695E6DDF875
:105850002490324602915946CDE9009018A82B4673
:1058600001F004F89DF860000C2840F0F4801998CD
:105870000021C4E900104F9100F007BC0798DDF843
:1058800024B00238B0FA80F04409F7E10798DDF857
:1058900024B0C1B220F0FF00DFF8F88CFDE101F088
:1058A00004FBDDF824B042EA0141DDE94F3205E0B6
:1058B000DDE950324FEA18215FFA88F040EA012012
:1058C000DFF8D08CCDF838A1CDE950324F9095E17A
:1058D000CDE900614A46029018A809995B4600F09C
:1058E000C5FF9DF860000C2840F0FD8119980899CB
:1058F000C8E90010404601F0B0FA3CE640F20770FB
:105900006DE100BF06000500DDF824B00025DFF8DA
:10591000848C40F2FF3086424FF0000040F0B283AA
:10592000D4E943012646FAF7C9FFFDF70FFC00282A
:1059300000F065820F2900F210864FF4947034460F
:1059400001FB009090F81411002900F09A83B0F840
:105950009810B0F8680001F03F016FF39F2040EA13
:1059600081208FE3824200F2388118A801F087FA83
:10597000DDE918A0BAF1020F40F0FA81DDF824B099
:105980000104DFF8108C1CBF81B28E4240F0868388
:1059900040F2073051E4824200F21F8118A82146EC
:1059A0004346FEF7ECFC01F07CFA40F0FD81DDE9B6
:1059B000190135AB0022A24607C318A835A9FCF788
:1059C000A3FF1898DDF824B0DFF8C88B07280DD1A5
:1059D000DDF8649018A835A9FCF73FFD1898072852
:1059E00004D19DF86440022C40F08B8340F2077193
:1059F000E8E1824200F2F18018A801F03BFA01F0E0
:105A000050FA40F0EE81DDE9190135AA002413C2F5
:105A100018A835A9FCF721FD1898DDF824B0DFF8A7
:105A2000748B072840F021839DF86400C5E9004489
:105A300085F814014F9428E3002094F81511C4E967
:105A400000104F904FF0020ACDE035A818A9224669
:105A5000FEF738FC04E035A818A94A46FEF749FCD1
:105A60009DF8D4000B2807D136984FF0000A3799DB
:105A70005090012051919AE49DF8D7108DF83F1174
:105A8000BDF8D510ADF83D11379951913699509127
:105A9000F3E2002340F2FF30864240F03081DFF82D
:105AA000881B4FF0604018220595FCF70EFBD4E9E7
:105AB0004301FAF703FFD4E943012546FAF7FEFE56
:105AC0000890FDF743FB8046002800F0DC810F2999
:105AD00000F245854FF4947001FB00900899B0F8EE
:105AE0009840B0F868600020FDF75EFB6FF39F26DA
:105AF00046EA8426C7E182426FD818A801F0BFF9B0
:105B0000DDE918A1BAF1020F40F0708110A8FDF78D
:105B100031FDBDF84000DDF824B0DFF8788A0328B5
:105B200000F07081DFF8D42A14A810A9FDF76CFDED
:105B3000BDF85000012840F0658118AC14A900227E
:105B40002046FEF781FC33980890002800F05A8127
:105B5000079504F10801DDE9185635A8642201F023
:105B600052FB28463146349CFAF7A8FEFDF7EEFAC0
:105B7000002800F09D831029CDE90446069580F0A9
:105B8000FA844FF49470DFF8142A01FB0029D9E954
:105B90004301FAF728FFDFF828BA84B2DFF8706A09
:105BA0000025A8B2A04280F0FA82D9E943012A4632
:105BB000FAF726FF8046FDF78DFF4EA8594642466C
:105BC000FDF72EFC4E983146FDF766FC0135E8E7FF
:105BD000824298BFE64540F21F8140F20710ADF8BF
:105BE0003C014FF0010ACDF838A1DDF824B0DFF810
:105BF000A489BAF1020F01D14F9C52E0BAF1000F13
:105C00000CD04EA818A904300A4690E8380058462F
:105C100038C2FEF7D1F80446084643E0BBF1100F46
:105C200080F051844FF49471DFF870390BFB01F26E
:105C3000DDE94F5451980BFB01319D5000224A6021
:105C400030E0042E64D1DFF870091030FCF771FEEB
:105C500000214FF0020AC4E900014F915EE018A84C
:105C60000AA93246FEF745FB01F01BF95BD1DDE9DD
:105C70001956022D18BF012513E50024DFF81489F9
:105C8000DDE9041041EA00410698FDF735FA002CE1
:105C90004FF0010118BF02210020089A509241EAFA
:105CA00000045098BCB1012C07D15846FDF742FDC5
:105CB000102805D3DFF8C429D5E3102880F0DD8350
:105CC0004FF49472DFF8D41800FB021401F0E1F8ED
:105CD000DFF8E40804600020BFF35F8F88F800005D
:105CE00057B001F08AB835A818A93246FEF701FB73
:105CF0009DF8D4000B2841D1DDE9369B3DE4042218
:105D0000254600200021DDF824B0DFF88888A7E1CF
:105D100040F207304FF0010AADF83C01DDF824B045
:105D2000DFF8708839E59DF863104FF0010A8DF8AF
:105D30003F11BDF86110ADF83D111A9951911999B3
:105D400050918DF83C01B7E44EA835A94246FEF7C4
:105D5000B9FA9DF838010B285BD1DDE94F010891B4
:105D600000280FBF00240238B0FA80F0440985E70C
:105D70001B9A1A99519250914F9034E7DDE9369B66
:105D8000BDF8D6209DF8D51010E500BF000000201A
:105D9000080000201C140020093B0008D53A000828
:105DA0005C130020881200209DF86310BDF861206C
:105DB000DDF824B042EA0141DFF8D88740EA01214A
:105DC000DDE919024F914FF0010A010E8DF84001F3
:105DD000000A5192CDF838A18DF84311ADF8410178
:105DE00007E701F023F8DFF8AC8740E1DDF824B0E5
:105DF000DFF8A087DDE91A02CDE9500206E00020B5
:105E000034463FE101240021C5E90041CDE94EA11E
:105E1000EFE601F04AF846E5042E31D118A81646FF
:105E2000214672465B462546FEF779FADDE918A45D
:105E3000BAF1020F40F05C81284631464246FEF737
:105E4000FFFA002800F0A181DFF86C0721463246F6
:105E500043461030FCF7A0FD04465020B8FBF0F09C
:105E6000FCF7B8FF00F0BDFF18BF032118BF0322E5
:105E7000022808BF0A46002C18BF00224F92B4E641
:105E800040F20730ABE640F2FF30FDF75FF9012842
:105E900040F0508340F2FF300C46FDF705FB002830
:105EA00040F04B8318A808992246FEF77BFD9DF829
:105EB0006000002840F04483D5E94301FAF7FEFC76
:105EC00001210024C5E9464401EB96210496B8F16E
:105ED000000FCDF8188018BF01F03F08A5F8680042
:105EE0004FF494700AFB0090C5F89880079500F570
:105EF0008679D0E94301FAF776FDDFF8C4861FFA08
:105F000080FBA0B2584533D2D9E900012246FAF706
:105F100077FD81B200F00F00421E00EB400308EB5A
:105F200083039E1C0F2A0AD033460C3633F8025CDA
:105F30000132002DF6D01B888B42F3D110E008F11E
:105F400002030022904200F095821E460C3336F880
:105F5000025C0132002DF5D035888D42F2D1013A34
:105F600002EB42000899013408EB80008180C8E709
:105F70000698D0B104995046FEF71AFA00F0A3FF34
:105F8000DDF824B00028DDF81C9000F0EA820F292B
:105F900000F2EA824FF49470DFF8002601FB002043
:105FA0000121FDF73BF8804605E04FF00008DDF8E1
:105FB00024B0DDF81C90D9F80C1118A8FDF7DAFA16
:105FC000BDF86000032800F0B282DFF8EC05199EEE
:105FD00000F11005DFF86C2606F1784335A8294654
:105FE000FCF7A8FA9DF8DA00002800F0A0829DF8DE
:105FF000DB00002840F09B829DF8DC00002840F088
:106000009682BDF8D6100122BDF8D400BDF8D83074
:10601000CDE9000118AC00212046FCF72FF900F073
:1060200016FF002840F08F822846FCF782FC0028EB
:1060300040F08B82B8F1000F08D000F044FFDFF889
:106040005485002800F09282022002E00120DFF84F
:1060500044850022059DC9F800204EAC002308228B
:106060002B6060604EA881500FE007210720CDE92A
:106070005043ADF83E218DF83D118DF83C01FFF7FE
:10608000DEB80020C4E900054F954FF0020AFFF783
:1060900084BB00F0CBFEDFF8FC841CE0FDF756F873
:1060A00000286ED0B5F868200923B5F898008DF85F
:1060B00060306FF39F2242EA8020ADF8620018AA98
:1060C00008461146FDF778FE0020C5E900004F9014
:1060D000DBE7072107204FF0010A40EA0120CDE964
:1060E0005043ADF83E21CDF838A1ADF83C0180E534
:1060F000DDE91A015191CDE94F4074E540F20720E6
:106100006DE54846FDF722F8002800F0A280884699
:10611000102980F03B824FF49470DFF8801408FB64
:10612000001BBBF8980008905846BBF86850FDF774
:106130003DF908986FF39F25E40745EA802502D0D2
:10614000584600F08AFE40462946FEF731F91FFA0C
:1061500089F0864240F08580002C40F085804FF029
:10616000020A012083E09DF86310BDF8612042EA35
:10617000014140EA0120DDE919215191CDE94F02A9
:106180002FE540F20720FFF758B84FF0010A4FF40F
:1061900080705196CDF840A1ADF83C0123E599F807
:1061A000141109F16800002965D0002101245291E1
:1061B00002214F91DFF84C144E91519455A9509102
:1061C000DFF84414CDE955014EA8FDF74FFF4846CE
:1061D0004FF0004189F81541FCF720FFB9F86C0039
:1061E000069DDDE90446062862D1B9F86E00023842
:1061F00080B2042828BF042000F00600022857D1EE
:106200000020C449C9E90010484600F026FE4FE0CE
:10621000002900F0528101214FEA182401705FFA31
:1062200088F01691DFE810F00B00B0008C00C6007B
:106230008500E200EB00CC00FC00A90006011598E7
:10624000012840F209811498002141700220169023
:106250007EE040F207204FF0010AADF83C01FFF765
:10626000B6BA0020CAE900004FF0020A0020CDF8BB
:1062700038A14F90B9E4022100244F91DFF88C132C
:106280004E9101215294519155A95091DFF8781304
:10629000CDE955014EA8FDF7E9FE0920A9F87240A5
:1062A00089F870000320C9F86C00069DDDE90446FA
:1062B00040F2FF300899CDE90014294602904EA81B
:1062C00035AB3246FEF736FA9DF83811DDE94E045B
:1062D00021B1000600F0518101241DE0DFF84023C8
:1062E0002146FEF755FB102C80F052814FF494703C
:1062F000AA4904FB001040F2FF3100240123A0F85A
:106300006810AD49C0F898408A68C968C0E9463449
:10631000C0E94821FCF786FBDDF824B0DFF8748281
:10632000079D70E5B04A48464946FAF775FCAD4A04
:1063300098E015980228C0F07180149804215AE062
:106340001598012840F28880149802214170169116
:1063500018A814A9089A4B46FCF769F91898072859
:1063600023D115991698884280F07880002C18BFA8
:10637000012414990C5401303FE035A814A90922D6
:106380003346FCF740F947E01598012864D9149882
:10639000012141700220169018A814AA0899FCF750
:1063A00061F91898072800F070801A9A19993792A5
:1063B000369154E01598022830D3149803211AE03E
:1063C000159802285DD3149907224A70022116916C
:1063D000DFE804F0050505050505050555001598D8
:1063E00002284ED914988470032020E015980228C2
:1063F00014D31498052141700220169045E0159899
:1064000002280BD31498062141700220169035A85B
:1064100014AA0899FCF726F9359834E0002041E0E9
:10642000159802282DD31498082141700220169047
:10643000072027E0159801280ED914980A214170E9
:10644000159803280AD9149846801598042805D968
:10645000149804710520D0E714A8369000203590D8
:1064600020E05F4A084600F0A7FCFCF7BFFD844827
:1064700000F09EFC7A4800F09BFC7F4AF3E702287C
:10648000B0D10020359007280CD118A814AB07997B
:106490005246FCF70BF91898072806D107204E90B2
:1064A00016990BE04E90369901E019994E9020B163
:1064B000072803D040F207705FE610210020C5E9ED
:1064C0000001FFF7BEBA6A4A16E0494A14E0354AAD
:1064D00012E03E4A10E0304A0EE0364A0CE03D4AF7
:1064E0000AE03B4A08E0354A06E03C4A04E0364A06
:1064F00002E0344A00E02D4A5846B4E72C4AB1E79E
:10650000294A2846AFE75B4800F052FC3A4A504619
:10651000A9E700BF0000FFFF2F4A00E0354A3046E0
:10652000A1E71F4A20469EE7304A40469BE74B487A
:1065300000F03EFC3E4800F03BFC3E4800F038FCDA
:106540003D4800F035FC444800E0404800904EAA29
:106550003F482B213F4BFBF774FB424A82E7334A0B
:1065600080E7374800F024FC344A7BE7364800F0E7
:106570001FFC3E4A76E7224A74E726482E21009007
:106580002548264B559455AAFBF75BFB364ACCE7CA
:10659000244AC7E70000002000830008080000200C
:1065A00010830008E0820008F0820008C082000822
:1065B000D0820008E08100081C140020B08200088E
:1065C0005C1300208082000870820008608200084E
:1065D000D081000840820008508200082082000814
:1065E0002484000814840008048400083082000811
:1065F00000820008108200083C800008F087000834
:1066000000880008A08300088D1C0008748300081F
:106610004088000810880008B47C0008E47C00086A
:1066200020880008308800087C800008E088000886
:10663000F0880008148600082486000810890008E5
:10664000008900082136000894800008D07A0008EC
:10665000F47C0008A47C0008C07A000820890008A7
:10666000308900086C8000085C8000084C800008BD
:10667000F08100082C800008C0810008B08100086B
:10668000A0810008B0B502AF044608466FF39F2012
:106690000D46FCF75BFD90B110291ED212484FF455
:1066A000947201FB0200ABB2D0F8980000F03F02F8
:1066B000B2EB932F09D10220C4E90001B0BD40F232
:1066C0000720A08001202060B0BD084A0021A16001
:1066D00062F39F10C4E90010B0BD024A084600F002
:1066E0006BFB00BFD083000808000020FCFFFF0305
:1066F000F0B503AF2DE9000F8FB00F2900F2A6808F
:106700004FF49478544E01FB086581460792D5E911
:1067100004BA05F1040EB5F898000690B5F86800C3
:1067200005905FEA8A7001FB08F0AC6908949EE866
:106730000C406FEA030C305A049002D04FF000086E
:106740000AE00C204FF00008A4FB006020B9F043E1
:10675000824598BF4FF00108624503D90B20C9E973
:10676000012306E06FEA0B0086450BD90B20C9E92F
:1067700001EB89F80C0040F20710A9F800000FB0F7
:1067800000F03BBBB8F1000F15D007984FF494749C
:10679000314E00FB04684443D8F804C034591CEB64
:1067A0000406089E0ED340F20711C9E9014CA9F86E
:1067B0000C100B2047E00B2089F80C000898C9E961
:1067C00001A0D8E78DE8111009AC204600F04EF882
:1067D0009DF824000C2823D1059900220698C8F8BA
:1067E00014606FF39F2141EA80200A9980B2C8E9C2
:1067F000002008F10802049882E80308B8F868103D
:10680000B8F898006FF39F2141EA80200004411DF1
:106810002846FCF771FC404600F01FFB0C2012E0FC
:106820009DF8271009F1080289F80310BDF825101A
:10683000A9F8011004F10801DDF828C091E87800FA
:1068400078C2C9F804C089F8000098E7014A0846F0
:1068500000F0B2FAA08200080800002080B56F4660
:10686000FCF7E4FF80F0010080BDD4D4F0B503AFA5
:106870002DE9000F8FB0D7F810801C46D7F808908C
:106880009246434538BF98460E46834649451DD239
:10689000CDF808B006F1010B654A0BA8594600F087
:1068A00077F90C99B14240F2A7800E99A9EB0B0041
:1068B000884280F0A7800B994FF494730D9A00FBE7
:1068C0000325DDF808B006FB03111AE0B14580F09E
:1068D000978009F10105534A0BA8294600F058F9A1
:1068E0000E99701B884280F090800C99494540F2C7
:1068F0008F800B994FF494730D9A09FB031500FBDD
:10690000032103A852462346FE68FDF738FD3B6984
:106910000021581E41F1000144B139B104EB0A01D4
:106920000139B14224BF3044504555D20BA8294605
:106930003246FCF725F99DF80C409DF82C50DDE916
:106940000C960B2CBDF82D00ADF818009DF82F000B
:106950008DF81A0008BF0B2D26D00B2C05D003A8EC
:106960000B22411C07A800F04CFC0B2D1FBF9DF80B
:106970001A008DF82A00BDF81800ADF828008BF831
:1069800000400BF1010007A90B2200F03AFCBDF812
:106990002800ABF80D009DF82A008BF80C50CBE9CD
:1069A00004968BF80F0014E0244B404649463246CB
:1069B000DDE904A5FBF78CFFA8452DD8204A434606
:1069C0000092524600F0E4F90C20CBF804808BF8DA
:1069D00000000FB000F011BA4FF001099DF80C4013
:1069E0009DF82F0000258DF82D908DF81A00BDF828
:1069F0002D00ADF81800B0E70E4A3046FAF70CF952
:106A000000F0EAF80C4AFAF707F9074AFAF704F92E
:106A1000064A4846FAF700F90A4A40462946FAF774
:106A2000B8FA00BF04850008148500082485000812
:106A3000348500084485000854850008C484000893
:106A4000E4840008D4840008F0B503AF2DE9FF0BFF
:106A500015460F2A00F2928081464FF494704A4EF8
:106A600001FB0061984605FB0064484B0193B1F8B7
:106A70009820B1F8681004F16C006FF39F2141EA8F
:106A80008221ADF8081001A9FFF7E8FE30B100201F
:106A90000121C9E90001C9F8080018E0606981070F
:106AA00007D1D4F818C00C22ACFB02320AB91A186C
:106AB00011D340F20710ADF8040001A92846FDF7F4
:106AC0007BF901220023C9E90032C9E9020108B0BB
:106AD000BDE8000BF0BDBCF1000F2BD04FF4947259
:106AE000D4F8FC4005FB0262034404EB4404A432E6
:106AF000A40084B152F8086C864209D852F8041CEC
:106B000031448B4204D8116801F01901012911D0D8
:106B10000C3C0C32EDE7079001244FF48070069492
:106B2000ADF8140005A92846FDF746F90022C9E989
:106B30000024CAE7C44516D908EB4802B968002406
:106B400000EB8200D0E90123551844F100048B4288
:106B50000CD35CB900685B1A02241144C9E9021322
:106B6000C9E90040B3E740F2074001E040F20750B6
:106B7000A9F804000120C9F80000A8E7014A284646
:106B800000F01AF9908200080800002006000500B5
:106B9000D0B502AF86B011293FBF0E4AC1F1100334
:106BA0004FF4947401FB04243FBFC0E90021C0E905
:106BB000024306B0D0BD0020012101910449049098
:106BC000039004200091114602906846FAF710F8ED
:106BD0009C7C00080800002080B56F460148FBF748
:106BE000D4F800BFF4840008F0B503AF4DF804BD3D
:106BF0000D46118806466C301C46F9F75CFF50B113
:106C00002168B6F86A0011B12189884203D2208137
:106C10000120C4E9000500F0FBB8D4D4F0B503AFFF
:106C20004DF8048D8CB0D1E905540C22E6681F495B
:106C3000D0F800802846B04708BBD8F818001C4997
:106C400000F10C020591CDE9031200F10801029157
:106C50001849CDE9000100200A90032069460990F7
:106C6000CDE9070121461448069006AA2846FAF7FE
:106C7000E8FC20B9114928460222B04720B1012082
:106C80000CB05DF8048BF0BD08F10806D8F81400CC
:106C9000D8E900C14CCE0B9008A84CC02846CDE9DD
:106CA00006C106AA2146FAF7CCFCE9E7F07600080F
:106CB000570C00082F160008D8760008FC7600084C
:106CC000E0B502AF00228029019203D28DF80410B2
:106CD000012230E002220B4662F39F13B1F5006FF0
:106CE00005D28DF80530C02343EA911121E0B1F5BA
:106CF000803F0DD28DF80630E02343EA1133890935
:106D000062F39F118DF804308DF80510032212E014
:106D10008DF807308B0962F39F138DF806300B0B4B
:106D2000890C62F39F131E2262F3DF0104228DF8A7
:106D300005308DF8041001A9FBF7D7FD00208CBDAC
:106D40000A46496801290149FAF77BBCDC8A000838
:106D500080B56F468AB00090002072B60590022080
:106D60000290094801900120049007A80390074869
:106D70000890684607904FF06040099009A801A963
:106D8000FFF7DEFFFEE700BFF88A00081D6C000871
:106D9000D0B502AF0C46994201BF11462246BDE86C
:106DA000D04000F02EBABA6820461946FBF706F923
:106DB00080B56F46FAF7E9FF1021F9F72DBF28904B
:106DC00003208DF850000C201390002011920A220D
:106DD0001290CDE90F020D91704729465246FBF7FC
:106DE000F1BA00225091C5E900424FF0020A022197
:106DF0000122CDF838A1002C7047BDE8000FF0BD8E
:106E0000079020461396CDF84090CDE9115A584787
:106E10005DF804BBF0BD099003208DF858000C20EC
:106E20007047D1E90548D8F80C607047DDE919438F
:106E3000BDF862209DF86110DDF824B0704706901F
:106E4000012002910390059008A8049070472846FD
:106E5000314622462023FBF79FBD0321FCF74CB9A6
:106E600059464B460992FFF7EFBD29465246434625
:106E7000FCF7C2BA214643462546FDF780BA2146B3
:106E800043462546FDF74BBAC4E901010B202070AB
:106E9000B0BD2046FBF7BABE284651464246FDF734
:106EA000C3BD9DF860000B2870479DF83B114FF063
:106EB000010ABDF83921704752F82020D1E90501B7
:106EC000CB68214670470420FCF740B99DF8980034
:106ED0000028704700F05AB800F09FB8042A18D371
:106EE000B0B502AFA2F1040E012303EB9E0313F031
:106EF000030414D08C4603465CF8045B012C43F871
:106F0000045B15D1184661467246BEF10C0F21D2C2
:106F100008E08C46034618466146FFF7DDBFBEF128
:106F20000C0F17D2BDE8B04018466146FFF7D4BF3A
:106F30004B68022C436003D1083A0831083004E062
:106F40008B680C3A83600C310C3003468C46BEF1E2
:106F50000C0FE7D30B68103A0360032A4B684360B9
:106F60008B688360CB6801F11001C36000F11000F1
:106F7000F0D88C460346BDE8B04018466146FFF79E
:106F8000ABBF0B4611461A4600F0EBB8D2B204294B
:106F900038BFFFF7F6BFD0B502AF4FF00133A1F114
:106FA000040E5343012404EB9E0414F003040AD09E
:106FB0008446012C4CF8043B0DD160467146BEF16D
:106FC0000C0F19D202E0BEF10C0F15D2BDE8D04073
:106FD0006046FFF7D6BF022C436006D1083908305F
:106FE0008446BEF10C0F07D2F0E783600C390C30F9
:106FF0008446BEF10C0FE9D31039C0E90033C0E973
:10700000023310300329F7D88446BDE8D0406046EB
:10701000FFF7B7BF0022FFF7B9BFF0B503AF2DE907
:107020000007102A63D3434213F0030400EB040C5F
:1070300016D003460E46357803F8015B63450FD240
:10704000757803F8015B63453EBFB57803F8015BD3
:10705000634505D2F578043603F8015B6345EAD34E
:10706000A2EB040E01EB04092EF003080CEB08035D
:107070005FEA89713ED0B8F1010F54DB182129F085
:10708000030201EAC90A4FEAC90102F108054942AF
:10709000126801F0180655F8041C22FA0AF201FAE7
:1070A00006F422434CF8042B9C453CD22A6821FA72
:1070B0000AF102FA06F421434CF8041B9C453FBF39
:1070C000696822FA0AF201FA06F422433CBF4CF83E
:1070D000042B9C4527D2AA6821FA0AF1103502FA3E
:1070E00006F421434CF8041B9C45D4D31BE0034613
:1070F000F2B933E0B8F1010F15DB4C4621684CF8CA
:10710000041B9C450FD261684CF8041B9C453EBF94
:10711000A1684CF8041B9C4505D2E16810344CF87A
:10712000041B9C45EAD309EB08010EF00302AAB147
:107130001A440E7803F8016B93420FD24E7803F88D
:10714000016B93423EBF8E7803F8016B934205D2E8
:10715000CE78043103F8016B9342EAD3BDE800070F
:10716000F0BDD0B502AF102A35D3434213F0030E61
:1071700000EB0E0C0FD0034603F8011B63453FBF25
:1071800003F8011B634503F8011B634503D203F8B1
:10719000011B6345F0D3A2EB0E0E2EF003020CEBA5
:1071A0000203012A13DBCAB24FF0013462434CF8E8
:1071B000042B9C450BD24CF8042B9C453CBF4CF84F
:1071C000042B9C4503D24CF8042B9C45EFD30EF0C6
:1071D000030212B912E0034682B11A4403F8011BFC
:1071E00093420BD203F8011B93423CBF03F8011BEF
:1071F000934203D203F8011B9342EFD3D0BDFFF7B4
:1072000009BFFFF769BEFFF769BEFFF703BF70460E
:107210000421084202D1EFF3088002E0EFF3098075
:10722000FFE7FEE74D53492073656C656374656441
:1072300020617320504C4C20736F757263652C2055
:10724000627574206E6F7420656E61626C65640097
:10725000247200082B0000007372632F636C6F634D
:107260006B732E7273000000587200080D0000004E
:107270004A010000190000004853452073656C6501
:107280006374656420617320504C4C20736F757279
:1072900063652C20627574206E6F7420656E616268
:1072A0006C656400787200082B00000058720008BA
:1072B0000D00000042010000190000005872000893
:1072C0000D000000680100001C0000006173736580
:1072D0007274696F6E206661696C65643A207379B7
:1072E00073636C6B203C3D2038305F3030305F3052
:1072F00030300000587200080D00000078010000D6
:1073000009000000617373657274696F6E206661B5
:10731000696C65643A2070636C6B31203C3D20736E
:107320007973636C6B000000587200080D00000058
:107330009E01000009000000617373657274696F3B
:107340006E206661696C65643A2070636C6B3220F4
:107350003C3D20737973636C6B0000005872000829
:107360000D000000B90100000900000061737365A1
:107370007274696F6E206661696C65643A20706C26
:107380006C636F6E662E6E203E3D2038696E6465BC
:1073900078206F7574206F6620626F756E64733A23
:1073A00020746865206C656E20697320587200082F
:1073B0000D000000D60100000D0000006173736530
:1073C0007274696F6E206661696C65643A20706CD6
:1073D0006C636F6E662E6E203C3D203836000000D8
:1073E000587200080D000000D70100000D000000D9
:1073F000617373657274696F6E206661696C656430
:107400003A20636C6F636B5F7370656564203E3D0B
:1074100020345F3030305F30303000005872000868
:107420000D000000D80100000D00000061737365BD
:107430007274696F6E206661696C65643A20636C72
:107440006F636B5F7370656564203C3D2031365F10
:107450003030305F30303000587200080D000000CE
:10746000D90100000D000000617373657274696FCB
:107470006E206661696C65643A2076636F203E3DDC
:107480002036345F3030305F3030300058720008C2
:107490000D000000DA0100000D000000617373654B
:1074A0007274696F6E206661696C65643A207663F8
:1074B0006F203C3D203333345F3030305F3030302C
:1074C000587200080D000000DB0100000D000000F4
:1074D000617373657274696F6E206661696C65644F
:1074E0003A206F75747075745F636C6F636B203CCA
:1074F0003D2038305F3030305F3030305872000817
:107500000D000000DC0100000D00000058720008B2
:107510000D0000007C0100001F000000696E746512
:10752000726E616C206572726F723A20656E74655E
:1075300072656420756E726561636861626C652056
:10754000636F6465587200080D0000007E01000042
:1075500016000000587200080D00000091010000A4
:1075600020000000587200080D0000009301000088
:1075700016000000587200080D000000A201000073
:1075800020000000587200080D000000A401000057
:1075900016000000A0860100400D0300801A0600BE
:1075A00000350C0040420F0080841E0000093D00A1
:1075B00000127A000024F40000366E010048E80151
:1075C000006CDC0200000000080000000400000065
:1075D000212300082F686F6D652F727573686E61C7
:1075E0006E2D7265617A2F636F6E636570742D6F97
:1075F000732F7379732F6162692F7372632F6C69B4
:10760000622E7273D4750008300000009A000000EA
:1076100041000000D4750008300000009B0000000D
:107620001B000000D475000830000000A600000018
:1076300041000000D475000830000000A7000000E1
:107640001B000000D475000830000000B2000000EC
:1076500041000000D475000830000000B3000000B5
:107660002A000000207C200020202D4952513A2081
:1076700044656275674D6F6E2C204D4D4641523DFD
:1076800001000000000000004275734572726F72C5
:10769000496E6A6563746564524553455256454464
:1076A00028656D7074792900524541440100FFFF3F
:1076B000536F6D654E6F6E65557365722020202087
:1076C00057524954454558454355544544455649F4
:1076D0004345444D41293A000100000000000000EC
:1076E000D676000801000000D676000801000000F0
:1076F00070616E69636B6564206174203A0A657815
:10770000706C696369742070616E6963FE7600084D
:107710000E000000206275742074686520696E6434
:1077200065782069732000008C7300082000000039
:1077300014770008120000003A2000000100000049
:107740000000000038770008020000000000000080
:107750000C00000004000000B1180008B11A000875
:10776000FD1A0008207B202C20207B0A2C0A7D207B
:107770007D28280A2C6C6962726172792F636F729E
:10778000652F7372632F666D742F6E756D2E727315
:10779000757700081B00000069000000170000005A
:1077A000307830303031303230333034303530367C
:1077B00030373038303931303131313231333134A2
:1077C0003135313631373138313932303231323288
:1077D000323332343235323632373238323933306E
:1077E000333133323333333433353336333733385D
:1077F000333934303431343234333434343534364C
:107800003437343834393530353135323533353431
:107810003535353635373538353936303631363217
:1078200036333634363536363637363836393730FD
:1078300037313732373337343735373637373738EC
:1078400037393830383138323833383438353836DB
:1078500038373838383939303931393239333934C1
:107860003935393639373938393972616E676520BB
:10787000737461727420696E64657820206F75740A
:10788000206F662072616E676520666F7220736C70
:10789000696365206F66206C656E67746820000000
:1078A0006A780008120000007C78000822000000BE
:1078B00042616453797363616C6C4E756D6265727D
:1078C000496E76616C69644F7065726174696F6E40
:1078D0004475706C696361746564204952513A2043
:1078E0004F66667365744F75744F6652616E676557
:1078F0004261644B65726E656C4D6573736167655B
:1079000072616E676520656E6420696E64657820BB
:10791000060003000000000000000000000000005E
:1079200000790008100000007C78000822000000A8
:10793000736F7572636520736C696365206C656E27
:1079400067746820282920646F6573206E6F742027
:107950006D617463682064657374696E6174696FC6
:107960006E20736C696365206C656E67746820288F
:107970003079000815000000457900082B00000050
:10798000D576000801000000617474656D70742084
:10799000746F20646976696465206279207A657203
:1079A0006F0000008879000819000000807A000844
:1079B0003F000000A3000000110000002F686F6D61
:1079C000652F727573686E616E2D7265617A2F63B3
:1079D0006F6E636570742D6F732F6C6962732F689F
:1079E00062665F6C6974652F7372632F6C69622EB7
:1079F00072730000BC7900083600000058000000D7
:107A000017000000617373657274696F6E206661A0
:107A1000696C65643A2021666C6173682E63722E0E
:107A20007265616428292E6C6F636B28292E626948
:107A30007428292F686F6D652F727573686E616E7B
:107A40002D7265617A2F636F6E636570742D6F732D
:107A50002F626F617264732F73746D33326C3437BD
:107A60003672672F7372632F6C69622E7273000017
:107A7000337A00083B0000008C0000000900000081
:107A80002F686F6D652F727573686E616E2D7265EC
:107A9000617A2F636F6E636570742D6F732F6C69DD
:107AA00062732F666C6173685F616C6C6F63617485
:107AB0006F722F7372632F666C6173682E7273001E
:107AC000807A00083F000000030200002F00000041
:107AD000807A00083F00000005020000240000003A
:107AE000807A00083F000000AB0100003D0000006C
:107AF000807A00083F0000002B0200002F000000E9
:107B0000807A00083F0000002D02000024000000E1
:107B10005461736B49644D656D6F72794163636540
:107B2000737361646472657373736F7572636553A5
:107B30007461636B4F766572666C6F7744697669C2
:107B4000646542795A65726F496C6C6567616C5403
:107B5000657874496C6C6567616C496E7374727595
:107B60006374696F6E53797363616C6C557361678D
:107B70006550616E696346726F6D536572766572AA
:107B8000496E76616C6964536C6963655461736BAB
:107B90004E6F74466F756E64496C6C6567616C54AA
:107BA00061736B4C656173654F75744F6652616E9E
:107BB00067654E6F4972714261645265706C7946B7
:107BC00061756C74526561736F6E4B65726E656C36
:107BD000556E646566696E65644F7065726174693F
:107BE0006F6E4261644D65737361676553697A6551
:107BF0004261644D657373616765436F6E74656E52
:107C000074734261644C65617365735265706C791D
:107C1000427566666572546F6F536D616C6C41633B
:107C20006365737356696F6C6174696F6E28292F71
:107C300072757374632F3638363863383331613177
:107C400065623435633531353066663632336365A7
:107C500066356534326138623839343664302F6CB9
:107C60006962726172792F636F72652F7372632F0D
:107C7000636861722F6D6574686F64732E72730030
:107C80002F7C000850000000050700000D000000D8
:107C90006D6964203E206C656E000000907C0008D9
:107CA00009000000000000000000000001000000CA
:107CB0002525000863616C6C6564206052657375EE
:107CC0006C743A3A756E777261705F6572722829CA
:107CD00060206F6E20616E20604F6B602076616C5B
:107CE00075650000000000000400000004000000B2
:107CF000A127000863616C6C656420605265737530
:107D00006C743A3A756E77726170282960206F6ED4
:107D100020616E2060457272602076616C7565002E
:107D2000000000000400000004000000EB28000830
:107D300035280008F9280008337A00083B000000C5
:107D40002A01000010000000417373657274696FAE
:107D50006E206661696C656421000000487D000842
:107D6000110000002F686F6D652F727573686E616A
:107D70006E2D7265617A2F636F6E636570742D6FFF
:107D8000732F7379732F6B65726E2F7372632F610C
:107D90007263682F61726D5F6D2E7273647D00086F
:107DA000380000000A01000005000000647D0008A2
:107DB000380000001001000034000000647D00085D
:107DC000380000002E0100000E000000647D000855
:107DD000380000003101000035000000647D00081B
:107DE000380000003A01000038000000647D0008FF
:107DF000380000003501000017000000647D000815
:107E0000380000000301000005000000647D000848
:107E100038000000F90100000D000000647D00083A
:107E2000380000001F03000005000000647D00080A
:107E3000380000002703000041000000647D0008B6
:107E400038000000290300001E0000004E4D4900CC
:107E50004C7E000803000000647D0008380000002C
:107E60004A0300000E0000007076000808000000C1
:107E7000647D000838000000510300000F0000007E
:107E8000756E6B6E6F776E20657863657074696F61
:107E90006E200000807E000812000000647D000853
:107EA000380000006B0300000E000000756E686172
:107EB0006E646C656420495251200000AC7E00085D
:107EC0000E000000647D0008380000005B03000025
:107ED00028000000495251206D697373696E672054
:107EE000636F6D706F6E656E74000000647D0008D6
:107EF000380000006303000049000000647D0008B2
:107F0000380000006403000011000000647D0008D8
:107F1000380000007603000009000000647D0008BE
:107F20003800000080030000090000004661756C05
:107F300074210A4B65726E656C206661756C7420E5
:107F40003A20434653523D2C20424641523D0000C8
:107F5000337F00080D000000407F0008070000008C
:107F60007876000808000000477F0008070000003E
:107F7000647D00083800000047040000090000008C
:107F8000647D000838000000AA04000031000000F1
:107F9000647D000838000000B60400001E000000E8
:107FA000617474656D707420746F2072657475727D
:107FB0006E20746F205461736B202320616674659A
:107FC00072206661756C7400A07F00081B000000C1
:107FD000BB7F00080C000000647D00083800000032
:107FE000B30400000D000000647D000838000000AC
:107FF000560500003C0000002F686F6D652F7275FC
:1080000073686E616E2D7265617A2F636F6E636542
:1080100070742D6F732F7379732F6B65726E2F735E
:1080200072632F6B6970632E72730000F87F000813
:10803000320000001E0000003B000000F87F000836
:10804000320000001F00000010000000F87F000850
:10805000320000009E00000018000000F87F0008B9
:1080600032000000BF0000001A000000F87F000886
:1080700032000000350100001D00000041637469FA
:10808000766174696E6720757064617465207461CF
:10809000736B210AF87F0008320000006D010000B8
:1080A00051000000506F70756C6174696E672073C9
:1080B0007472756374757265732E2E2E0A2D2D2DB4
:1080C0002D2D2D2D2D2D204B65726E656C2053743A
:1080D000617274202D2D2D2D2D2D2D2D2D2D0A4E1F
:1080E0006F20436F6D706F6E656E74204C6F6164AE
:1080F00065642F686F6D652F727573686E616E2D84
:108100007265617A2F636F6E636570742D6F732F64
:108110007379732F6B65726E2F7372632F73746133
:10812000727475702E727300F280000835000000C2
:108130007700000020000000F280000835000000F9
:108140007C0000001B000000F280000835000000E9
:108150007100000028000000F280000835000000D7
:1081600092000000090000002F686F6D652F727586
:1081700073686E616E2D7265617A2F636F6E6365D1
:1081800070742D6F732F7379732F6B65726E2F73ED
:1081900072632F73797363616C6C732E727300005A
:1081A0006881000836000000510000003B0000001C
:1081B000688100083600000060000000290000000F
:1081C0006881000836000000590000002900000006
:1081D00068810008360000007E0000001F000000DB
:1081E0006881000836000000900000001F000000B9
:1081F0006881000836000000A40000000D000000A7
:108200006881000836000000BC0000000900000082
:108210006881000836000000D3000000080000005C
:108220006881000836000000090100001B00000002
:1082300068810008360000002C0100000C000000DE
:10824000688100083600000086010000160000006A
:108250006881000836000000970100000800000057
:1082600068810008360000000A02000010000000CB
:10827000688100083600000046020000100000007F
:108280006881000836000000820200001000000033
:108290006881000836000000A1020000080000000C
:1082A0006881000836000000220300001D00000065
:1082B0006881000836000000530300001000000031
:1082C00068810008360000008E0300001B000000DB
:1082D0006881000836000000980300001C000000C0
:1082E0006881000836000000AA03000010000000AA
:1082F0006881000836000000B30300001000000091
:108300006881000836000000D40300001800000057
:108310006881000836000000E90300000800000042
:108320002F686F6D652F727573686E616E2D726543
:10833000617A2F636F6E636570742D6F732F73791D
:10834000732F6B65726E2F7372632F7461736B2E54
:1083500072730000208300083200000083000000D8
:108360002800000053746F7070696E672074617329
:108370006B200000648300080E000000F48A0008EF
:108380000100000041736B696E672073746174654E
:10839000207472616E7366657220666F72200000D1
:1083A000848300081A000000F48A0008010000001D
:1083B0002083000832000000E70100000D000000EB
:1083C00020830008320000007A030000190000003A
:1083D0002083000832000000B303000011000000F9
:1083E0006E6F207461736B732072756E6E61626C58
:1083F000650000002083000832000000C803000070
:108400000A0000002083000832000000040400007D
:108410001500000020830008320000000504000061
:108420001D0000002083000832000000000400004E
:108430002100000020830008320000002204000018
:1084400015000000436F6D706F6E656E7420205BC9
:1084500064657363723A205D206661756C743A20BE
:10846000448400080A0000004E840008090000004F
:108470005784000809000000F48A00080100000089
:1084800020830008320000003A0400001F000000B2
:108490002F686F6D652F727573686E616E2D7265D2
:1084A000617A2F636F6E636570742D6F732F7379AC
:1084B000732F6B65726E2F7372632F756D656D2EE2
:1084C0007273000090840008320000003801000040
:1084D0000F00000090840008320000003801000006
:1084E00031000000908400083200000038010000D4
:1084F0001C000000908400083200000051010000C0
:108500000900000090840008320000004E010000C5
:108510002900000090840008320000004F01000094
:108520000F00000090840008320000004F0100009E
:108530002900000090840008320000004B01000078
:108540002900000090840008320000004C01000067
:108550000F00000090840008320000004C01000071
:108560001F000000617373657274696F6E2066612D
:10857000696C65643A2073656C662E6B65792E694B
:10858000735F6E6F6E6528292F686F6D652F72752A
:1085900073686E616E2D7265617A2F636F6E6365AD
:1085A00070742D6F732F7379732F6B65726E2F73C9
:1085B00072632F737472756374757265732E727340
:1085C0008885000838000000CE0000000900000087
:1085D000617373657274696F6E206661696C65643E
:1085E0003A2073656C662E6B65792E69735F736FC5
:1085F0006D6528298885000838000000D300000038
:10860000090000008885000838000000CB01000048
:10861000110000008885000838000000DF0100001C
:10862000260000008885000838000000E1010000F5
:10863000310000008885000838000000FF010000BC
:108640000D000000888500083800000013020000BB
:10865000240000004E6F742066696E616C697A6553
:108660006420626C6F636B20666F756E642061744A
:108670003A200000548600081E000000F48A00081A
:108680000100000088850008380000002F0200006B
:108690002E00000088850008380000003A02000023
:1086A0000E000000000000000800000004000000B0
:1086B000212300084D616C666F726D65642048422D
:1086C0004620617420000000B486000811000000FC
:1086D000F48A0008010000008885000838000000C6
:1086E0008A0200001F000000888500083800000092
:1086F0009302000020000000888500083800000078
:108700009402000026000000888500083800000060
:10871000A70200002F000000888500083800000034
:108720009902000031000000888500083800000030
:10873000A40200000E000000888500083800000038
:10874000C202000011000000888500083800000007
:10875000C8020000120000008885000838000000F0
:10876000CE0200000E0000008885000838000000DE
:10877000D1020000360000008885000838000000A3
:10878000E40200001B000000466F756E6420616EFD
:10879000206F6C646572207461736B20666F722049
:1087A0008887000818000000F48A00080100000013
:1087B000466F756E6420616E206E657765722074F9
:1087C00061736B20666F7220B0870008180000008C
:1087D000F48A000801000000D078000810000000B2
:1087E00088850008380000000B0300001900000015
:1087F00088850008380000002703000025000000DD
:1088000088850008380000003403000021000000C3
:10881000888500083800000054030000180000009C
:1088200088850008380000004D0300002200000089
:1088300088850008380000004F0300000D0000008C
:1088400088850008380000003C0300001600000086
:10885000526576657274696E6720757064617465BF
:1088600020666F722074696D656F75740A00000070
:108870008885000838000000630300001500000030
:1088800088850008380000009503000047000000BC
:108890008885000838000000960300001D000000D5
:1088A00088850008380000007303000036000000CF
:1088B00088850008380000007403000021000000D3
:1088C00088850008380000007C03000015000000C7
:1088D00088850008380000008703000012000000AF
:1088E0008885000838000000A80300001F00000071
:1088F0008885000838000000B20300000A0000006C
:108900008885000838000000C90300003600000018
:108910008885000838000000CA0300001900000024
:108920008885000838000000D10300000600000020
:108930008885000838000000BD0300001200000018
:108940002D20436F6D706F6E656E7420776974684B
:108950002049443A20205B6964656E743A205D20AA
:108960005B6F7269673A205D0A0000004089000869
:108970001500000055890008090000005E89000804
:1089800009000000678900080200000020205265ED
:1089900067696F6E733A0A2020496E74657272754A
:1089A0007074733A0A2020456E747279706F696E24
:1089B000742061743A200000A589000811000000AD
:1089C000F48A000801000000687600080800000032
:1089D000F48A0008010000002020204D61736B3AEA
:1089E00020000000D889000809000000F48A00086F
:1089F0000100000020202D416464723A2000000034
:108A0000F489000809000000F48A00080100000051
:108A100020202053697A653A20000000108A00085F
:108A200009000000F48A0008010000002020204115
:108A30007474723A200000002C8A000809000000BB
:108A4000F48A0008010000002F686F6D652F7275B1
:108A500073686E616E2D7265617A2F636F6E6365E8
:108A600070742D6F732F7379732F6B65726E2F7304
:108A700072632F6C6F672E7273000000488A0008C3
:108A80003100000060000000270000002D20495246
:108A90005120206D617070656420746F206369647B
:108AA00020206F6E20626974732000008C8A000899
:108AB00006000000928A00080F000000A18A00084A
:108AC00009000000F48A000801000000488A00083C
:108AD000310000005C0000001300000000000000F6
:108AE0000400000004000000EB280008C16C00082E
:108AF000416D00080A0000000100000000000000B5
:108B0000F48A000801000000100000000C000000C2
:108B10000C0000000B0000000F000000100000001F
:108B2000050000001000000013000000B0780008ED
:108B3000807B00088C7B0008987B0008A37B0008E2
:108B4000E0780008B27B0008F0780008B77B0008E6
:108B5000120000000E0000001200000009000000DA
:108B6000130000000F000000D07B0008E27B00082B
:108B7000F07B0008027C00080B7C00081E7C0008CB
:048B800001000000F0
:10A000000000000000000000FFFFFFFFFFFFFFFF58
:10A010000000000000000000FFFFFFFF0700FEFF40
:10A0200000200020001000007F43424601006C1514
:10A0300000000A000100000004003C0002000000D3
:10A0400000005400070000007000010068150000C7
:10A050000500010000100000810000000000000069
:10A060000000000000040048000400000B00000095
:10A0700000540040000400000B000000480F0000E6
:10A080004C0F0000500F0000281000002C100000A2
:10A09000A4100000A8100000020000000100000051
:10A0A00001000000FFFFFFFFBFF34F8FBFF36F8F73
:10A0B00000F0DCF9FEDED0B502AFD0E91024944206
:10A0C00001D10020D0BD21448B1AA11A4C1C08BF1D
:10A0D000B3F1004F0FD093FBF1F4002904FB1133CF
:10A0E0001A4400D54942002B48BF0A4402F00F0130
:10A0F00000EB8100D0BDFEDED0E910218B1A102BC1
:10A1000004BF013202644A1C01F00F01426400EBFB
:10A11000810080ED000A704780B56F4688B000214D
:10A1200004220791CDE90512012104914FF4DA715F
:10A13000CDE902010248019001A800F0F3FFFEE71B
:10A140000000FF03F0B503AF4DF804BD40689E4624
:10A15000204E4900CDB2204B4468D7F808C03440A7
:10A16000611901F502214160194601392CD000BF67
:10A170008469A407F9D5D1B281621946013923D087
:10A1800000BF82699207F9D54168022262F34E311D
:10A190004160426806F5804111405FFA8CF241EA65
:10A1A00002410E4A294311430022416062451D4687
:10A1B0000ED0013D08D000BF81694907F9D5416A39
:10A1C0000EF802100132F1E701205DF804BBF0BD8A
:10A1D0000020FAE7009800FD813801000124000208
:10A1E000F0B503AF4DF804BD40684FF48036174D0D
:10A1F00001F07F0144682540BC6806EB04463FFA45
:10A2000086F646EA41012944114D2943416011492E
:10A210000D46013D13D000BF8669B607F9D5D2B20D
:10A2200082620022A2420ED00D46013D07D000BF3F
:10A230008669B607F9D59D5C01328562F2E7012097
:10A240005DF804BBF0BD0020FAE700BF00D800FDB8
:10A250000120000281380100D0B502AF427840F2FF
:10A26000A32401788378C07800F0A0BFD0B502AFF6
:10A27000427840F2A32401788378007900F096BFF9
:10A28000D0B502AF417901F10902022988BFCA1E87
:10A29000992151430522437802318478B1FBF2F1D0
:10A2A00002780079C3EB0313084440F2A32148432A
:10A2B0004FF46161614301EB8301114401EBC01074
:10A2C00001490844D0BD00BF80AEFEFFF0B503AF2A
:10A2D0004DF804BD42794FF4C8731D4CC188032A60
:10A2E00038BF0139B1FBF3F303FB0414194990F8AB
:10A2F00000C04578022A8678007903FB010002F14C
:10A30000090188BFD11E9922514305220231B1FBB8
:10A31000F2F1C5EB0512084440F26D1100EB940018
:10A3200004FB01006421B4FBF1F1C943084440F28D
:10A33000A32148434FF46161714301EB8201614401
:10A3400001EBC010044908445DF804BBF0BD00BF38
:10A3500070FEFFFFB13A0200009EDA86F0B503AF4F
:10A360002DE9800F2DED028BECB08A468146002549
:10A37000EB46B5F5B87F06D00BEB0500172101F0D1
:10A380006BF81735F5E7DAF880810021524608EBC3
:10A3900048004FEAC00CBCF1000F1ED0B1F5B87FE9
:10A3A00060D0137DACF1180C0BF801300BEB0103FE
:10A3B0001731D2E90304C3F80D00907D92E86040A4
:10A3C0005875507D1832C3F80560C3F80150C3F8C2
:10A3D00009E0C3F811409875DDE70DF5B87B002062
:10A3E0000021402903D04BF801000431F9E70AF5B8
:10A3F000C4769FED1D8A00250024402D09D000F071
:10A40000F3FEB0EE480A08B190ED000A00F0E2FE5B
:10A41000F3E79FED158A00250024402D09D000F0B8
:10A42000E3FEB0EE480A08B190ED000A00F0D2FE5B
:10A43000F3E709F1020069464FF4B872BAF88441B3
:10A4400000F0E5FFA9F8728109F5BA70A9F800409B
:10A450005CA900F0C6FE6CB0BDEC028B01B0BDE89B
:10A46000000FF0BDFEDE00BF00000000B0B502AF7F
:10A47000ADF5E56D0EA84FF4DA7100F0F2FF00269D
:10A480000420CDE984600120914D86968390CDE92A
:10A490008106809580A800F045FE0446000403D1A3
:10A4A0004FF00008002027E0A94680AD284600F0C4
:10A4B0002EFEDDE9801242F210704FF08043091841
:10A4C00042F10002012000F005FE0095C8F20004F0
:10A4D0000EA84FF4DA714FF08042234600F006FEDA
:10A4E00030B9BDF800024FF6FF71884240F0998004
:10A4F0004FF0000800204D460221764CADF8EE11D9
:10A5000075497D947C91CDE97E61C8B1002004211C
:10A51000CDE9840101218690CDE9811005F1090082
:10A520008391809080A800F0FDFD002840F0C88451
:10A53000DFF83C0AF6AAC10740F08E80132198E0AC
:10A540000DF5F7701E2100F049FD002840F0B88499
:10A550000DF5F7701E2100F07FFD002840F0B0845B
:10A560005D4A0A21106861F313401060506A44216B
:10A5700061F3070050625068112140F44070506050
:10A580000DF5F77000F02AFD002840F099840DF5D4
:10A59000F770112100F060FD002840F091842068E0
:10A5A00048F2FF310F2220F0010020604B4820616B
:10A5B000A06888434A4900F50040A06060680843ED
:10A5C00060602068492120F4202000F500202060F0
:10A5D000206840F0010020600020ADF8F803022060
:10A5E00000907CA8FEABFFF7ADFDB0B9BDF8F80355
:10A5F00041F2017120F0F00088420ED142F20200D7
:10A600004921ADF80002022000907CA880AB012215
:10A61000FFF7E6FD002800F054840220002100F03E
:10A62000ADFC0020002100224FF08043829C00F00E
:10A6300051FDB4F5DA7F00F243844FF00008B4F521
:10A64000DA7F7FF457AFB8F1000F40F039840DF195
:10A6500038084D4601204FE74FF060400168C907B8
:10A66000FCD04FF060405B2101701221DFF800093F
:10A6700001300132079200F00302022A0AD14FF0A2
:10A6800060421368DB07FCD030F8022B02394FF030
:10A6900060431A8000224FF060430446042A06D02B
:10A6A0001D68ED07FCD020CC01321D60F6E701F0FB
:10A6B000030102291CD34FF060421368DB07FCD072
:10A6C000028A4FF060431A800239123011E000BF55
:10A6D0000B00FFFF00540040000400483C14F01041
:10A6E00000800002000000000000003CFFFF7FFF30
:10A6F0001030012908D14FF060410A68D207FCD020
:10A7000000784FF060410870012000F019FD002032
:10A710004FF6FF74B8F1000FCDF87805CDF8F805C5
:10A72000CDF8F40540F08C830DF57E7A80AD4FF4C2
:10A73000C2722846514600F074FE05F5C4780DF249
:10A74000B45B48224046594600F06BFE0AF1020015
:10A750001FED1C8A1FED1C9A1FED1CAA08900020FB
:10A76000ADF88443CDE90300CDE905000020682160
:10A77000CDF8FB030022FE90072000907CA85346F2
:10A78000FFF7E0FC002840F0C5839DF8FE030C9025
:10A790009DF8F8030D909DF8F9030B9050469DF835
:10A7A000FA439DF8FB939DF8FC639DF8FD5300F080
:10A7B000AEFCD446DDE9FEA206980599BAEB00008E
:10A7C00062EB0101D0F57A704FF0000088414FF044
:10A7D000000022D2ADF8F803022005924921CDE90C
:10A7E00001560022CDE90994634600907CA8FFF74A
:10A7F000A9FC002840F09A83BDF8F8030DF57E7C93
:10A80000DDE90994C0BADDE90156CDF818A000EEE3
:10A81000100AB8EEC00A20EE098A2909320901EBB4
:10A82000810105F00F004FEA191302EB820200EBE1
:10A83000410006F00F0103EB830301EB420109F035
:10A840000F02000602EB430E04F00F03C4F30114E1
:10A8500044EA840403EB44020B9C04F00F03240934
:10A8600004EB840403EB44090D9B0D9203F00F04E9
:10A870005FFA89F6C3F3021505EB850504EB450382
:10A880000C9D0C9305F00F042D0905EB850504EBD9
:10A8900045044FF4FA6555FA84F4CDB2210442EA36
:10A8A0000E2440EA054041EA10400A90F59043EA40
:10A8B000062040EA04400990F490604600F027FC2E
:10A8C000DDE9FE9A40F2CE7204980399B9EB0000DC
:10A8D0006AEB0101101A4FF00000884106D2B0EE79
:10A8E000480A4046FFF708FCCDE903A90D9A4FF44A
:10A8F0006161C4F307200024FE945143C6EB0612A5
:10A9000001EB82010C9A0A44D84900FB0120CDE9F1
:10A910000C0205FB01200B90E09800EB40004FEA91
:10A92000C00AA24565D080A8051905F10806687D12
:10A93000DFE800F003351F2A1000F4A8FFF7C6FC7B
:10A9400081462846FFF7C2FC814550D33046FFF7C9
:10A95000BDFC0BE0F4A8FFF793FC81462846FFF707
:10A960008FFC814543D33046FFF78AFC814531D3C4
:10A970003DE02846FFF770FC0C99814237D3304602
:10A98000FFF76AFC0C9923E02846FFF76FFC0B9950
:10A9900081422CD33046FFF769FC0B9918E0A97867
:10A9A0004FF4616268785143C0EB001001EB800006
:10A9B00080A9095D08440D99814218D3A97A687A63
:10A9C0005143C0EB001001EB8000317808440D9931
:10A9D00081420CD295ED040AB4EE480AF1EE10FA69
:10A9E00005DDA87DFEA90844012100F8011C1834EA
:10A9F00097E70DF57E7A0020042812D080F060825F
:10AA00001AF800107EAA11540029DFF86C15DFF83F
:10AA1000642508BF1146964A51F820100130916113
:10AA2000EAE7F6A8202100F01CFD504600F06FFB7D
:10AA3000DDE9FE0210F5FA7142F100020120012366
:10AA400000F048FB7E980D908A4A2021CDF800A0A6
:10AA5000F6A8002300F04AFB0028F5D1FF984FF636
:10AA6000FF71BDF8F893894500F0E081411E062989
:10AA700000F28480DDF80004DFE811F007008300B5
:10AA8000490069001200FE001A0109980021FE9099
:10AA900052460A980823FF90484600F06DFBD3E722
:10AAA0000024B4F5B87F06D00BEB0400172100F0AA
:10AAB000D3FC1734F5E7DDF880A380A900220AEB68
:10AAC0004A004FEAC00CBCF1000F00F05581B2F50E
:10AAD000B87F00F0F5810B7DACF1180C0BF802305B
:10AAE0000BEB02031732D1E90304C3F80D00887D94
:10AAF00091E860405875487D1831C3F80560C3F887
:10AB00000150C3F809E0C3F811409875DBE7002055
:10AB10000021402803D04AF800100430F9E700264D
:10AB20000021B1F1100400F0FA800D4640462146A4
:10AB3000FFF7C1FA04F111010028F2D0102E00F045
:10AB4000BF810068691C4AF826000136E9E70D98C4
:10AB5000CDF8B4050020042805D01BF800100AF831
:10AB600000100130F7E7FE980DF5B662CDF8B0059C
:10AB700048460021042300F0FFFA65E7484601211A
:10AB80000EE1212880F09C810021002940F098816D
:10AB9000082840F09581BDF8DE0301097C2940F2C8
:10ABA0008F819DF8DD134FF00A0E9DF8DC63303085
:10ABB000B1FBFEF29DF8DB5302EB82039DF8DA4312
:10ABC0009DF8D8C3A1EB43019DF8D93341EA0212A5
:10ABD0008DF8FD23B6FBFEF202EB8201A6EB4101EC
:10ABE00041EA02118DF8FC13B5FBFEF101EB810285
:10ABF000A5EB420242EA01118DF8FB13B4FBFEF112
:10AC000001EB810201F00B01A4EB420242EA0111C7
:10AC10008DF8FA13B3FBFEF101EB8102A3EB4202C4
:10AC2000534642EA01118DF8F913BCFBFEF101EB2A
:10AC30008102ACEB420242EA01118DF8F813C1B275
:10AC4000B1FBFEF101EB8102A0EB4200002240EAE1
:10AC500001108DF8FE030720682100907CA8FFF703
:10AC6000BFFA002858D04846032199E080510100DE
:10AC70000004004801000080212880F0218117286D
:10AC800040F01E819DF8ED03411F11F1050F40F2C8
:10AC900017819DF8EE130522052928BF114680F083
:10ACA0000F81E09A102A40F080804846042177E026
:10ACB000212880F00581012840F00281E09880ADD4
:10ACC0009DF8D84300EB4002D30005EBC2014FF0E2
:10ACD000FF32002B62D005F118062D7D0132183BA2
:10ACE000A5423546F5D1904240F2EA8002EB42009F
:10ACF00080AA183902EBC000182200F098FBE098F7
:10AD00000138E090102C80F0DB800120BDF8841326
:10AD1000A0400843ADF884034846002140E058466F
:10AD2000514600F05EFAB0EE4ABA0024661C112EBD
:10AD300013D064F00F014046FFF7BDF930B190ED3C
:10AD4000000AB4EE4B0AF1EE10FA02DC01340136CF
:10AD5000EDE73446B0EE40BAE8E75046594600F019
:10AD600040FA0DF5806000215246442380ED0EBA72
:10AD7000484600F001FA67E6089859464FF4B87261
:10AD800000F045FBADF8F8A30DF57E7A48460021AA
:10AD900052464FF4B97300F0EFF955E648460521E5
:10ADA0000122002300F0E8F94EE6079B4FF0010C6A
:10ADB000BDF884A3102A5D680C95DD680B951C68AE
:10ADC000D3F808E01D69CAF1000303EA0A039BB245
:10ADD000B3FA83F3C3F11F0303F00F060CFA06F670
:10ADE0002AEA0606ADF884636AD200EE105A80ADF6
:10ADF00002EB42020DF57E7A8DF8F83345F83240C9
:10AE000005EBC2020C9CC2E9014E9075E0980B9CC8
:10AE10000130517513750021E0904846D46001233C
:10AE200082ED040A524600F0A7F90DE6B0F1FF3FAB
:10AE300074DD002000210022012300F04BF995E48D
:10AE4000B8F8720117210DF57E7E002300FB01FC8E
:10AE5000002129E02E7E052E2CBF0526102B2FD297
:10AE600003EB4303D5F80320D5F80BA017314EF8B8
:10AE700033200EEBC302D5F80F90D5F8070095F8F4
:10AE800002B0D5F81350C2E9010ADDF8780500EEEA
:10AE9000105AC2F80C90431C9475567582F814B081
:10AEA00082ED040ACDF878358C4543D0B1F5B87FF2
:10AEB0001FBF08EB0105EC7D661F16F1050FC9D811
:10AEC000FEDE0DF5F7701E2100F088F80028F7D19E
:10AED0000DF5F7701E2100F0BFF80028F0D1214ACF
:10AEE0002149906808409060506820F48E6050605E
:10AEF000106808401D490843106020209061102010
:10AF000090614FF4806090614020906100207E90BD
:10AF1000FFF7FCBA80A9032000F030F8FEAC80A94E
:10AF20002046FFF71BFA2046FFF7F6F880A902201B
:10AF300000F024F808F5BA7180A800F052F90DF27B
:10AF4000B4540025402D08D080A8284490ED000A74
:10AF50002046FFF7D1F80435F4E7B8F80040FFF7D2
:10AF6000E3BB00BF00040048FFC0CFFF0015100086
:10AF70007CB40008A0B4000890B4000880B56F4607
:10AF8000EEB08846054611B9002000F0D9F801AEB0
:10AF90004FF6FF74012000214FF00042002300967D
:10AFA00000F0A4F80028F5D1BDF80400A04207D1B4
:10AFB000B8F1000FEED00298B0F1FF3FEADC05E0F7
:10AFC00029460122002300F0D7F8E3E701AD41460E
:10AFD0002846FFF7C3F92846FFF79EF8F0B503AF00
:10AFE0002DE9000F8BB00446A1F11100C0B20D286D
:10AFF00004D843F20731C140C90704D102200BB085
:10B00000BDE8000FF0BD124900F0C2F8114951F837
:10B01000200001900420099508903004013000F0D0
:10B02000D1F848B1024610F5807F08D36FF39F2610
:10B0300046EA82262680EDE749B90020DFE7104680
:10B04000022A18BF0320012A08BF1046D7E7FEDEF8
:10B05000B0B40008E8B40008F0B503AF2DE9000F64
:10B060008BB00446A1F11100C0B20D2804D843F200
:10B070000731C140C90704D102200BB0BDE8000F61
:10B08000F0BD124900F084F8114951F820000190F8
:10B090000420099508903004043000F093F848B17A
:10B0A000024610F5807F08D36FF39F2646EA82267A
:10B0B0002680EDE749B90020DFE71046022A18BFD5
:10B0C0000320012A08BF1046D7E7FEDE20B500089E
:10B0D00058B500082DE9F04804460D4616461F46AF
:10B0E0004FF0030B00DFBDE8F088FEDE2DE9F00F26
:10B0F00004460D4616461F46089B4FF0010B00DF25
:10B10000204683E8E003BDE8F00F7047FEDE2DE93E
:10B11000F00F4FF0090B00DF80E8F003BDE8F00FFF
:10B120007047FEDE2DE9F00F90E8F0074FF0000BBE
:10B1300000DF20462946BDE8F00F7047FEDEDEDE68
:10B1400080B56F4688B007F81D0C002004210790D9
:10B15000CDE905010120CDE90300A7F11D00029012
:10B160000448019001A8FFF7DDFF08B908B080BDD1
:10B17000FEDE00BF0A00FFFF2DE9F04804460D4641
:10B1800016461F464FF0020B00DFBDE8F088FEDEDA
:10B19000A7F11D0A26880DF104090DF10C08002500
:10B1A00051F820104FF0080B02917047C2EB0212C9
:10B1B00060434FF46164634303EBC01000EB820013
:10B1C0000844D0BD03904046CDE906A5CDE9049BD7
:10B1D000FFF7A8BF0BEB05000134043580ED000A32
:10B1E0007047402200F013B964F00F013046FEF7BB
:10B1F00062BFF0B503AF2DE90007102A08D300F0B5
:10B2000032F9A64206D213F8015B06F8015BF8E7B3
:10B21000034629E0A2EB080C88442CF0030E04EB53
:10B220000E035FEA887115D0182101EAC8090021D0
:10B23000A1EBC80101F0180A28F003010D1D0968EF
:10B240009C420DD221FA09F602CD01FA0AF23243EC
:10B2500004C4F5E741469C4202D204C904C4FAE79B
:10B2600008EB0E010CF003021A44934204D211F8C9
:10B27000014B03F8014BF8E7BDE80007F0BDF0B55E
:10B2800003AF2DE9000F431A934211D28E18841890
:10B29000102A6FD304F0030C751E24F00309CCF1BF
:10B2A0000008A1450FD215F8013904F8013DF8E76F
:10B2B000102A4DD300F0D7F8A64229D213F8015B2B
:10B2C00006F8015BF8E7A2EB0C0EB0442EF0030287
:10B2D000A9EB0205C2F1000C5FEA88723AD028F0AF
:10B2E00003030022A2EBC80218211E6802F0180B0B
:10B2F0001A1F01EAC80A4B469D4235D206FA0BF1E5
:10B3000052F8046926FA0AF4214343F8041DF3E7CE
:10B31000A2EB080C88442CF0030E04EB0E035FEA4A
:10B32000887130D0182101EAC8090021A1EBC801B9
:10B3300001F0180A28F003010D1D09689C4228D26B
:10B3400021FA09F602CD01FA0AF2324304C4F5E704
:10B35000034622E071444A460439954204D251F82A
:10B36000043942F8043DF8E708EB0C0609EB0C043D
:10B370000EF00302A11A721EA14216D212F8013970
:10B3800004F8013DF8E741469C4202D204C904C4D6
:10B39000FAE708EB0E010CF003021A44934204D2C0
:10B3A00011F8014B03F8014BF8E7BDE8000FF0BDC1
:10B3B000F0B503AF4DF804BD102A09D3434205464A
:10B3C00003F0030403199D4204D205F8011BFAE7B8
:10B3D000054612E0121BCCB20825202D04D204FA37
:10B3E00005F66D003443F8E722F003051D44AB4237
:10B3F00001D210C3FBE702F003022A44954202D2B5
:10B4000005F8011BFAE700F036B8FFF7F2BEFFF7C8
:10B41000FCBF032A98BFFFF7F8BF08C9043A08C069
:10B42000F7E7FFF7F6BFFFF72ABFFFF7FCBFFFF70D
:10B43000FCBF0B4611461A46FFF7BABFD2B24FF017
:10B4400001335343032998BFFFF7F3BF08C0043902
:10B45000F8E70022FFF7EDBFFFF7FBBF0022FFF781
:10B46000EDBFFFF7FBBF4342064603F003080B4660
:10B4700000EB080470475DF804BBF0BD5B54484521
:10B48000524D4F76315D204F6E6C696E65210A001A
:10B490000000200000001000000000040000400038
:10B4A0002000000010000000000400004000000028
:10B4B0001500000016000000170000000100000049
:10B4C0000100000001000000010000000100000078
:10B4D0000000000001000000010000000100000069
:10B4E0000000000001000000030000000300000055
:10B4F0000300000001000000010000000100000046
:10B500000100000001000000000000000000000039
:10B510000100000001000000010000000100000027
:10B5200015000000160000001700000001000000D8
:10B530000100000001000000010000000100000007
:10B5400000000000010000000100000001000000F8
:10B5500000000000010000000300000003000000E4
:10B5600003000000010000000100000001000000D5
:10B5700001000000010000000000000000000000C9
:10B5800001000000010000000100000001000000B7
:04B5900039AD546617
:10C000000000000000000000FFFFFFFFFFFFFFFF38
:10C010000000000000000000FFFFFFFF0800FEFF1F
:10C0200000300020000800007F4342460100F40772
:10C0300000000B00010000000000000000000000F4
:10C0400000003C000B00000068000200F007000048
:10C050001400010000080000810000000000000042
:10C0600000000000480500004C05000050050000DD
:10C0700054050000580500005C0500006005000044
:10C0800064050000680500006C05000070050000F4
:10C090000300000001000000000000000A00000092
:10C0A0000100000000000000BFF34F8FBFF36F8F4F
:10C0B00000F002F8FEDEDEDEB0B502AFADF5906D49
:10C0C00000200421CDE9C6010121C890CDE9C310AB
:10C0D000E048C591C290C2A800F0C1FA002840F023
:10C0E00045820320ADF81C00DFF88404C10701D1AC
:10C0F00017210CE04FF060400168C907FCD04FF0F9
:10C1000060405B2101701621DFF86404013008AA49
:10C110000132009200F00302022A0AD14FF060427D
:10C120001368DB07FCD030F8022B02394FF0604374
:10C130001A8000224FF060430546052A06D01E688B
:10C14000F607FCD040CD01321E60F6E701F0030196
:10C1500002290CD3C2AD4FF060421368DB07FCD05C
:10C16000828A4FF060431A800239163001E01430A1
:10C17000C2AD012908D14FF060410A68D207FCD056
:10C1800000784FF0604108704FF0000A681C8DF88D
:10C190001FA0A7F10D04069008A8011D0291291DFA
:10C1A0000191811D4FF00A0B4FF0030801264FF05B
:10C1B00004090591A91D0230049103900B200A96F1
:10C1C00066900DF11F00099002200890C89608A8FB
:10C1D000CDE9C494CDE9C6A066A8C3904FEA084053
:10C1E000023000F056FA40B110F5807FC0F0BE81F9
:10C1F0006FF39F2848EA8028E8E70029ADF81C8003
:10C2000040F0B4819DF81F00A0F16E01062939D8D5
:10C210004FF00808DFE801F004217A767694C80030
:10C220000DF5CC781621404600F0D2FA07A8414619
:10C23000162200F0E1F9002800F095819DF8AC018C
:10C240004FF01708411E03299CBF9DF8AD1104292A
:10C2500040F2548107A8CB4982E1CDF820A3CDE973
:10C26000C69908A8C5904FEA0B40043000F01BFAAD
:10C27000002800F0F18010F5807FC0F01A8100F0F6
:10C28000FBF9EAE763284FF0080828D0642839D181
:10C290008DF898A107A866A9012200F0ADF9002841
:10C2A00000F061819DF898018DF82000CDF820A361
:10C2B000CDE9C6A9CDE9C46408A8C3904FEA0B40F4
:10C2C000073000F0E6F9002800F0128110F5807FB9
:10C2D000C0F0128100F0D0F9E8E700F0CDF9C6A86F
:10C2E00080E8000708A8C5904FEA0B40013000F035
:10C2F000DAF9002800F0E08010F5807FEDD207A881
:10C30000A2492DE107A8A44901222AE14FF017080C
:10C310004FF4B9744FEA0B40CDE96B9A0530CDE983
:10C320006954CDE9676A669066A800F098F900281C
:10C3300050D010F5807FC0F0198100F09DF9E9E739
:10C34000CDE966AA07A866A9082200F055F90028D9
:10C3500000F00981669D9DF89F019DF89E119DF852
:10C360009D219DF89C310995C2AD8DF823308DF843
:10C3700022208DF821108DF82000CDF820A3CDE9E2
:10C38000C6A9CDE9C48408A8C3904FEA0B40023087
:10C3900000F07FF9002800F0A58010F5807FC0F044
:10C3A000A58000F069F9E8E74FF044080BA8CDE953
:10C3B000096A80E820074FEA0B400330089008A87C
:10C3C00000F04DF9002855D010F5807F97D300F08C
:10C3D00053F9EBE7B1F5B97F40F0C880BDF8080329
:10C3E0004FF4B672ADF82000DDF80A5366AC04993C
:10C3F000204600F0D3F9059821464FF4B672CDF8E7
:10C40000225000F0CBF9BDF82050112D80F0AE8005
:10C41000069C4FF4B871204600F0D5F970200399BE
:10C420008DF8080300202246A7F10D04A8420AD087
:10C430000023172B03D0CC5CD4540133F9E7173118
:10C4400017320130F0E705FB08F0421C07A8C2AD27
:10C45000294686E01400FFFF042940F087806F2002
:10C460008DF808030020CDF80903042819D000F046
:10C4700014F9FAE7442979D1DDE901104022C29D7F
:10C4800000F08CF90698442100F09DF9742008957D
:10C49000C2AD8DF808030020442806D000F0FDF856
:10C4A000FAE707A8294605225BE007A829464522A6
:10C4B00057E007A8344953E0082957D1069B0020CC
:10C4C000DDE90812CDE908125860186063238DF881
:10C4D0000833082802D000F0E0F8FAE707A8294658
:10C4E00009223EE000292B4939D03FE0284936E0B7
:10C4F0000029214933D039E01E4930E09DED6A0A18
:10C50000009B10EE102ADDE96845DDE966CEDD60AE
:10C51000C2AD9C60A7F10D04C3F804E0C3F800C0ED
:10C520008DF820A08DF836108DF835001A61C6A858
:10C53000CDE9C48480E8400608A8C3904FEA0B40C8
:10C54000063000F0A6F828B110F5807F06D300F081
:10C5500093F8ECE701290A4901D007E0074907A849
:10C56000022200F01BF8BDF81C8027E6FEDE00BFAB
:10C57000ECC7000811C8000813C800080DC800085F
:10C580000BC800080FC8000809C8000803C8000845
:10C5900005C8000807C8000815C80008F0B503AFB3
:10C5A0002DE9000F8DB004460B2001900120268854
:10C5B000A7F11D0BCDE903120DF10409029005ADA1
:10C5C0004FF0000A4FF0040801200B9002A80A90D7
:10C5D0003004013000F055F840B110F5807F0AD3E7
:10C5E0006FF39F2646EA80262680EDE719B90DB045
:10C5F000BDE8000FF0BDFEDEF0B503AF2DE9000F82
:10C600008DB004460B20019041F28830009002204A
:10C610002688A7F11D0BCDE903124FF0000A029006
:10C6200005AD4FF00808E94601200B9002A80A90DA
:10C630003004033000F025F840B110F5807F06D3B8
:10C640006FF39F2646EA80262680EDE731B9B0FADF
:10C6500080F040090DB0BDE8000FF0BDFEDE2DE911
:10C66000F00F90E8F0074FF0000B00DF204629465E
:10C67000BDE8F00F7047FEDE6FF39F2B4BEA802B77
:10C68000704705902846CDE908BACDE90698FFF72E
:10C69000E6BFC2902846FFF7E2BF08AA2918125C3D
:10C6A00001304A707047C2902846CDE9C36AFFF74F
:10C6B000D6BFF0B503AF2DE90007102A08D300F06C
:10C6C00089F8A64206D213F8015B06F8015BF8E789
:10C6D000034629E0A2EB080C88442CF0030E04EB7F
:10C6E0000E035FEA887115D0182101EAC8090021FC
:10C6F000A1EBC80101F0180A28F003010D1D09681B
:10C700009C420DD221FA09F602CD01FA0AF2324317
:10C7100004C4F5E741469C4202D204C904C4FAE7C6
:10C7200008EB0E010CF003021A44934204D211F8F4
:10C73000014B03F8014BF8E7BDE80007F0BDF0B589
:10C7400003AF4DF804BD102A09D34342054603F058
:10C75000030403199D4204D205F8011BFAE70546BC
:10C7600012E0121BCCB20825202D04D204FA05F6E3
:10C770006D003443F8E722F003051D44AB4201D2BB
:10C7800010C3FBE702F003022A44954202D205F8E7
:10C79000011BFAE700F026B8FFF78BBFFFF7FCBFDD
:10C7A0000B4611461A46FFF7CABFD2B24FF001330B
:10C7B0005343032998BFFFF7F3BF08C00439F8E7D4
:10C7C0000022FFF7EDBFFFF7FBBF0022FFF7EDBF31
:10C7D000FFF7FBBF4342064603F003080B4600EB9E
:10C7E000080470475DF804BBF0BDDEDE5B434F4ECE
:10C7F00054524F4C4C455276315D204F6E6C696EF1
:10C8000065210A7401730173006F016E006E026E80
:0CC810000164016400000000C81692EFF3
:10D000000000000000000000FFFFFFFFFFFFFFFF28
:10D010000000000000000000FFFFFFFF0900FEFF0E
:10D02000001A0020000100007F4342460100E40195
:10D0300000000800010000000400000000000000E3
:10D0400000003C000200000000000000E0010000C1
:10D05000FF00010000010000490000000000000086
:10D06000000000005E0000416600009FFFFFFFFF20
:10D07000BFF34F8FBFF36F8F00F001F8FEDE80B576
:10D080006F4600F091F84DF2F4114FF06040C0F699
:10D090000001112200F002F830BFFDE7B0B502AF89
:10D0A000002A00F08080CB0710D00368DB0709D18D
:10D0B0000368DB0704BF03685FEAC37302D1036838
:10D0C000DB07F2D011F8013B013A037001F00303D2
:10D0D000022B12D1022A55D30368DB0709D103685A
:10D0E000DB0704BF03685FEAC37302D10368DB0791
:10D0F000F2D031F8023B023A0380002A53D022F0EA
:10D10000030C5FEA920E16D000230C4605E054F89B
:10D11000045B0133734505600DD00568ED07F6D15A
:10D120000568ED0704BF05685FEAC575EFD10568BE
:10D13000ED07F2D0EBE702F003026144022A10D3BC
:10D140000368DB0709D10368DB0704BF03685FEAF4
:10D15000C37302D10368DB07F2D031F8023B023A15
:10D160000380012A18BFB0BD0268D20719D1026836
:10D17000D20704BF02685FEAC27212D10268D20706
:10D18000F2D00EE0012A0ED10268D20709D102685E
:10D19000D20704BF02685FEAC27202D10268D207F6
:10D1A000F2D009780170B0BD80B56F4688B000201C
:10D1B0000421CDE9050101210790CDE902101420D9
:10D1C000CFF6FF700491019001A800F005F8002847
:10D1D00004BF08B080BDFEDE2DE9F00F90E8F00737
:10D1E0004FF0000B00DF20462946BDE8F00F7047E6
:10D1F000FEDEDEDE5B49444C4576315D204F6E6CD1
:0CD20000696E65210A000000060DC4568E
:10D800000000000000000000FFFFFFFFFFFFFFFF20
:10D810000000000000000000FFFFFFFF0900FEFF06
:10D82000001B0020000100007F4342460100CC03A2
:10D83000000002000100000000003C0001000000A8
:10D84000000048000400000000000000C8030000C1
:10D85000000001000001000059000000000000006D
:10D860000000000000100240000400000B00000057
:10D87000720000417A00009F000200410802009FF0
:10D88000BFF34F8FBFF36F8F00F002F8FEDEDEDED6
:10D8900080B56F468AB000F057F94DF6CC314FF0A5
:10D8A0006040C0F60001102200F0C8F800200821F6
:10D8B000CDE9020002A80022002305AC009400F08C
:10D8C00068F9002840F0AF8041F2000802ADC4F2D0
:10D8D00002084FF6FF7A4FF001090EE00121012204
:10D8E000002300F067F92846082100220023009455
:10D8F00000F04FF9002840F09680BDF81400504524
:10D90000F1D006994A1E042AE8D20799082900F2A4
:10D910008A80D2B2DFE802F0024A1A3208295DD1C9
:10D92000029B042B5AD803990FF2080606EB8306D4
:10D930004822B74600F061B800F006B800F074B8AD
:10D9400000F05AB800F054B84C2256E0082945D1EE
:10D95000029B042B42D803990FF2080606EB8306BC
:10D960002822B74600F049B800F006B800F05CB8CD
:10D9700000F038B800F034B82C223EE008292DD150
:10D98000029B042B2AD803990FF2080606EB8306A4
:10D990002822B74600F03AB800F006B800F044B8C4
:10D9A00000F024B800F020B82C222FE0082915D16F
:10D9B000029B042B12D803990FF2080606EB83068C
:10D9C0004822B74600F022B800F006B800F02CB8A4
:10D9D00000F01BB800F00EB84C2217E002217EE7E1
:10D9E00040220AE0382208E040220FE038220DE011
:10D9F000602202E0602209E0582201F01F0158F87D
:10DA0000023009FA01F1194308E0582201F01F0120
:10DA100058F8023009FA01F123EA010148F802102E
:10DA2000002122465CE7FEDE4DF6DC314FF060401F
:10DA3000C0F60001142200F001F8FEDEB0B502AF1E
:10DA4000002A00F08080CB0710D00368DB0709D1E3
:10DA50000368DB0704BF03685FEAC37302D103688E
:10DA6000DB07F2D011F8013B013A037001F0030328
:10DA7000022B12D1022A55D30368DB0709D10368B0
:10DA8000DB0704BF03685FEAC37302D10368DB07E7
:10DA9000F2D031F8023B023A0380002A53D022F040
:10DAA000030C5FEA920E16D000230C4605E054F8F2
:10DAB000045B0133734505600DD00568ED07F6D1B1
:10DAC0000568ED0704BF05685FEAC575EFD1056815
:10DAD000ED07F2D0EBE702F003026144022A10D313
:10DAE0000368DB0709D10368DB0704BF03685FEA4B
:10DAF000C37302D10368DB07F2D031F8023B023A6C
:10DB00000380012A18BFB0BD0268D20719D102688C
:10DB1000D20704BF02685FEAC27212D10268D2075C
:10DB2000F2D00EE0012A0ED10268D20709D10268B4
:10DB3000D20704BF02685FEAC27202D10268D2074C
:10DB4000F2D009780170B0BD80B56F4688B0002072
:10DB50000421CDE9050101210790CDE9021014202F
:10DB6000CFF6FF700491019001A800F005F800289D
:10DB700004BF08B080BDFEDE2DE9F00F90E8F0078D
:10DB80004FF0000B00DF20462946BDE8F00F70473C
:10DB9000FEDE2DE9F00F04460D4616461F46089B93
:10DBA0004FF0010B00DF204683E8E003BDE8F00FF3
:10DBB0007047FEDE2DE9F04804460D4616461F4626
:10DBC0004FF0020B00DFBDE8F088FEDE5B524343FE
:10DBD00076315D204F6E6C696E65210A4148423393
:10DBE000206E6F7420737570706F72746564210A93
:04DBF000A55A6C1EA8
:10E000000000000000000000FFFFFFFFFFFFFFFF18
:10E010000000000000000000FFFFFFFF0700FEFF00
:10E0200000400020001000007F4342460100F8122B
:10E03000000004000100000004003C00010000009A
:10E04000000048001100000000000000F412000071
:10E050001900010000100000910000000000000005
:10E060000000000000000008000010000700000091
:10E070004003000044030000E40D0000E80D000030
:10E08000EC0D0000800E0000840E0000880E0000E1
:10E090008C0E0000980F0000B8120000BC120000A7
:10E0A000C0120000C4120000C8120000CC12000010
:10E0B000D0120000FFFFFFFFBFF34F8FBFF36F8F42
:10E0C00000F08CFAFEDE8BB20022B2EB532F07D1A8
:10E0D000DA02C0F6000102F10062C0E9012101226A
:10E0E00002607047F0B503AF4DF8048D0022B2EB2B
:10E0F000512F01BF01F2FF110430425C002A00D011
:10E10000FEDE4FF0010C6FF0080340F2FE380025F0
:10E1100040F2FE7E00F801C0C3B14A1E82F0010643
:10E1200001364645ECD8845D84B18555445C002CAD
:10E13000E6D000294554E3D07145E1D85108425C4E
:10E14000002ADDD100F801C00133E5E75DF8048B5A
:10E15000F0BDF0B503AF2DE9E00FD1E90054A7F110
:10E1600026098E688A4680464FF4801BB6F5801FCC
:10E1700011D2E26848462946334600F097F917F86D
:10E18000200C10B117F81F0C48B100F0E0FF064456
:10E19000CAF80860EAE70320A8F8000014E037F89E
:10E1A000222C4FF4801317F81E0C46F0006102F089
:10E1B0001F0288F80C0057F8260C23FA02F2A8E890
:10E1C00007009019CAF80800BDE80E0FF0BDF0B5C1
:10E1D00003AF4DF804BD044600680D4688421CD3C9
:10E1E00005F01F00012104F1040C01FA00F00118F0
:10E1F0004A1E002D08BF0122E61C411E91420BD28F
:10E20000B1F5FF7F26D8335C0130002BF5D000201C
:10E210000CF8010001201AE0A5B1691E2046FFF7A5
:10E22000D6FF78B12068A84288BF0546490025601E
:10E23000B1F5FE7F08D88A1C231D985C50B90120D7
:10E24000985402E0002002E0002041F001015DF856
:10E2500004BBF0BDFEDEF0B503AF4DF8048D804683
:10E2600000680D4688421ED305F01F00012108F109
:10E27000030608F1040C01FA00F040F2FF33011824
:10E280004A1E002D08BF0122411E91420AD2994226
:10E2900029D2345C0130002CF6D000200CF80100AB
:10E2A00001201DE0BDB1691E4046FFF7D4FF90B1CB
:10E2B000D8F80000A84288BF05464900C8F80050B9
:10E2C000B1F57F7F09D88A1C08F10403985C50B926
:10E2D0000120985402E0002002E0002041F00101FA
:10E2E0005DF8048BF0BDFEDEF0B503AF2DE9000F45
:10E2F000ADF2144D0DF10409804609F104000C46FD
:10E3000040F2FF3100F0C0FF184EA7F1260A0920A5
:10E310004FF420454FF4801B0190B5F5801F12D2B9
:10E3200000F004FF17F8200C18B100F010FF0544AE
:10E33000F3E717F81F0CA8B9E90A4846FFF7D2FE21
:10E3400005F50065E9E708F1080001A940F204427B
:10E3500000F083FF0448C8E900400DF2144DBDE809
:10E36000000FF0BDFEDE00BFD4F2000847E5000854
:10E37000F0B503AF2DE9000F93B006462B481044CB
:10E38000B0F5762F50D29346CA6898460BF1784381
:10E39000A7F152008A46314600F088F837F84E4C13
:10E3A0000DF1200937F8501C17F84A2C37F8520C99
:10E3B0002346CDE900014846012100F0C5FDDAF809
:10E3C0001C50304659464A462023A84760BBDAF81D
:10E3D00020103046CDF81080884728BB04F01F007D
:10E3E0004FF48011DAF8108021FA00F0DAF8249066
:10E3F00058440394441E0DF1400A5C450DD3504629
:10E4000031462246C047109870B1129D30462946C9
:10E41000C84748B9A4EB1544EFE7DDE903100180D4
:10E4200013B0BDE8000FF0BDFEDE00BF0060FFF7D7
:10E43000F0B503AF2DE9E00F8046B868A7F1260AD2
:10E44000994616460C464FF420454FF4801B002891
:10E4500008BFA9F12009B5F5801F16D200F066FEAD
:10E4600017F8200C70B117F81F0C58B937F8220CA8
:10E4700045F00061494500F01F002BFA00F008D07C
:10E480000544E8E705F50065E5E70320A8F8000086
:10E4900009E017F81E1C88F80C1057F8261CC8E96C
:10E4A0000019C8F80800BDE80E0FF0BDF0B503AFC5
:10E4B0002DE9FF0BE9460E460446484620211D463D
:10E4C000904600F0E6FE05F1006130464A46202302
:10E4D000C04770BBBDF81E004FF6FE71022260807F
:10E4E00088424FF6FF7108BF0122401A18BF10463C
:10E4F0002080DDE904100840B0F1FF3018BF012092
:10E5000020729DE80F001A40B2F1FF3218BF0122BD
:10E510000840B0F1FF31E27118BF01210130BDF8B0
:10E520001C00A17108BF0920A08008B0BDE8000B45
:10E53000F0BDFEDEE0B502AF80B27A1E00210023FE
:10E5400000F0DAFD8CBD80B56F4610461A4600F02B
:10E550007AFE002080BD084611461A4600F09ABD9A
:10E5600000F0B2BD110D802908D806491140D20A29
:10E57000C0F60002C0E90112012100E000210160A3
:10E58000704700BF00F8FF0F80B56F461146FFF7D8
:10E590009AFD80BD80B56F46511EFFF794FD80BD8A
:10E5A00080B56F4688B027F81E1C00200421079014
:10E5B000CDE905010120049002200390A7F11E007F
:10E5C00002900548019001A800F057FD002818BFEF
:10E5D000012008B080BD00BF2400FFFF80B56F465A
:10E5E000ADF5D06DDFF82408142100F065FC4FF084
:10E5F000000A0420CDE99CA001209B90CDE9990A56
:10E60000C848CDF878A2989098AE304600F035FD15
:10E61000002840F0FA8300F001FCCDF828A006F1B4
:10E620000809CDE908AA12A808AC00F10408CDF841
:10E63000189020460C2101220023009600F00CFDCA
:10E64000002840F0E28399994FF6FF70BDF860B260
:10E65000834511D09AAB01290DCB18D029291DD0A3
:10E66000142919D015290CD01E290ED028290AD01A
:10E670000A290ED10A2112E0C807DAD000F0CEFB39
:10E68000D7E715210BE0282109E01E2107E0012131
:10E6900005E058460121ACE3142100E029210D28B2
:10E6A00080F0B383012900F020810A2900F0F8806E
:10E6B000142943D0152900F0C0801E2900F0A7803E
:10E6C000282940F0CE800721002840F091831C2AA1
:10E6D000C0F08E834FF42040CDF81CB014904FF062
:10E6E0000009DFF82C074FF0000B0025002600245E
:10E6F0001390781E129098A812A9FFF72AFDBDF872
:10E700006002032800F0F7809DF86C1200296FF07A
:10E710001F0108BF0135012808BF6FF027019A9A31
:10E7200059440128114401F1200B05D199980BF1AE
:10E73000080B0136406A81440134DCE70721012BD4
:10E7400008BF0C2840F05483BAF1000F40F05D83FD
:10E7500000F0DEFC9898002800F081809998C007AE
:10E760007DD00A98791EDDE90835DFF8A8260590E6
:10E77000A7F114009A9C00F0DFFC37F814BCBBF141
:10E78000030F00F05F8228196FF01F01BBF1010F2A
:10E7900008BF6FF0270157F80C2C1144884200F293
:10E7A000938200F0BCFC2020BBF1010F08BF2820A1
:10E7B0000026284400EB0905B44240F20D8306F11F
:10E7C00040004FF04009A04288BFA4EB060907991A
:10E7D000B9F1410F80F01983CDF8589098A8CDE990
:10E7E000121ACDE9146012A800F01CFC0A46072199
:10E7F000002840F0F782914540F0F482A81998A9CA
:10E800004A4600F047FC4E440028D5D0E9E20428EF
:10E810006FD1BAF1000F40F0F882089B791EDFF843
:10E82000F425CDF800A012A8FFF702FEBDF84800BD
:10E83000032840F07C810421DAE20721012B08BF84
:10E84000082840F0D582BAF1000F40F0DE8200F0D7
:10E850005FFC989818B19998800700F1E58107212D
:10E8600037E2042845D10C2A43D3BAF1000F40F017
:10E87000CC82089C4FF420401490DFF8940513904C
:10E88000781E129012A93046FFF763FCBDF86002B3
:10E89000032800F0AB81002C00F0AC81013CF1E7D3
:10E8A000042826D1BAF1000F40F0AF82791E30461D
:10E8B000CDF81CB0089DFFF717FDDDE99896A5F18E
:10E8C0002004F2680DF1480B0120234600905846C1
:10E8D0004946FFF7ADFDBDF84800032840F05F81D1
:10E8E00098AE0421DDF81890F2E1082801D1102A31
:10E8F0001AD207217CE24FF46640CDE90D5BCDE9E9
:10E9000010904FF476200F90002107981C23CDE93A
:10E910000B460BAA00F0F0FB98AEDDF8189008AC9F
:10E9200087E600BF1400FFFFBAF1000F40F06D82D0
:10E93000791E3046CDF81CB0089CFFF7D5FC04F1D9
:10E940001F004FF0FF31B0FA80F021FA00F0411CB7
:10E95000C80A01284FF0010088BFC80A24F001014D
:10E96000203108BF0120B0F5007F00F23D81002179
:10E970004FF40073013101F01F0223FA02F29042BA
:10E98000F8D94D1E4846092D28BF09252946FFF70D
:10E9900062FC002800F028810DF1480901200C4696
:10E9A00000904846002100222B4600F0CDFA4FF09F
:10E9B000FF314FF40070A940E8402144DDE998465A
:10E9C0000131D6F81CC04A46202300FB01FB4FF062
:10E9D000006000EBCB212046E047002840F0158284
:10E9E000316A20468847002840F00F82099840F29B
:10E9F000FF11049040464FEACB2400F045FC08206C
:10EA0000A7F114061290CA48204405904FF48010D4
:10EA1000E84028380390C7488146C64800F566405C
:10EA2000814580F01181DFF8E8039490781E93907F
:10EA30004FF42040959093A93046FFF78AFB37F8B2
:10EA4000140C032838D00128F5D157F8106C042392
:10EA5000DDE99340D0F80CB006F1200117F8085C0E
:10EA6000CDE996AA96AA2046D847002840F0CD8145
:10EA700006F1240197AA20460423D847002840F035
:10EA8000C4819698411C12D097994A1C0FD04FF61A
:10EA9000FF72A7F1140620EA0202B2F1005F40F013
:10EAA000B4818145C7D308448145C4D23DE0A7F174
:10EAB0001406002DBFD0A8E109F16040FF21012517
:10EAC00040F2FE3C01EB102018F80010002940F045
:10EAD0009C816FF0070108F8005019B3421E82F0C4
:10EAE00001030133B3F5FF7F00F28F8118F8034073
:10EAF000C4B108F803A018F80030002B00F085819D
:10EB0000002808F800A000F08081604500F27D81B7
:10EB1000500818F80020002A40F0778108F80050CB
:10EB20000131DAE709F5807977E7814675E7BDF8C5
:10EB30004800032800F06981139DA7F11400B54A2D
:10EB4000791E05F17843FFF7B1FC17F80E0C002889
:10EB50004ED017F80D0C00284AD117F80C0C0028DD
:10EB600046D137F8121C012237F8103C37F8140C44
:10EB7000CDE900013046002100F0E6F92846314693
:10EB8000202200F087FA002840F03F8100F09CFA34
:10EB9000002840F03A815846FFF7CCFC49E548464A
:10EBA000314622465B46ADF848A0FFF7E1FBBDF8D1
:10EBB000481098AE98484FF4007201F01F01DDF83C
:10EBC0001890284422FA01F1C40A01EBD025AC4286
:10EBD00005D248462146FFF785FA0134F7E7079842
:10EBE000FFF7A8FC08AC24E5022171E00821FEE053
:10EBF0000121FDE0DDE99912BDF862322031ADF866
:10EC0000680201286FF01F00ADF86A32989108BFC2
:10EC10006FF02700104499905846002132460C238B
:10EC200000F06AFA08AC04E5DDE90834A7F1140045
:10EC3000784A791EDDF868B200F07EFA37F8145C85
:10EC4000032D34D10421D0E0DDF8189012AC4FF43C
:10EC500001722146484600F000FB6E4A791E059B72
:10EC60006B4899902046989100F066FABDF84800EC
:10EC700001282BD1049A4FF0FF31501EB0FA80F0DA
:10EC800021FA00F0411C080A01284FF0010088BF5A
:10EC9000080A012A4FF0010198BF084698AE08AC57
:10ECA000DDF81CB0B0F5807F46D90321A0E06FF0FD
:10ECB0001F01012D08BF6FF0270157F80C2C04EB42
:10ECC0000B001144884207D905218EE0042198AE3B
:10ECD00008ACDDF81CB08BE000F021FA2020012DFB
:10ECE00008BF2820002520448144AB4540F287809E
:10ECF00005F140004024584588BFABEB0504412C8A
:10ED000080F0838098AE09EB05012246304600F082
:10ED10009AFA0798CDE91564CDE913A5129012A8C7
:10ED200000F08DF910B925448C42DED0072159E05E
:10ED300020000008001A002000214FF480750131E6
:10ED400001F01F0225FA02F29042F8D94C1E082069
:10ED5000082C28BF044648462146FFF738FA002809
:10ED600051D04FF0FF3225FA04F0A2401144013196
:10ED7000DDF81490042348434FF0005101EB0020CC
:10ED8000049093904FF4803020FA04FBDDE998451D
:10ED9000EE69494647F814BC93AA2046B047A0BB89
:10EDA00009F10401A7F1140220460423B04760BB17
:10EDB000296A2046884740BB049800219A90102376
:10EDC0000398999005989890CDF86CB2079898AEF2
:10EDD000324600F091F9A0E5059880B100F074F991
:10EDE00068B1062198AEDDF81890DDF81CB008ACCB
:10EDF00058460122002300F07FF9FFF71ABC07985C
:10EE0000FFF798FB88E5032161E7FEDEACF200081E
:10EE1000D4F2000847E50008E0FFFFF7F0B503AFC4
:10EE20002DE9F80F2048142100F046F8204DA7F1F5
:10EE30002A08A7F11D064FF420444FF0000B4FF4B1
:10EE40008019BBEB145F25D1404631462A46234644
:10EE5000FFF72CFB17F8240C60B117F8230C37F8D8
:10EE600026AC68B1134944F0006204AB3046FFF7AA
:10EE70007FFA09E017F8230CA0B904F50064E0E775
:10EE800017F8220C0028EDD00AF01F0029FA00F034
:10EE90000444D6E705481E2100F00EF805B0BDE891
:10EEA000000FF0BDFEDE00BFC0F20008FCF200085B
:10EEB00047E50008D4F20008F0B503AF4DF804BDF3
:10EEC000C2070AD04FF060421368DB07FCD010F88D
:10EED000012B01394FF060431A7000F00302022A3F
:10EEE00006D14FF060421368DB07FCD000F028F930
:10EEF00031B38A0800234FF060440546934206D0A0
:10EF00002668F607FCD040CD01332660F6E721F0F5
:10EF1000030201F003011044022906D34FF06042BE
:10EF20001368DB07FCD000F00BF9012908D14FF082
:10EF300060410A68D207FCD000784FF06041087049
:10EF40005DF804BBF0BDDEDEF0B503AF2DE9000FC8
:10EF500089B001AD92460C46804628461C21FF220E
:10EF600099464FF0FF0B00F08AF9154E2846002114
:10EF70000122B047284608212246B04728461021E2
:10EF80005246B0473889ADF8209028B1012805D104
:10EF9000FF204FF0FE0B06E0FF2004E0D7F80CB096
:10EFA0001FFA8BF0000A8DF8230040468DF822B03E
:10EFB00001A9202200F047F909B0BDE8000FF0BD1B
:10EFC000C5EF0008D0B502AF0844013A0023082B72
:10EFD00005D0CC181F2C03D8C2540133F7E7D0BD9D
:10EFE000FEDEDFB506AF044690B201AA00F00DF8D0
:10EFF000019808B1002006E0DDE9020100F00300FD
:10F00000C4E9010101202060DFBD2DE9700804463C
:10F010000D464FF0060B00DF82E87000BDE8700877
:10F020007047FEDE2DE9F00990E8F0014FF0040B87
:10F0300000DF20462946BDE8F0097047FEDE2DE9D5
:10F04000F00990E8F0014FF0050B00DF204629465B
:10F05000BDE8F0097047FEDE2DE9F00F04460D46CD
:10F0600016461F46089B4FF0010B00DF204683E841
:10F07000E003BDE8F00F7047FEDE2DE9F00F90E8E9
:10F08000F0074FF0000B00DF20462946BDE8F00FE7
:10F090007047FEDE80B56F4688B000900020079074
:10F0A0000420CDE90500684604900648CDE9021227
:10F0B000019001A8FFF7E1FF002818BF012008B068
:10F0C00080BD00BF1F00FFFF80B56F4688B00020E5
:10F0D0000421CDE9050101210790CDE90210054881
:10F0E0000491019001A8FFF7C8FF002818BF012074
:10F0F00008B080BD2000FFFF2DE9F04804460D4612
:10F1000016461F464FF0020B00DFBDE8F088FEDE1A
:10F11000304600215A46CDF81CB0FFF762BF30469A
:10F120004021FF2257F8109C00F0A9B85046214614
:10F1300032462B46FFF7BAB9CDF800A0FFF778B9F1
:10F1400030F8022B02394FF060431A80704737F8CD
:10F15000220C00F01F002BFA00F07047F0B503AF4F
:10F160002DE90007102A08D300F095F8A64206D230
:10F1700013F8015B06F8015BF8E7034629E0A2EB10
:10F18000080C88442CF0030E04EB0E035FEA887130
:10F1900015D0182101EAC8090021A1EBC80101F02E
:10F1A000180A28F003010D1D09689C420DD221FAAE
:10F1B00009F602CD01FA0AF2324304C4F5E74146EA
:10F1C0009C4202D204C904C4FAE708EB0E010CF019
:10F1D00003021A44934204D211F8014B03F8014B85
:10F1E000F8E7BDE80007F0BDF0B503AF4DF804BD8A
:10F1F000102A09D34342054603F0030403199D4234
:10F2000004D205F8011BFAE7054612E0121BCCB246
:10F210000825202D04D204FA05F66D003443F8E7E2
:10F2200022F003051D44AB4201D210C3FBE702F0FC
:10F2300003022A44954202D205F8011BFAE700F0C6
:10F2400032B8FFF78BBFFFF7FCBF032A98BFFFF769
:10F25000F8BF08C9043A08C0F7E7FFF7F6BF0B4646
:10F2600011461A46FFF7C0BFD2B24FF001335343E5
:10F27000032998BFFFF7F3BF08C00439F8E7FFF789
:10F28000F3BF0022FFF7F0BFFFF7FBBF0022FFF73D
:10F29000EBBFFFF7FBBF4342064603F003080B46F4
:10F2A00000EB080470475DF804BBF0BD5B53544F9E
:10F2B0005241474576315D204F6E6C696E65210A7B
:10F2C0005B53544F524147455D20416E616C797AE2
:10F2D000696E670A000000000000000001000000E5
:10F2E00047E5000865E5000889E5000895E50008A0
:10F2F00057E5000861E50008A1E500085B53544F9D
:10F30000524147455D20416E616C7973697320639A
:10F310006F6D706C65746564210A0000BC38A26D65
:020000040801F1
:100000000000000000000000FFFFFFFFFFFFFFFFF8
:100010000000000000000000FFFFFFFF0700FEFFE0
:10002000001C0020000400007F43424601009C1693
:10003000000003000100000004003C000300600019
:100040000200700006000000880001009816000001
:100050000F000100000400009900000018160000C5
:100060008000000000480040000400000B00000079
:1000700000080048000400000B00000000000240DF
:10008000000400000B0000000D0000000200000052
:100090002700000001000000EC080000F00800004C
:1000A000F4080000F8080000FC080000D80B00006D
:1000B000020000000100000000000000FFFFFFFF41
:1000C000BFF34F8FBFF36F8F00F0A0F8FEDEF0B5E7
:1000D00003AF4DF804BD856804685DB14268C66829
:1000E000501B04EB4211B21A04EB4010520101F014
:1000F0007DFA00E0C668701B20645DF804BBF0BDAB
:1001000080B56F4688B00120042200900021CDE91F
:1001100003206846029004480791CDE9051201903A
:1001200001A801F015F9FEE70000FF0380B20122EB
:10013000002301F01AB9E0B502AF80B27A1E0021A7
:10014000002301F012F98CBD00F07CBF034600686B
:10015000008848406FF39F2030B191B29A681288AE
:100160008A4204D1002100E001215A681170002860
:1001700018BF01207047D1E900231A4304BF0120B2
:100180007047F0B503AF4DF804BD0468D1E9023201
:10019000D4E90045E41A75EB020417D24168D1E9AD
:1001A000000420430BD0D1E902040025C61A74EBE9
:1001B000020638BF0125002D1CBF2246034600243D
:1001C0000120C1E90004C1E9023204E0888B032167
:1001D000FFF7ACFF00205DF804BBF0BDE0B502AF57
:1001E000BC1E022027F8020C1921204600F0FBFF5C
:1001F00020460E2100F0F7FF2046192100F0C4FF31
:1002000020460E2100F0C0FFFFF77AFF80B56F4651
:10021000C4B0E24D00264FF0010B4FF00409681CFA
:100220000B961296CDE91069CDF83CB0CDE90DB62C
:100230000C900CA801F08CF8044600044FF0010863
:1002400025D00DF13008404601F077F8DDE90C12B9
:1002500042F210704FF08043091842F10002012071
:1002600001F04EF8CDF80080C8F200040BA804217C
:100270004FF08042234601F04FF830B9BDF830000E
:100280004FF6FF71884240F023834FF0010805F1DB
:100290000A00CDE91196CDE90FB6CDE90DB60C9067
:1002A0000CA801F055F8002840F01C830DF1F00A6D
:1002B0000120002104228DF8F0001291CDE91012E6
:1002C000CDE90E00CDE90C5A0CA801F041F8002848
:1002D00040F0088302200E21ADF830000CA800F099
:1002E000F7FE002840F0FE820CA80E2100F0A4FFCB
:1002F000002840F0F782AA4D01201F21286040F21B
:10030000B620E860286840F008002860286840F0BF
:10031000040028600220ADF830000CA800F0D8FEE0
:10032000002840F0DF820CA81F2100F085FF002884
:1003300040F0D8829B480A22016862F3175101609D
:10034000416A772262F30F21416202201921ADF840
:1003500030000CA800F0BCFE002840F0C3820CA8BE
:10036000192100F040FF002840F0BC820CAC19219C
:10037000204600F061FF002840F0B4828A49022242
:10038000086B20F0010008634FF480704860D1F8DA
:10039000A80062F30B20C1F8A80005F124008863CF
:1003A000DFF87005C86380204863086B20F01000F8
:1003B0000863086B40F440500863086B40F020006D
:1003C0000863086B20F440700863086B20F44060F9
:1003D0000863086B40F080000863086B40F00E0073
:1003E0000863086B40F001000863012001F004F885
:1003F000022001F001F8DFF82005112130968DF878
:100400009060ADF88C602296CDE92068CDE91E663B
:100410001C9600F017FE04F17800099004F16800C2
:10042000069035960DF58478CDE9336633AE01201C
:100430000A905E4A30460C210023CDF800A000F05F
:100440006BFF002840F04E82DDF8F4B04FF6FF70ED
:10045000BDF8F090814538D0ABF10101042959D2A3
:100460003E980D2880F03E82C9B2409ADFE811F034
:100470000400FF00A000C9000221012A08BF0428CF
:1004800040F01F810020002840F02C82339E20463F
:10049000ADF8E09038A9324600F095FA002800F057
:1004A0000C8100F08DFF3C98002800F008813D98F9
:1004B000C0071CBF3E9A002A00F001812046494631
:1004C000334600F053FB33AEB3E7BBF1000F00F14E
:1004D00010825FEA0B404BD5504600F02EFFDDE95D
:1004E0003C010024DDF87090CDE93601CDE93844B7
:1004F0001C9438A8439036A842900CAEA1450CD06D
:1005000040463146FFF737FE203601340028F5D14A
:10051000012504E048460121D4E000254C460CA802
:1005200000EB4416A1450DD040463146FFF723FEAF
:1005300020B1A6EB451000F053FF00E00135203656
:100540000134EFE75046CDF8FC90CDE93D950CAC79
:100550003C94FFF7BCFDDDE93801084306D0DDE936
:100560003A1201204FF4004300F0CAFE0C4D33AEA6
:100570005FEACB7000F0EB80EC69200640F1C580AB
:100580003098002800F0C1802898411C042880F091
:100590009E80AA20A8622891B7E000BF0A00FFFF52
:1005A000004800400008004800000240038000802E
:1005B0000221012A08BF082840F08380002000287B
:1005C00040F09081349E2046ADF8E09038A9324644
:1005D00000F0AAF9002870D000F0F2FE3C98002844
:1005E0006DD03D9880076AD53E9A002A67D033982F
:1005F0004946CDE900062046002300F041FA33AE1B
:1006000017E70221022A08BF08285AD10020002833
:1006100040F06881349D0DF1E00A2046ADF8E0908D
:100620005146A3462A4600F07FF9002800F0AC802E
:10063000584651462A4600F0C6F9002800F0B1801D
:10064000339C0DF1F00A0895002C00F0BC80BDF839
:10065000E0205046002100F018FE3C98AB4D18B148
:100660003D98C00740F0CF8002210CAC29E0022168
:10067000012A08BF042824D10020002840F032813C
:10068000339E2046ADF8E09038A9324600F04CF990
:1006900098B100F095FE3C9888B13D9880070ED542
:1006A0003E9A62B100204946CDE900002046002371
:1006B000049600F023FA33AEBBE6012100E00221EC
:1006C00033AE48460122002300F04FFEB1E6062873
:1006D00009D2BDF8A610504409BA090CADF8F010C3
:1006E00010F8041C0AE0082854D2BDF89C105044AD
:1006F00009BA090CADF8F01010F8061CA9620998A7
:1007000000F08DFC289801302890E0060BD5804839
:10071000406B411E7F2904D2C0F180010CA800F07B
:100720004BFA10202862A00701D433AE08E00A98E3
:1007300033AE002800F0DF800220286200200A90FB
:10074000200700F1DB80012000F056FE0CAC5FEAD0
:100750008B707FF56EAE6E480068410504D481054C
:1007600006D400050CD5CEE040214FF4806002E0B5
:1007700080214FF40070664A5060204600F01CFA59
:10078000022000F039FE54E601210DF1F00A5F4D20
:100790005C4696E7279A0838904206D19DF8A80053
:1007A000F8E60DF1F00A01210FE010D9069800F0EB
:1007B00005FC0CA9064600F01FFC0028A5D1304618
:1007C000FFF7B9FCA1E702210CAC504D79E70023FB
:1007D000BDF8A4108DF8E0300123269A409338AB81
:1007E000CDE93E035046CDE93C1200F06FFD81F0AB
:1007F000010108432AD19DF8E0600998314600F0D4
:100800000EFCAE627EE73E9EEEB1BDF8E0205046A3
:10081000012100F03AFD3C98A8B13D98800712D51F
:100820003E9A82B1DDF820900123BDF8E010CDE9B9
:1008300000490CAC204600F023F9BDF8E01020463A
:1008400032464B463DE602210CAC39E7069800F0F3
:10085000B5FB07900CA900F0CFFBA0B3DDF87090BA
:100860000025DDF81CC01C201C95A94509D00CA949
:1008700001351FFA8CF2095A20309142F5D101223C
:1008800001E000224D460CA800EB4516A94510D00A
:10089000B18B1FFA8CF0814201D1013206E0A6EB48
:1008A0004210089200F09CFDDDE907C220360135B8
:1008B000ECE7CDF8FC90CDE93D920CA83C90504679
:1008C000FFF705FC114D07980221FFF72FFC1CE7ED
:1008D0000020002100224FF080430E9C00F010FD0C
:1008E000052C00D3FEDEB4F1040818BF4FF0010858
:1008F000CDE4FFF773FC0948112101E008480D2100
:10090000FFF722FCFEDE0748F6E700BF0048004084
:1009100000000240001C002000160108111601080A
:100920003316010822160108F0B503AF2DE9FF07C1
:10093000D0F840A08046ADF8002008F11E06BAF1BC
:10094000020018BF012007F8350C68460024039008
:10095000A7F13500C8F84040CDE9011001ADA2452E
:100960000BD036F8202B284636F8221CFFF7EEFB7A
:1009700001340028F3D1012601E00026544608EB9B
:1009800044150DF10409A24510D0EA8B4846A98B05
:10099000FFF7DCFB30B1A5EB46102946202200F022
:1009A0001BFE00E0013620350134ECE7CDE9066A94
:1009B000CDE9048A04A8FFF78AFB17F8350C08B0C4
:1009C000BDE80007F0BDF0B503AF2DE9F80FD0F892
:1009D00090908246ADF804200AF17606B9F1020043
:1009E00018BF0120002507F8290CCAF8905001A86B
:1009F0000490A7F12900CDE9021002ACA9450CD062
:100A000036F8142B204636F8161CFFF79FFB0135ED
:100A10000028F3D14FF0010B02E04FF0000B4D46E0
:100A200005EB8500A9EB0508CDF800A00AEB8000D6
:100A30000DF1080A00F16805B8F1000F16D0EA8937
:100A40005046A989FFF782FB50B10BEB8B0029467A
:100A5000404205EB800C91E85D008CE85D0001E010
:100A60000BF1010BA8F101081435E5E70099A9EB9A
:100A70000B00C1F8900017F8290C05B000F0B4BCC9
:100A8000F0B503AF2DE9000F8DB0054607A89846D5
:100A900091468A4600F051FC0A9A0DF11C0B0B9806
:100AA00043460592FA68069004929BE80308BA68E8
:100AB000801841F10001461C41F10004002051461C
:100AC00001900120009028464A46CDE9026400F0DA
:100AD00015F8BBF1000F05D00598301A069874EB95
:100AE000000006D20120314622464FF4004300F0B8
:100AF00007FC0DB0BDE8000FF0BDDEDEF0B503AFC2
:100B00002DE9000B046C022C2DD207F1080E6501B3
:100B100000EB4414D7E905C99EE84041A1830021B8
:100B20004651C4E9018EC4E90521016CA4F81E9068
:100B3000013101640C48C4E903C3816849060FD43C
:100B4000016841F480710160816841F001018160B8
:100B5000816841F040018160016841F0100101604D
:100B6000BDE8000BF0BDFEDE00480040B0B502AFAE
:100B7000D0F89040022C3FBF04EB840400EB8404C7
:100B8000002584F878503FBFA4F87630A4F874109C
:100B9000C4E91A5225673FBF06490A6842F080023D
:100BA0000A603FBFD0F890100131C0F89010B0BD7E
:100BB000FEDE00BF00480040B0B502AF0546406D04
:100BC00081421BD00C4606D9812C18D20C49221A1E
:100BD000014428460FE0802808D081280FD2084918
:100BE000C0F180020144284600F00CF8812C06D2A6
:100BF00003492846224600F005F86C65B0BDFEDECC
:100C0000001C0020F0B503AF2DE9000F95B000F1F6
:100C1000480B00F1600A814690465A30CDE9031234
:100C20000290CDF800B0B8F1000F00F04C81B9F897
:100C30005C00D0B1B9F85E00ADF81400002007F8F0
:100C4000590C069007F8510CB9F85A00B9F8581029
:100C5000081A84B2A04538BF4446089421D2039DA7
:100C600084B300F0C4FB013CFAE7D9F850100398B4
:100C7000042940F0C680D9F84C20C2F10401414556
:100C800028BF41460023994200F08E80D418042CDE
:100C900080F01D815A44C45CD4540133D9F84C20EF
:100CA000F1E7601E019012D9039DC346019E76B103
:100CB000BBF1000F00F00B8100F099FB013EABF19E
:100CC000010BF4E7002007F8520C09AD1BE0019975
:100CD000414580F0FC8003989AF80020415C09AD02
:100CE000914208D00121204407F8511CA8EB0401CF
:100CF0000694049103900020A9F85C00C9F8500004
:100D0000012007F8520CA7F159004FF00008D9F85C
:100D100040B04E46C9F84080109006A80F9003A836
:100D20000E9008A80D90A7F152000C9002980B901D
:100D3000A7F151000A9005A80990C3450AD028469A
:100D4000314600F0C5F8203608F101080028F4D13A
:100D5000012401E00024D84609EB4816C3450ED013
:100D60002846314600F0B4F820B1A6EB441000F05C
:100D700037FB00E00134203608F10108EEE7CDE949
:100D8000134BCDE9119B11A8FFF7A1F90898069A1A
:100D9000DDF800B0904253D917F8523C0499002B6B
:100DA00046D0D243024444E00A44A8EB0108042A96
:100DB0000844C9F84C20CDF810800390C0F083801F
:100DC0004FF480300024C9F85A000121B9F84800D6
:100DD00089F8604000BAC9F84C40000CA9F85E00E0
:100DE000B9F84A0000BA01EB1040A9F85800042CE9
:100DF0003FF419AF1BF80410504600F010F901340D
:100E0000F5E7A8F101080130013110F8012CCDE916
:100E10000308AA2A53D10429C9F850103FF42BAF74
:100E200001300131A8F1010818F10102EDD14AE0C9
:100E3000821A8A424BD8039B891A04911344039364
:100E4000029A11880844108017F8590CA0B3D9F8F9
:100E500040004FF0010E4D4609EB401C00200EF003
:100E60000103654520D005F12006D5E900542C4347
:100E70003546F4D056E906044FF0000E0D1A72EB19
:100E800004054FF0000538BF0125002D08BF22469C
:100E9000002B18BF2246002D08BF0146002B18BFAB
:100EA000014601203546DAE7002B4FF400431CBF12
:100EB0000021002200F024FADDF81080B3E60020C3
:100EC000C9F85000AFE615B0BDE8000FF0BDFEDE7A
:100ED000F0B503AF2DE9F80F04460E46C88B216824
:100EE0000988884209D16068007858B1A168B06962
:100EF0000988401A38BF0020B0610126304605B08D
:100F000000F072BA04F10C09D6E905AB99E80302C6
:100F100009680078404241FA80F5AAEB0B00A8422C
:100F200038BF0546D9F80400854245D83069D9F85C
:100F30000010B6F81C80CDE9008068460495CDE924
:100F400002B100F0D0F9F0B98D421CD1D9F80410EB
:100F500005EB0B00B061A9422ED3491BC9F8041060
:100F6000D9F8001001262944C9F80010A1690A68BF
:100F70002A440A605045C1D14046FFF7DCF8E069D9
:100F800006700026BAE7D9F80400A84214D3401B23
:100F9000C9F80400D9F800002844C9F80000A06985
:100FA00001682944016040460221FFF7BFF8E0696B
:100FB000012100260170A1E7FEDEDEDEF0B503AF01
:100FC0004DF804BD04460B48016821F08001016022
:100FD000A06A70B1461E1422A58906EB860004EBB8
:100FE0008001204600F0FEFAA66228465DF804BBA8
:100FF000F0BDFEDE00480040D0B502AF82B2086C02
:10100000430118463BB101F12004898BA0F1200374
:1010100091422146F5D1002818BF0120D0BDB0B5BE
:1010200002AF0278C9B28C234A400021082907D2B6
:1010300083EA5204D50708BF540801312246F5E778
:101040000270B0BDF0B503AF4DF804BDC2070AD0C1
:101050004FF060421368DB07FCD010F8012B013918
:101060004FF060431A7000F00302022A06D14FF0DD
:1010700060421368DB07FCD000F0C6F98A08002341
:101080004FF060440546934206D02668F607FCD030
:1010900040CD01332660F6E721F0030201F00301A1
:1010A0001044022906D34FF060421368DB07FCD0DE
:1010B00000F0AAF9012908D14FF060410A68D2076F
:1010C000FCD000784FF0604108705DF804BBF0BDC3
:1010D000F0B503AF2DE9000F8BB0044603A800F074
:1010E00021F800F08CF918D000F055F900F06DF9F6
:1010F000013000F05DF930B1024610F5807F05D374
:1011000000F068F9F2E759B9002006E01046022A1B
:1011100018BF0320012A08BF10460BB000F064B9C5
:10112000FEDEDEDE6FF00D0252FA81F1112918D8D1
:10113000DFE801F0090F170B1C1E17171717170D03
:10114000111717152622122113E0152111E0002195
:1011500017E013210DE001214160002112E0002180
:101160000BE005210170022141607047162100E06B
:1011700017214160032105E002214160012101E0C6
:101180000121416001707047F0B503AF2DE9000FF8
:101190008BB0044603A8FFF7C5FF9DF80C00052897
:1011A0001CD00499A7F11D0A26880DF104090DF140
:1011B0000C0800254FF0080BCDE9010100F005F9FE
:1011C000023000F0F5F840B110F5807F06D36FF3E0
:1011D0009F2646EA80262680F0E719B90BB0BDE8C5
:1011E000000FF0BDFEDEF0B503AF2DE9000F8BB0B0
:1011F000044603A8FFF796FF00F001F918D000F0AD
:10120000CAF800F0E2F8033000F0D2F830B102463C
:1012100010F5807F05D300F0DDF8F2E759B9002022
:1012200006E01046022A18BF0320012A08BF104614
:101230000BB000F0D9B8FEDEF0B503AF2DE9000F1A
:101240008BB0044603A8FFF76DFF00F0D8F818D064
:1012500000F0A1F800F0B9F8043000F0A9F830B1BE
:10126000024610F5807F05D300F0B4F8F2E759B9D3
:10127000002006E01046022A18BF0320012A08BFFA
:1012800010460BB000F0B0B8FEDEDFB506AF044686
:1012900090B201AA00F00DF8019808B1002006E014
:1012A000DDE9020100F00300C4E901010120206032
:1012B000DFBD2DE9700804460D464FF0060B00DF38
:1012C00082E87000BDE870087047FEDE2DE9F00985
:1012D00090E8F0014FF0040B00DF20462946BDE8FE
:1012E000F0097047FEDE2DE9F00990E8F0014FF0BB
:1012F000050B00DF20462946BDE8F0097047FEDEF9
:101300002DE9F04804460D4616461F464FF0030BE4
:1013100000DFBDE8F088FEDE2DE9F00F04460D4643
:1013200016461F46089B4FF0010B00DF204683E85E
:10133000E003BDE8F00F7047FEDE2DE9F00F4FF03F
:10134000090B00DF80E8F003BDE8F00F7047FEDE18
:101350002DE9F00F90E8F0074FF0000B00DF20467A
:101360002946BDE8F00F7047FEDE2DE9F04804463F
:101370000D4616461F464FF0020B00DFBDE8F08811
:10138000FEDE2DE9304804460D464FF0070B00DF26
:10139000BDE83088FEDE2688A7F11D0A0DF104099C
:1013A0000DF10C0800254FF0080BCDE90110704736
:1013B00003904046CDE906A5CDE9049BFFF7C8BFE1
:1013C000504600214A46FFF760BF04200995089067
:1013D000300470476FF39F2646EA822626807047C6
:1013E0003146202200F0F8B8BDE8000FF0BD15F836
:1013F000011B5046FFF713BE0121FFF7C2BF9DF846
:101400000C1004980529704730F8022B02394FF070
:1014100060431A807047F0B503AF2DE90007102A2A
:1014200008D300F0E5F8A64206D213F8015B06F8EF
:10143000015BF8E7034629E0A2EB080C88442CF096
:10144000030E04EB0E035FEA887115D0182101EA40
:10145000C8090021A1EBC80101F0180A28F0030116
:101460000D1D09689C420DD221FA09F602CD01FA40
:101470000AF2324304C4F5E741469C4202D204C951
:1014800004C4FAE708EB0E010CF003021A4493427D
:1014900004D211F8014B03F8014BF8E7BDE800074F
:1014A000F0BDF0B503AF2DE9000F431A934211D2FE
:1014B0008E188418102A6FD304F0030C751E24F0C4
:1014C0000309CCF10008A1450FD215F8013904F841
:1014D000013DF8E7102A4DD300F08AF8A64229D240
:1014E00013F8015B06F8015BF8E7A2EB0C0EB044C1
:1014F0002EF00302A9EB0205C2F1000C5FEA88722C
:101500003AD028F003030022A2EBC80218211E687B
:1015100002F0180B1A1F01EAC80A4B469D4235D249
:1015200006FA0BF152F8046926FA0AF4214343F84B
:10153000041DF3E7A2EB080C88442CF0030E04EB27
:101540000E035FEA887130D0182101EAC809002132
:10155000A1EBC80101F0180A28F003010D1D09686C
:101560009C4228D221FA09F602CD01FA0AF232434E
:1015700004C4F5E7034622E071444A460439954223
:1015800004D251F8043942F8043DF8E708EB0C06A0
:1015900009EB0C040EF00302A11A721EA14216D22E
:1015A00012F8013904F8013DF8E741469C4202D2A5
:1015B00004C904C4FAE708EB0E010CF003021A4454
:1015C000934204D211F8014B03F8014BF8E7BDE850
:1015D000000FF0BDFFF71FBFFFF7FCBFFFF761BFB4
:1015E000FFF7FCBFFFF7FCBFFFF7F8BFFFF7FCBF3B
:1015F0004342064603F003080B4600EB080470471D
:101600005B5541525476315D204F6E6C696E652199
:101610000A55415254204672616D65204572726FC1
:10162000720A476F74206572726F72206F6E204469
:101630004D410A55415254204F76657272756E0ABB
:10164000AAAAAAAAAAAAAAAAAAAAAAAAAAAAAAAAFA
:10165000AAAAAAAAAAAAAAAAAAAAAAAAAAAAAAAAEA
:10166000AAAAAAAAAAAAAAAAAAAAAAAAAAAAAAAADA
:10167000AAAAAAAAAAAAAAAAAAAAAAAAAAAAAAAACA
:10168000AAAAAAAAAAAAAAAAAAAAAAAAAAAAAAAABA
:10169000AAAAAAAAAAAAAAAAAAAAAAAAAAAAAAAAAA
:1016A000AAAAAAAAAAAAAAAAAAAAAAAAAAAAAAAA9A
:1016B000AAAAAAAAAAAAAAAAAAAAAAAAAAAAAAAA8A
:0416C0001C55AA6E9D
:102000000000000000000000FFFFFFFFFFFFFFFFD8
:102010000000000000000000FFFFFFFF0700FEFFC0
:1020200000380020000800007F4342460100241DC4
:102030000000050001000000040000000000000096
:1020400000003C00100000007C000200201D000089
:102050001E000100000800009900000000000000C0
:10206000000000007C1400008014000084140000B4
:10207000881400008C1400009014000094140000D8
:10208000981400009C140000A0140000A414000088
:10209000A8140000AC140000B0140000041C0000E0
:1020A000481C0000040000000100000000000000C7
:1020B000030000000100000000000000FFFFFFFF20
:1020C000BFF34F8FBFF36F8F00F09AFAFEDEDEDEB4
:1020D00080B56F4688B00120042200900021CDE930
:1020E00003206846029004480791CDE9051201904B
:1020F00001A801F094FCFEE70000FF03D0E90032E4
:102100009A421FBF591C01601844017AD01A18BFA7
:1021100001207047D0E930239B1A03F00F038B4254
:1021200081BF114401F00F0101EB410100EB81007F
:1021300082BF012141727047FEDEB0B502AFD0E927
:102140002034A34202D21B1B7F3303E086BFE5434A
:102150002B447F239A4238BF13461A466AB1802C1B
:102160000DD211F8015B013A0555D0F884400134D5
:1021700004F07F04C0F88440F0E71846B0BDFEDEEE
:1021800088423EBF401A0F30704792BF0F20C943AC
:1021900008447047F0B503AF4DF804BDD0E92056B0
:1021A0006C18751B05F07F05691A8B4238BF1946FC
:1021B0000B463BB104F07F04013B055D013402F89E
:1021C000015BF6E708465DF804BBF0BD01F07F4215
:1021D000B2F1006F07D0B2F1005F0CD14FF4B272D0
:1021E0004FF0604303E04FF4B0724FF078438058F3
:1021F000194408447047FEDEF0B503AF2DE9800FA7
:1022000000F1D00B1E4691460C4605464FF0000AE1
:1022100054451AD901F041FCA8B9D5F85C018642B1
:102220001ED3884609EB0001321A5846FFF785FF96
:10223000D5F85C11C2440844C5F85C01B042E7D14E
:1022400001F02BFC18B1022007E0012005E001EBB2
:102250000A00001BB0FA80F04009BDE8080FF0BD8D
:10226000FEDEDEDE064A1040CAB2104401F400620F
:1022700001F4774140EAC23040EA0110704700BFE4
:10228000008FF0FB4FF4E0624FF4006102EA10129D
:10229000C3B201EAD0311A4411444FF4704202EA49
:1022A000101008447047F0B503AF2DE9000FA7B038
:1022B000CDE90523064607A88A46802101F0A2FC45
:1022C000BAF1000F36D0D6E954B00DF11C08D6F89B
:1022D00058510024049006F1D00003900498AAEB12
:1022E0000403A0EB0B0000F07F00984238BF0346C8
:1022F0000BB3039800214246FFF74CFF8146584438
:1023000000F07F0B0598069A4346D0E90101C6F814
:1023100050B1CDE900922A4600F0AEF868B94D44BC
:1023200000204C44B9F1000FC6F8585106D054456E
:10233000D4D303E00024002000E00120214627B090
:10234000BDE8000FF0BDE0B502AF0022D030019231
:1023500001AA0423FFF71EFFBDF80400BDF8061014
:1023600041EA00408CBDB8B503AFADF80020120CB7
:1023700027F80A2CA7F10A03D0F85021D0301144D5
:102380000022022A02D001F08FFBFAE7023100227C
:102390006B46022A02D001F087FBFAE7B8BDB0B560
:1023A00002AF0278C9B28C234A400021082907D223
:1023B00083EA5204D50708BF540801312246F5E7E5
:1023C0000270B0BDF0B503AF2DE9C00B8146A1F19D
:1023D0000108A7F1190600200D464C4607F8190C14
:1023E000012D07D08DB114F8011B3046FFF7D7FF40
:1023F000013DF5E719F8080017F8191C081A18BF6D
:102400006FF01D00BDE80C0BF0BDFEDEF0B503AFB4
:102410002DE9000F8FB00446406801AEBD6823C6A9
:102420000120A7F11D0B26890DF10409CDE9052333
:102430004FF0000A049007AD4FF00C0801200D90FA
:1024400004A80C903004143007902846CDE90ABA4D
:10245000CDE9089801F0E3FA30B110F5807F06D39A
:1024600001F0FFFA2681E9E729B9002000E0E62023
:102470000FB001F025BBFEDEF0B503AF2DE9E00F94
:10248000D7E902561C468A4681464FF0000B4FF0B2
:1024900000080292454514D07068032820D814F82B
:1024A00008103154706801307060800706D15046C2
:1024B0003146042200F015F8C6F804B008F101080E
:1024C000E8E7029900200090484622462B46FFF795
:1024D0009DFFC0B2002818BF0120BDE80E0FF0BD5F
:1024E000FEDEF0B503AF4DF804BD012493074FEABB
:1024F000920318BF04EB9203046800254BB12E1D14
:102500000AD0964208D84D59013B6C4004603546CC
:10251000F4E75DF804BBF0BDFEDEDCB504AF1446A5
:102520000A46416891420ED90421009327F80A1CFB
:1025300023460168A7F10A0001F076F9B0FA80F0AD
:102540004009C000DCBD0020DCBDE0B502AF07F8EB
:10255000011C791E012201F00BFA002818BF4FF070
:10256000FF308CBD80B56F4601F002FA002818BF1D
:102570004FF0FF3080BDF0B503AF2DE9000F91B0F3
:102580000446052002904CF2503007F85D1CA7F17C
:102590005D0101900220069001202688A7F11D0B05
:1025A000CDE907230DF1040905904FF0000ACDE9AC
:1025B000030109AD4FF0080802200F9003A80E9008
:1025C0003004043009902846CDE90CBACDE90A98C8
:1025D00001F025FA28B110F5807F05D301F046FA05
:1025E000EAE759B9002105E04FF0FF31032808BFA1
:1025F0006FF01801084611B001F062BAFEDEDEDEAF
:1026000080B56F46ADF5826DEC48002601254FF090
:102610000409013012969196CDE98F698E95CDE926
:102620008C568B908BA801F0FAF90446000423D055
:102630000DF50B78404601F0E7F9DDE98B1242F227
:1026400010704FF08043091842F10002012001F0A0
:10265000BEF9CDF80080C8F2000412A804214FF0A2
:102660008042234601F0BFF930B9BDF82C024FF685
:10267000FF71884240F0FE8691968EA880E8600245
:10268000CDE98C56CD4E06F10A008B908BA8B04652
:1026900001F0C5F9002840F0F78601F0EDF90DF5DD
:1026A0000B7B8DF8BCA0CDF844925846CDE98F95B0
:1026B000CDE98DAA2FAECDE98B8601F0B0F90028C7
:1026C00040F0E28603201121ADF84C00DFF8D80D70
:1026D00000F014FF06F1D000069026A800F10801D2
:1026E000053007910B90BDF84C4005200DF14E01CF
:1026F000E9900220ADF84E903190CDE92F01CDF850
:1027000044A2CDE98F96F9A8CDE98D50E9A88C9027
:102710002004023001F0A1F948B110F5807F2AD3DE
:102720006FF39F2444EA8024ADF84C40E7E70DF1B5
:102730004E06002940F0A886DFF8740D1B2100F03A
:10274000DDFE9DF84E40A4F1CA00042800F2B781D6
:102750000AFA00F010F0130F00F0B18100200121FF
:102760008DF82C02C9070CD0315C5846FFF717FED4
:1027700001200021F6E7DFF8340D142100F0BEFE41
:102780009DE19DF84F009DF82C12814240F0978109
:1027900048200DF1BC0800268DF8300288488DF8DD
:1027A00032628DF831428B908DF8A463062E06D0EC
:1027B0001BF80610E9A8FFF7F2FD0136F6E79DF8D1
:1027C000A40341468DF8320207228B982F90DDF842
:1027D0002F02CDF8BF0013A801F0CAF8002840F07E
:1027E0005386DFF8D00C1E2100F088FECA2C0DD0D5
:1027F000724ECB2CB04628D1ADF8E453F9A9584617
:1028000001F040F88B9810B3E6244FE114AC3D2161
:10281000204601F0F7F913A8012122463D23FFF7D6
:10282000AAFE664E04460006B04640F041810024F0
:102830008DF8A4432FAE3C2C00F0E28014A8015D7B
:10284000E9A8FFF7ACFD0134F5E7E32433E18C9E02
:1028500014AC4FF000080D96B04500F01281F9A9B4
:102860005846424601F04BF8BDF83402032800F008
:102870000B8608F101080128EED1CDF844802146ED
:10288000DDE98B08DFF8302CCDE91408E9A800F069
:102890009BFEE99E002E00F0AF80EA9C5846314630
:1028A000224600F0C9FE01F0C7F840F0F880DDF8DC
:1028B000390231460F902246BDF837021090584633
:1028C00000F0DFFE01F0B8F840F0E980DDF83102F9
:1028D00021460E90304600F047FFC00740F0DF80F1
:1028E00045460DF50B780C46112140464FF0040A81
:1028F00001F088F9109804F001040026ADF8C40036
:1029000002202F9630902FA8FFF7F8FBC00705D0C4
:10291000112E00F0B98501F0B5F8F4E70F98CDE974
:102920002F9A31902FA800F0DDFDC00705D0112EA1
:1029300080F0AA8501F0A6F8F4E7CDE92F9A319549
:102940002FA800F0CFFDC00705D0112E80F09C8588
:1029500001F098F8F4E7CDF8C0A00BEB060A4FF0B1
:10296000000925460E98CDF8BC9031902FA806EBB3
:10297000090400F0B7FDC00709D0112C80F0848550
:102980000AF8091008F1010809F10109EEE702202F
:102990004FF000094FF0010AADF8C4503090CDF867
:1029A000BC902FA8FFF7AAFBC0070BD0112C80F01A
:1029B0006B8508F8011B0134F3E700BF0A00FFFF35
:1029C0004F4C4C45002404258DF8BC402FAE102CF4
:1029D00006D01BF804103046FFF7E1FC0134F6E79F
:1029E0009DF8BC0059468DF83C0213A81122FFF750
:1029F000B9FD14AC000656D10D9EDDF844802BE7DE
:102A00009DF88C009DF8A413814238D13146DFF83F
:102A1000AC6A3C2030905846324614AC2F9400F0FB
:102A2000D3FD8B98E8B33C203246CDE9244024A95D
:102A3000584600F0C9FD8B9CF4B18C9D5846214648
:102A40002A4600F0F9FD00F0F7FF15D1BDF84F025E
:102A5000214611902A46DDF849020F90BDF8450243
:102A60000E90BDF8410210905846BDF83D6200F04E
:102A7000E3FD00F0E1FF33D0E424042518E0E22474
:102A800016E0ADF82C9213A859460222FFF76AFD12
:102A900004460006A44808BF0024804606E0E4245B
:102AA00002E0E42404E0FF249F4EB046200606D056
:102AB000E0B2FF2803D013A82146FFF746FD08F136
:102AC00002008B905846CDE99059CDE98EA9CDE909
:102AD0008CA900F0A4FF002840F0E0842FAE02E6AD
:102AE000584621462A460D96DDF8336200F0C9FDAE
:102AF00000F0A2FF02D08C4EE4240DE0584621469F
:102B00002A46DDF831A200F097FD00F095FF06D0CF
:102B1000E424854E00F0CFFF0425B046C8E70DF150
:102B2000BC08CDE9E96ADDF85102042600F0A4FFF3
:102B300010240C900820CDE99059CDE98E848D9019
:102B4000E9A88C903004013000F087FF28B110F51F
:102B5000807F33D300F085FFECE7102940F09484A8
:102B6000DDE92F200B99099031980890100E88709C
:102B7000100A08800A928DF89C2013A826903C2207
:102B8000ADF8A060CDF8A49029A814AC2146FFF7B9
:102B9000A8FCCDF8009026A8002122463C23FFF790
:102BA00035FC614E04460006B0465CD126980221F1
:102BB000FFF7CBFC00060DD0FF2454E000F02FFE01
:102BC000594E00F00E006FF01904022808BF6FF094
:102BD0001A04A2E7DFF8E8081C2100F08FFC584631
:102BE000412101F00FF80F984FF03C080E9980003A
:102BF00000EBC1000D990844DDE91021114401EBFF
:102C0000410100EB810040284FF0400538BF0546E8
:102C1000002847D011906E1C2698A0215A463346B2
:102C2000FFF7A9FC044600061AD158463146FFF7C3
:102C3000C9FB0446000613D129A859462A46FFF7C6
:102C400050FCCDF8009026A841465A462B46FFF787
:102C5000DDFB0446000603D11198A844401BD2E7CF
:102C6000314EB0460425BDF8A06027982F90CDF8CE
:102C70004492CDE98F95F9A8CDE98D502FA88C907D
:102C800030040A3000F0E9FE40B110F5807FC0F05A
:102C9000FB8300F0E6FEADF8A060E8E700293FF412
:102CA00007AFF1E3CDF800A026A84146012200239A
:102CB000FFF7ACFB044600061B4E4146DDE9092048
:102CC0004FF00405B046CED1CDE92B02DFF8F40772
:102CD0001091172100F012FCDFF8DC272BA95846D1
:102CE00000F072FC8B9860B18C99CDE92D01162112
:102CF000DFF8D40700F002FC00F0A2FE00F09CFE1A
:102D000001D0E424AFE7079EDDF839020F90BDF84B
:102D1000370231460E905846BDF84F4200F0B2FDE2
:102D20008B9818B1E6249EE70A00FFFF8C980022DA
:102D3000119004EB440080000994049000200D9051
:102D40001198824280F09F8031465846164600F026
:102D5000D6FD8B99BDF834228D980C46032A04BF0A
:102D60006FF01904104680B2032800F0948000F040
:102D70009280032A18BF0D0AE1B2324641EA0524C7
:102D8000721C0A99079E8C42DAD00128D8D1CDE96D
:102D900002252FAE2821304600F034FF282021469E
:102DA0000090002207983346282500F03DFD0028BA
:102DB00040F0BF80DFF804275846CDE9E965E9A96E
:102DC00000F002FC8B990F9C002900F0B0808C9AD7
:102DD000584600F031FC9DF82C02079E0999002806
:102DE00040F0A580DDF839020590BDF837020E9A53
:102DF000039D904203D10598A04280F09C800D9ADB
:102E000090B288423DD2DDF810904FF0000A4FF0AA
:102E1000FF340A440D92D14530D000F011FE00F08D
:102E20000BFE7ED1BDF84F020134844279D200F00E
:102E300007FE00F001FE70D1BDF84D0200218D911A
:102E40000C23CDE98B110AEB0001DDE92D02D668D8
:102E50005A46B047C0B208285FD1D34EDDE98C1086
:102E6000B04611B1059A8A425DD3079E0AF10C0A59
:102E70000028D0D005998142CDD954E0039D00F0BF
:102E80001AFE029A5CE70D980425099980B28842DF
:102E900006D0EA24E7E620064FF004057FF4E3AE0F
:102EA000DDE92D1229982A90584600F010FC00F018
:102EB000C3FD7FF426AFDDE92D1258468C9C00F04F
:102EC000BBFB00F0B9FD7FF41CAFDDE92D125846C5
:102ED0000125DDF8336200F0AFFB00F0ADFD1CD141
:102EE000DDE92D12DDF849021190584600F0EFFBA4
:102EF00000F0A2FD11D1DDE92D125846DDF8308237
:102F000000F0E5FB00F098FD07D1DDE92D125846F1
:102F100000F0B7FB00F090FD0FD0E424A24EB046C5
:102F200002E0E42400E0E92400F0C5FD9AE6E42490
:102F300098E6E62496E6EB2494E6DDF8390280B3C1
:102F4000301B04380F900020C0280AD00BEB000182
:102F500000224FF480734BF800200C300B814A6044
:102F6000F2E70698882100F04DFE109859468590AA
:102F70002FA8C02200F031FE089888900A98119975
:102F80004044083087900020CDE9610103218690FC
:102F9000CDE95F002698FFF7D8FA000607D0FF2496
:102FA000BCE700F04DFD00F047FDB6D1C8E7DFF803
:102FB0001C05142100F0A2FA00204121CDE989006E
:102FC000584600F01FFE0F984021402838BF0146A8
:102FD0000028109100F0E78110995A4626984E1C5F
:102FE000A0213346FFF7C7FA0446000696D158469B
:102FF0003146FFF7E7F9044600067FF48FAF29A8B2
:10300000109A5946FFF76DFA1198E89026A8E690B5
:103010002DA8E5902AA8E790DDE95F01081A0007CE
:1030200004BFDDE96101884200F07B8100208690C9
:103030001099884205D3DDE98301081A400600F0A3
:103040009181DDE96110DDF87C9188420E9107D114
:10305000DDF88081A8EB0900000740F0928073E161
:10306000DDF880810E99441A48464146FFF788F8FA
:103070008246844238BFA246BAF1000F00F0818038
:10308000E9A8402100F0BEFDBAF1110F80F0FC81EB
:1030900011980E99884240F2F78111980E99401AC2
:1030A0005045C0F0F1810E9800244FEA8008A245F7
:1030B00032D0DDE92D12F9A800F0BEFA9DF8E40344
:1030C000002840F086810E98DDF8011420448142EA
:1030D00040F27F81DDE92D12F9A800F0ADFA9DF8EC
:1030E000E403002840F07581BDF8FF030021F99149
:1030F000042308EB0001DDE92D02D668F9AAB047E8
:10310000C0B2082840F06581F998E9A908F10408DF
:1031100041F824000134CAE70E984FF000085044EB
:103120006190C2452BD0E9A850F82840A60F032E85
:1031300000F0AA81DDE95F094946FFF721F8D8B11F
:10314000B9F1100F80F0A0811020C4F3036100EAF0
:10315000146009EB49022FAB081A24F07F4143F8B1
:10316000220003EB820041600021417206726098E8
:10317000013000F00F00609008F10108D1E7DDE9AF
:103180005F98A8EB0900000700F0DC8009F00F0051
:103190002FA900EB400001EB8000417A31B109F129
:1031A000010000F00F09ECE70A00FFFFCDF87C9169
:1031B000D0F8049083AB0ECBA9EB0304511A109AFC
:1031C00001F07F0111448C4200F2D180869A10995F
:1031D0009142C0F05981109E0BEB0201D0F80080A3
:1031E00090F808A0B21A0698FEF7A7FF86995A46EB
:1031F00033460844869089A8E5A9CDE900102FA898
:103200002146FEF7F9FFC0B2002800F0AB8002288B
:1032100000F0DF80BAF1000F56D0DDE95F01091A36
:1032200001F00F01414540F22F8140442FA900F0E9
:103230000F0000EB400001EB8000406883AC16CC2F
:10324000031B0433511A01F07F019942C0F08A80B8
:10325000BAF1010F4E460DF1BC0A04BF06464846BE
:10326000011B0E915046FFF76EF8311B8146504608
:103270000D91FFF768F8824648464E46FFF702F880
:1032800081465046FEF7FEFFC9EA00412FA8FEF72F
:103290009DFF044630462146FEF7E4FF8146210C9F
:1032A0005046FEF7DFFF2FAE0E9904464A463046E1
:1032B000FFF759F80D9930462246FFF754F830468B
:1032C0000021FEF727FF26E0DDE98360801B10F078
:1032D0007C0F47D0DDF81482002406980423F9946B
:1032E000A9EB0801F9AAFEF755FFF9992FA8FEF7F7
:1032F0006DFFE99009EB0600A0EB0800042C08D054
:10330000E9A90219069B02F07F02095D0134995474
:10331000F4E74FF000082FA84146FEF7FBFE869821
:1033200086E6859C89A810995B46CDE9001026A801
:103330002AA92246FFF7A0F800284AD11098204475
:1033400085900FE0CDF87C9189A8E5A95A46CDE992
:1033500000102FA8109B4FF0FF31FEF74DFFC0B2B9
:10336000022836D0DDE90F01401A0F902BE62FA876
:10337000E5AA89AB8021FEF796FF50BB869810998D
:103380008142C0F0818010990BEB0003859C0E1ADE
:1033900089A9CDE9006126A82AA92246FFF76CF881
:1033A000B8B9A019CCE711984FF4B472EC9026A8E4
:1033B000EA902DA8E9902AA8EB902FA9584600F092
:1033C0000CFCE9AA89AB58464FF0FF31FEF76BFFC2
:1033D00008B1E624A2E500201421F9903C4800F051
:1033E0008DF82698F9AA04210423FFF7C4F80446AF
:1033F00000067FF493AD2A998B91F998299981421F
:1034000008D1009526A80C995A460423FEF7FEFF22
:10341000000601D0E82481E5DDE92D0100F0A4F9E2
:10342000C0077FF47AADC807F4D02A48172100F00E
:1034300065F80A9804212F9000209190CDE98F0122
:10344000CDE98D152FA88C9015480B3000F005FBA9
:1034500010B1EE24FFF75DBB1F48132100F04EF8BA
:103460002698FF21FFF771F80D4E044600F004FB8B
:10347000FFF71BBB0020002100224FF080438D9CF2
:1034800000F0A5FA052C00D3FEDE042C7FF4F4A88E
:1034900004480B2100F032F8FFF7EEB800F01EF8F8
:1034A0000A00FFFFDC3C0108E73C0108F83C01088A
:1034B0000C3D0108273D0108643C0108203C01083F
:1034C000303C01084C3C0108743C01088A3C01086E
:1034D0009E3C0108B23C0108C93C010880B56F461A
:1034E000FEF7F6FDD0E900329A421FBF591C016079
:1034F0001844017AD01A18BF01207047F0B503AF05
:103500004DF804BDC2070AD04FF060421368DB07D4
:10351000FCD010F8012B01394FF060431A7000F015
:103520000302022A08D102292BD34FF0604213680C
:10353000DB07FCD000F0C7FA71B38A0800234FF014
:1035400060440546934206D02668F607FCD040CD7D
:1035500001332660F6E721F0030201F00301104475
:10356000022906D34FF060421368DB07FCD000F05D
:10357000AAFA012910D14FF060410A68D207FCD0A5
:1035800006E0012908D14FF060410A68D207FCD05B
:1035900000784FF0604108705DF804BBF0BDB0B535
:1035A00002AF44688C4209D900684BB1A14209D2EC
:1035B000455C013B02F8015B0131F6E70020B0BD3C
:1035C0000820B0BDFEDEDEDEF0B503AF2DE9000B56
:1035D0008CB0D568914604464FF000080E46084668
:1035E0006A4600210423CDF80080A847C1B208290B
:1035F00010D11048009981420BD1A7F1410031460A
:103600004A4600F019F817F8410C50B117F8400C71
:1036100000E00120C4F8008020710CB0BDE8000B70
:10362000F0BD37F83C0C012802D1C4E90069F4E789
:103630000220EFE77F484246F0B503AF4DF8048D16
:103640008AB0E8460E46044640462821154600F05A
:10365000D9FAED683046002142462823A8470146A2
:10366000C2B2601C082A05D16946282200F0ABFAD4
:10367000002001E00170012020700AB05DF8048B89
:10368000F0BDF0B503AF4DF8048D86B00DF1040820
:103690000E46044614214046154600F0B3FAED6884
:1036A0003046282142461423A8470146C2B2601C76
:1036B000082A05D101A9142200F085FA002001E0B2
:1036C00001700120207006B05DF8048BF0BDF0B5EC
:1036D00003AF2DE9000F8BB00446A7F14500154656
:1036E0000E46FFF7A9FF00F0F5F923D100F0D0F95D
:1036F00037F8308CFFF7A0FF00F0ECF91AD100F09A
:10370000C7F937F82C9CFFF797FF00F0E3F911D1C8
:1037100000F0BEF957F828ACFFF78EFF00F0DAF999
:1037200008D100F0B5F937F822BCFFF785FF00F0AB
:10373000D1F908D017F8440C6070012020700BB04C
:10374000BDE8000FF0BD0BEB08014FEAC90000EB2C
:103750008A0001EB410100EB810037F8341C08447A
:103760003C3060600020E9E7F0B503AF2DE9000FC1
:103770008DB08A46044602A821465246FFF75CFFF8
:103780009DF8080070BBDDF80F500421DDF82DB066
:103790004FF0000900260194B5421AD9A5EB06089E
:1037A000B8F1040F28BF884600205E450DD0029076
:1037B0003146DAF80C400423019802AAA0470146DA
:1037C000C0B2082810D102980421464489EA0009B1
:1037D000E2E702A8019C52462146FFF72DFF9DF823
:1037E000080030B19DF8091001200DB0BDE8000FB0
:1037F000F0BD0020DDF82D10DAF80C500423029003
:1038000002AA2046A8470146C0B20828ECD1029877
:10381000A0EB0900B0FA80F041090020E5E7411E65
:10382000082928BF09207047F0B503AF2DE9000F24
:103830008DB00446B8682688A7F11D0BCDE90012AB
:103840004FF0000ACDE903300220029005AD4FF0A1
:103850000808E94601200B9002A80A9030041530B0
:1038600000F0F3F828B110F5807F05D300F0FEF8E2
:10387000F0E731B9002001E0FFF7D1FF0DB000F013
:103880001FB9FEDEF0B503AF2DE9000F8FB00C8835
:103890000DF104080DF120090D4600264FF01C0B18
:1038A0004FF0010A009004200E960D90200428305D
:1038B00008904846CDE90B8BCDE909A600F0AFF89A
:1038C00040B110F5807F0FD36FF39F2444EA80242A
:1038D0002C80E8E71C2911D1009C01A91C22201D85
:1038E00000F071F9002004E0FFF799FF009C606090
:1038F000012020600FB0BDE8000FF0BDFEDEF0B586
:1039000003AF2DE9000F8DB00E880DF1080ACDE947
:10391000010203AC0DF118098B4604254FF00C0889
:103920000020CDE90948CDE90B503004293006903C
:103930004846CDE907A500F072F838B110F5807F50
:103940000BD300F08EF8ABF80060E9E70C290ED13C
:10395000019B94E8070007C305E0FFF760FF019AA9
:103960000321118110600DB0BDE8000FF0BDFEDE37
:10397000F0B503AF2DE9000F8DB00446052001908E
:1039800001202688A7F11D0BCDE903120DF10409D2
:10399000029005AD4FF0000A4FF0040801200B9093
:1039A00002A80A903004013000F04FF828B110F559
:1039B000807F05D300F05AF8F0E739B9002002E023
:1039C000042828BF04200DB000F07AB8FEDE2DE9EF
:1039D000F04804460D4616461F464FF0030B00DF25
:1039E000BDE8F088FEDE2DE9F00F04460D461646D0
:1039F0001F46089B4FF0010B00DF204683E8E003E1
:103A0000BDE8F00F7047FEDE2DE9F00F4FF0090B17
:103A100000DF80E8F003BDE8F00F7047FEDE2DE91F
:103A2000F00F90E8F0074FF0000B00DF204629462A
:103A3000BDE8F00F7047FEDE9DF82C0200287047AD
:103A4000DDE92D125846FFF7F7BD05902846CDE970
:103A500008BACDE90698FFF7E2BF8B905846FFF70A
:103A6000DEBF6FF39F2646EA802670476FF39F26DE
:103A700046EA8026268070474FF0010A4FF0000981
:103A8000042570470BF8061008F10108013670474D
:103A9000A7F1450031462A467047D7E90223A4EB37
:103AA0000A012846FEF7FFBB8D189C5C05F07F05D8
:103AB0000132445570474FF0010A4FF0000970473A
:103AC000BDE8000FF0BD30F8022B02394FF0604323
:103AD0001A80704717F8450C00287047F0B503AFFF
:103AE0002DE90007102A08D300F08EF8A64206D26E
:103AF00013F8015B06F8015BF8E7034629E0A2EB47
:103B0000080C88442CF0030E04EB0E035FEA887166
:103B100015D0182101EAC8090021A1EBC80101F064
:103B2000180A28F003010D1D09689C420DD221FAE4
:103B300009F602CD01FA0AF2324304C4F5E7414620
:103B40009C4202D204C904C4FAE708EB0E010CF04F
:103B500003021A44934204D211F8014B03F8014BBB
:103B6000F8E7BDE80007F0BDF0B503AF4DF804BDC0
:103B7000102A09D34342054603F0030403199D426A
:103B800004D205F8011BFAE7054612E0121BCCB27D
:103B90000825202D04D204FA05F66D003443F8E719
:103BA00022F003051D44AB4201D210C3FBE702F033
:103BB00003022A44954202D205F8011BFAE700F0FD
:103BC0002BB8FFF78BBFFFF7FCBF032A98BFFFF7A7
:103BD000F8BF08C9043A08C0F7E7FFF7F6BF0B467D
:103BE00011461A46FFF7C0BFD2B24FF0013353431C
:103BF000032998BFFFF7F3BF08C00439F8E7002294
:103C0000FFF7F2BFFFF7FBBF4342064603F003088E
:103C10000B4600EB080470475DF804BBF0BDDEDE28
:103C20000000000008000000040000009F350108AB
:103C300057616974696E6720666F72207661726978
:103C400061626C65206865616465720A52656164D1
:103C5000696E67204842462066726F6D20666C610F
:103C600073680A0000000000080000000400000063
:103C70001B250108436865636B696E672064657086
:103C8000656E64656E636965730A57616974696E10
:103C90006720666F72207061796C6F61640A57618A
:103CA0006974696E6720666F7220747261696C65F1
:103CB000720A54727920746F207374617274206375
:103CC0006F6D706F6E656E740A436F6D706F6E65A9
:103CD0006E742073746172746564210A476F742076
:103CE0007374617465210A5B5550444154457631C3
:103CF0005D2048656C6C6F0A5B5550444154455DCE
:103D00002052656164206572726F720A5B5550447F
:103D10004154455D20476F742068656C6C6F206D61
:103D20006573736167650A5B5550444154455D2076
:103D300057726F74652068656C6C6F207265737064
:0C3D40006F6E73650A000000BC8BDA3562
:04000005080001AD41
:00000001FF
