S00C0000636F6E636570746F7325
S3FF08000000001A0020AD010008413900080F720008773B0008773B0008773B000800000000000000000000000000000000412D0008413900080000000061360008952D000841390008413900084139000841390008413900084139000841390008413900084139000841390008413900084139000841390008413900084139000841390008413900084139000841390008413900084139000841390008413900084139000841390008413900084139000841390008413900084139000841390008413900084139000841390008413900084139000841390008413900084139000841390008413900084139000841390008413900084139000841390008413998
S3B7080000FA00084139000841390008413900084139000841390008413900084139000841390008413900084139000841390008413900084139000841390008413900084139000841390008413900084139000841390008413900084139000841390008413900084139000841390008413900084139000841390008413900084139000841390008413900084139000841390008413900084139000841390008413900084139000841390008413900084139000841390008E6
S3FF080001AC80B56F460B480C494FF6FF72CFF6FF72814201D004C0FBE701F0C6FF01F0D0FF0348016841F47001016001F0D9FF00BF88ED00E040140020001A0020F0B503AF2DE9000F93B0CE4A1368DB070AD1136843F0690323F09403136013689B0701D400BFFAE7936813F00C0F07D000239360936813F00C0F01D000BFF9E791F82B304BB991F828B04FF00009BBF1020F12D091F829307BB9D2F8943043F00103C2F89430D2F894309B0701D400BFF9E791F828B04FF00109BBF1020F23D0936D43F080539365AF4B1C6844F480741C601923BBF1000F08BF0523D2F890402343C2F89030D2F890309B07FBD591F829304BB9D2F8903043F02003C2F8E9
S3FF080002A69030936943F40073936191F82530022B0FD091F824409D4D002C08BF05F5802515601468A403FCD51BB9146844F40024146091F830A0BAF10C0F32D191F82AC0BCF1000F0BD0D2F8984044F00104C2F89840D2F89840A40701D400BFF9E7BAF10C0F08D0BAF10B0F02BFD2F8884044F04064C2F8884091F82C40854EDFE804F002382233BAF10C0F3FD1012100200E91DFF8A4140D91119010900420DFF89C141DE00D24BBF1020F08BF0924156844EA0A1425F0F9052C4314601468A407BDD400BFFAE7022B1CD1012100200E91DFF858140D91119010900420DFF850140F900DA800F032FC022B0BD1BAF10C0F0CD140F26313136013685B0548
S3FF080003A0FCD50123B04608E0D1F82080022304E0DFF8243453F82A8000230A9391F82D405E4D042C0C9423460ED18B699BB1B8F1000F00F0EB81CB695B00B3FBF8F31B020B9300230C9303E0CB8D0B938B6913B101F11C0309E0BAF10C0F02D1504B013307E0DFF8D43303EB8A031B68AB4280F09C810C6894B14C68002C00F0BE81B3FBF4F4012C0BD0022C0BD0002C00F0C181E51E032D28D20925042404E00124002501E00825022409958D68B3FBF4FEA5B1CD68002D00F0A481BEFBF5F5012D0CD0022D0DD0002D00F0A9813446EE1E032E11D205250795042517E00024012501E004240225079411E0A51F062D80F032810A250824D7E7063D07266F
S3FF0800049A062D4FF0100538BF0626079638BF08252646BEFBF5F408959C4200F23F810D69CDF818C0CDF8048095B14969002900F06D81BEFBF1F101290AD002290BD0002900F07481CD1E032D08D2052504210EE0002501210BE00425022108E00639072506294FF0100138BF062538BF0821BEFBF1F8984500F2178106F1010C0595E6450493029111D2534649464FF4C06624E000BF0010024000700040630001000024F40001B4C404FF083D00B34DAE4504D25346494640F201660FE0B04D53464946AE4502D240F2026607E0AD4D40F204660235AE4538BF40F20366AA4D4FF0020A03942E600C9CDFE804F01B03161906004FF0040A14E0059C9C4657
S3FF08000594E502079C0C2B45EA0425099C08BF4FF0060C002645EA04150A9C67E04FF0060A01E04FF0080A0B9CD946C4F3072BBBF1070F40F2C580BBF1570F80F0C6800B9C012555FA84F5019CB4FBF5F5804CA54240F2C080654580F0C28005FB0BF58A4EB54240F2C180944EB54280F0C280794CB5FBFAF5A54280F0C1800B9C9C461668E5B226F0807616600A9C1668B60101D500BFFAE7D6688D4B33400C9E760665F306160BF07F05CB4646EA052525442B440133D360136843F080731360D36843F08073D36013689B0101D400BFFAE7936843F6F3750326AB43059D43EAC523079D43EA0523099D43EA0513DD1C9560089D9368C3F38103B34201D01B
S3FF0800068E00BFF8E7BCF10C0F02BF136823F00503136041770499C1600C99069A029E0429039B71460277C0F800E080F81AC046760576C0F80880436008BF0324BBF10202C47618BF0122012E827718BF4FEA48014161012D18BF4FEA430EC0F810E013B0BDE8000FF0BDA4F10C051C2D02D20B251024A1E6A4F12805382D02D20C2540249AE6A4F16005602D02D20D25802493E6C03C0F25C02C4FF4007438BF0E25099538BF4FF4807488E64D4821214D4A00F064FF48482121484A00F05FFF29482621294A00F05AFF33482021334A00F055FF33482121334A00F050FF32482A21324A00F04BFF32482B21324A00F046FF31482321314A00F041FF32483A
S3FF080007882421324A00F03CFF31482C21314A00F037FF194801F000F8194800F0FDFF1A4800F0FAFF0F4800F0F7FF11482821114A00F026FF0E482821104A00F021FF0C482821104A00F01CFFA4720008AC720008947500085072000868720008FF083D0001B4C404BC720008CC720008F47200081C750008447500080C750008647500085475000884750008747500080148E801016CDC02FF8FD003002002406C730008AC730008BC730008E0730008F07300081C7400082C74000858740008687400088C740008816FE8139C740008C0740008D0740008FC7400088C80FFF9387300085C730008047300082873000880B56F4600F000F880B56F4696B0A7
S3FF0800088206208DF854004FF08060CDF84E0002208DF84C008DF849000748109001200F9000200D900B90099001A809A9FFF79BFC04F0CBF800BF00B4C40480B56F468AB00A460146684600F004F8BDF80A000AB080BDB0B502AF8EB00446029201F10800104A019003A801A901F033FDDDE903010D4A00F01CF803AD02460B46114628461A4601F05EFD9DF80C0030B9691C2046282206F075FC0EB0B0BD034806F047FA00BFC4750008047600081476000800B1704780B56F46104606F039FA80B56F468AB00A4601466846FFF7C3FF03980AB080BDD0B502AF86B0044601A80A46214600F005F803982044083006B0D0BDB0B502AF88B0044601F1080011
S3FF0800097C019269460F4A009002A801F0E5FCDDE902010D4AFFF7CEFF02AD02460B46114628461A4601F035FD9DF8080030B9691C2046142206F027FC08B0B0BD034806F0F9F900BFC47500082476000834760008FEB506AF0A46014601A8FFF7CBFFBDF8060000F0010006B080BD80B56F468AB00A4601466846FFF76FFFBDF818000AB080BDD4D4F0B503AF4DF804BD8EB0154608301D4A01916946009002A801F09CFCDDE90201194AFFF785FF04460E4602A82146324601F0C8FC9DF8080008BBBDF82100ADB2A8421CD902A82146324601F0BBFC9DF80800A0B9BDF81F000021CDE90211082300EBC501F56802AA2046A847C0B2082801BFDDE90201D4
S3FF08000A760EB05DF804BBF0BD034806F096F9C47500084476000854760008D0B502AF048802460B8843EA0400B0FA80F0400934B12BB148885188081AB0FA80F04009D0BD038802460020062B01BF5388042B88B2918802BF081AB0FA80F040097047F0B503AF4DF8048D0568E8070ED1A8071ED468072CD428073BD4E8064AD415F1200F5DD3D1E90540C56854E0D1E905480422D8F80C6031492046B047002856D1A8070DD52E4920460322B04710B14EE006F07DF92B4920460522B047002846D168070CD5264920460322B04710B13EE006F06DF9244920460722B047B8BB28070ED5D8F80C6020461D490322B04710B12DE006F05CF91D492046062212
S3FF08000B70B04730BBE8060ED5D8F80C60204615490322B04710B11CE006F04BF9154920460322B047A8B915F1210F16D9D8F80C5020460C490322A84758B9104920460822A84705E0D1E905010722CB680A49984718B101205DF8048BF0BD0020FAE700BFA876000864760008C0760008C5760008CC760008D2760008A07600089876000880B56F4688B090E87441EC466346012083E87441ADF81C006046069106F0A0F880B56F4600F09AF980B56F468CB0CDE9000100200690022047F228710390059008A8C0F60001049040F657400291C0F600006946CDE9090111460B9001A8089002A8FFF7CDFFF0B503AF2DE9000F8DB0046842F210700D464FF605
S3FF08000C6A9C7E844247F2A270C0F600003CD341F259784EF2FF02A7F1430B0021CDF2B7184DF6F00941F27B4AC0F2F5520295A4FB08350BEB010C043994424FEA553303FB09451C46AEB24FEA960606FB0AF64FEA564606FB0E5530F81660ACF82360ADB230F81550ACF82550E1D8029D27311C46632C0CD822460A2A1AD330F812000239A7F14302505219E02721632CF2D9A2B241F27B43920802395A43A7F14306520C02FB0E439BB230F8133073520A2AE4D2013942F03000A7F143025054C1F127000090A7F14300002243182846012100F004F80DB0BDE8000FF0BDF0B503AF2DE9000F85B00C46C169D7F80880934611F001024FF02B0A02EB0805CB
S3FF08000D6408BF4FF4881A99464A0701D4002418E0BBF1000F12D01BF0030311D094F90060002216F1410FC8BF0122012B08D094F9013013F1410FC8BF013201E00022FFE715440268B2B1CDF81090D0F80490A94520D90907CDF80C8032D490F82010A9EB05090294DFE801F06602600249464FF000095FE0D0E90556524631462346CDF800B0284600F08DF8002872D1F368284649460EE0D0E90556524631462346CDF800B0284600F07DF8002862D1F36828460499424605B0BDE8000FBDE8F040184701692346D0E905865246019130210161012190F8204080F82010314602904046CDF800B000F05DF801460120002941D1DDF810A0A9EB0500A346BD
S3FF08000E5E441C013C06D032694046302190470028F7D031E0F3684046039A5146984758BB0298019980F820B00161002025E009F101024FEA59014FEA5209D0E904654C1CD0F81880013C07D0D8F810202846314690470028F6D00FE0CDF800B02846029B4146524600F020F830B9D8F80C302846DDE90321984720B1012005B0BDE8000FF0BD0024A14509D0D8F8102028463146904701340028F5D0611E00E049460020494538BF0120E8E7F0B503AF4DF8048DD7F808801C460E46B2F5881F0AD033691146054698470146284619B101205DF8048BF0BD3CB1F368214642465DF8048BBDE8F040184700205DF8048BF0BD80B56F468CB08021CDE90001BE
S3FF08000F58002047F6A00106900220C0F600010390059008A8029101A9049040F65740C0F60000CDE9090147F290710B906846089002A8C0F60001FFF72FFE80B56F4600F000F880B56F468CB0CDE90001002047F6201106900220C0F600010390059008A8029101A9049040F65740C0F60000CDE9090111460B906846089002A8FFF70CFEF0B503AF2DE9000F87B08846D0F800C081685CEA010302D1D0E90501D0E2B1B3C66808EB020E82464FF00009C6B10025414608E0F0292CBF211DE11C0B1B01359944AE420DD0714526D00C4611F9013BB3F1FF3FF2DCD9B2E029EBD2A11CEDE741467145504612D091F90010B1F1FF3FDCBFC9B2E029B9F1000FCD
S3FF0800105214D0914511D218F9091011F1410F0DDC00210CE09146BCF1000F10D190E291465046BCF1000F0AD18AE2F1D1414600290CBF91468846BCF1000F00F081824668B9F1100F0BD2B9F1000F20D009F00301B9F1040F1ED24FF0000E002543E008F10301CDE9006021F00306CDF80890B6EB080EA9EB0E0000F0030B01D100218DE0A8EB060111F1040F4ED900216EE04FF0000E45E209F00C05B246A8F1040684464FF0000E2B4616F9040F96F9032010F1410FC8BF0EF1010E96F9010096F9024010F1410FC8BF0EF1010E14F1410FC8BF0EF1010E12F1410FC8BF0EF1010E043BE1D160465646002900F01A8218F9052012F1410FC8BF0EF1010E64
S3FF0800114C012900F0108208EB050393F9012012F1410FC8BF0EF1010E022900F0048293F9021011F1410FC8BF0EF1010EFBE108F1010A00216FF003020AEB0203043293F9034093F9065093F905C014F1410F93F90430C8BF013113F1410FC8BF01311CF1410FC8BF013115F1410FC8BF0131131DE2D198F9002012F1410FC8BF0131BEF1010F0ED098F9012012F1410FC8BF0131BEF1020F05D098F9022012F1410FC8BF01314FEA90090024BBF1000FCDF80C801AD020F00302324492F9005015F1410FC8BF0124BBF1010F0ED092F9015015F1410FC8BF0134BBF1020F05D092F9022012F1410FC8BF013404EB010E4FF0010B12E04FF0000C3FFA8CF0EE
S3FF080012463FFA9CF21044A9EB040903EB840614F0030100EB00400EEB104E40F05681B9F1000F00F04F81B9F1C00F4C4628BFC0243346B9F1040FDFD36FF00F0000EB840130290BEB111007D24FF0000C1E4610F0030840F0B880D1E720F0030B4FF0000C1E46CDE90404069396E81205BBF1040B32696FEA0100B5694FEAD01040EA91106FEA04014FEAD11120F0FE3041EA9411604421F0FE34716920446FEA08044FEAD413B46B43EA9813D6F83CC023F0FE3318446FEA0A034FEAD31343EA9A1323F0FE3318446FEA02034FEAD31343EA921222F0FE32F36910446FEA01024FEAD21242EA911121F0FE31326A08446FEA05014FEAD11141EA9511756ACE
S3FF0800134021F0FE3108446FEA03014FEAD11141EA9311B36A21F0FE3108446FEA02014FEAD11141EA9211F26A21F0FE3108446FEA05014FEAD11141EA9511356B21F0FE3108446FEA03014FEAD11141EA9311736B21F0FE3106F1400608446FEA02014FEAD11141EA921121F0FE3108446FEA05014FEAD11141EA951121F0FE3108446FEA03014FEAD11141EA931121F0FE3108446FEA04014FEAD11141EA941121F0FE3108446FEA0C014FEAD11141EA9C1121F0FE3101EB000C7FF45AAF069B4FF0010BDDE9040410F003083FF41BAFD6E90002A246B168B8F1010FF4686FEA00054FEAD51545EA90106FEA020520F0FE304FEAD51545EA9212604422F007
S3FF0800143AFE3210446FEA01024FEAD21242EA911222F0FE3210446FEA04024FEAD21242EA9412544622F0FE3202EB000C3FF4ECAED6E90402B8F1020FD6E906146FEA00054FEAD51545EA90106FEA020520F0FE304FEAD51545EA9212604422F0FE3210446FEA01024FEAD21242EA911222F0FE3210446FEA04024FEAD21242EA9412544622F0FE3202EB000C3FF4BEAE06F1200527CDCE43F60946EA9111C44321F0FE31E40944EA901020F0FE30544660440844D143C90941EA921121F0FE310844E943C90941EA951121F0FE3101EB000C9BE6DDE902982EE004F0FC06DDE90298012953F826006FEA00024FEAD21242EA901020F0FE3515D003EB860679
S3FF08001534022970686FEA00024FEAD21242EA901020F0FE30054407D0B068C143C90941EA901020F0FE3005443FFA85F03FFA95F1084400EB00400EEB104EDDE9006076450DD990F82020CB46A6EB0E090021DFE802F01702111749464FF0000910E0D0E905014A46CB68414607B0BDE8000FBDE8F040184709F101024FEA59014FEA5209D0E904A44E1C8569013E06D02A692046514690470028F7D005E0EB68204641465A46984708B1012010E00026B14508D02A6920465146904701360028F6D0711E00E049460020494538BF012007B0BDE8000FF0BD80B56F4688B094460122019206AA0023CDE906010092042268466146049303930292FFF7E1FACA
S3FF0800162E0B46D0E900121846FFF7CFBCD0E90002D2681047F0B503AF2DE9000F8DB0032316698DF83030202308930023002ECDE90A130990069304935DD05069002800F08080D2F800A04101D2F808B0013820F078404FF000084FF0000901300292039101900AEB09014A6832B1DDE909030968DB689847002875D106EB0800036906EB8900D0E90221057F846908938DF830500B9442B1012A03D10BEBC1014A680AB1002201E00968012256F80830CDE90421022B06D04168012B06D10BEBC1014A680AB1002201E0096801224369079106920BEBC3015BF833004B6804A99847002840D1039808F1200809F108094045B8D1DDE901B227E0D06818B381
S3FF08001728C600013820F060409468D2F8009000F1010B0DF110089246002509EBC5014A682AB1DDE909030968DB689847E8B904EBC50154F835004A6841469047A8B90135083EEAD1524601E04FF0000B506883450DD212685E46DDE90901CB6852F83B1002EBCB025268984708B1012000E000200DB0BDE8000FF0BD80B56F4686B00146002001220490019247F6A41203900420C0F60002029068460092FFF715FAF0B503AF2DE900078EB003460668007A08B1012061E05C689846E069430719D40D4647F26771914647F27172D4E90503C0F60001C0F60002002E08BF1146DB684FF0020208BF01229847D0BB28462146C84741E076B98946D4E90501B5
S3FF08001822CB6847F272711546C0F600010222984748BBE0692A464946012347F24C7507F83D3CA7F13D03039301ABC0F600050C900A93D4E90230D4E9009ACDE9073005ABD4F810C0084694F820E019460B956569A4698DF834E0CDF824C0CDE90154CDE9059A904708B1012008E0DDE90A010222CB6847F26C71C0F6000198474346711C1872196018460EB0BDE80007F0BDF0B503AF2DE9000F87B09146026804924FF0000B42684FF0000A80680590481C0090C9F100000290481E03920691019014E00198005D0A38B0FA80F04009039BA4EB0A02059D0699DB68287051440498984750EA0601C24640F0CE80CB4500F296800698A9EB0B0EBEF1070F11
S3FF0800191C584422D8D94500F08B80029900225944835C0A2B00F0A8808B185E1C00F08080861875780A2D00F093809D1C78D0B5780A2D00F08F80033372D0F3780A2B00F08B8004328B18E3D16AE0C11C21F0030CBCEB000120D08D1EA1F103084C1E0022835C0A2B00F08080944210D083185E780A2E6DD095420AD09E780A2E6AD0904505D0DB780A2B67D004329142E8D1AEF10802914202D91AE0AEF10802042303EB0C0656E9013583F00A34A4F1013424EA030385F00A34A4F1013424EA05052B4313F0803F03D1083108369142E9D9714526D0009B01EB0B02029E134402EB060CA9EB0102A2EB0B080022A8F1010E9E1816F8014C0A2C36D09645D8
S3FF08001A1611D09C5C0A2C2CD00CEB0204A51C0AD075780A2D27D0033405D0B4780A2C24D004329045E6D1CB46CA452FD00126D0464C460598007848B1039847F2BC61C0F600010422C3680498984708BB54457FF43DAF002040E7013209E0023207E0033205E0013202E0023200E003320A4402EB0B0101F1010B4945BFF43DAF805C0A287FF439AF0026D8465C46D2E7002000E0012007B0BDE8000FF0BDF0B503AF4DF8048D8568D0E90086287878B147F2BC62F368C0F600020C461146404604229847214618B101205DF8048BF0BDA1F10A003269B0FA80F04009287040465DF8048BBDE8F04010470A4647F24C71C0F60001FFF79CBDF0B503AF2DE9EF
S3FF08001B10000F8FB09846034600794FF0010900284FF001007BD11D689A46CDF80480D7F80880E8695B7946072DD40C4647F26771934647F26472D5E90506C0F60001C0F60002002B08BF1146F3684FF0020208BF03229847002858D1D5E905015A46CB6821469847002850D1D5E905010222CB6847F23871C0F600019847002845D101982946C04742E073B90C46D5E90501CB6847F269711646C0F6000103229847A0BBE869324621460D9047F24C70C0F60000A7F141060C900123A86904966C69039002A8D5E9026807F8413CD5E900E395F820B0029408ACD5F810C00B908DF838B084E84011CDE906E3FFF75AFE68B947F2387102A8C0F6000102222B
S3FF08001C0AFFF751FE20B9019806A9BA68904748B1012053461871184683F805900FB0BDE8000FF0BDDDE90B010222CB6847F26C71C0F600019847ECE780B56F468EB08DE80F00002047F23C71089002200590C0F6000107900AA8069041F23B60C0F60000D7F808C00D9002A80C9041F22F60C0F6000004910B9068460A9004A86146FEF7B2FF80B56F468CB0008842F20F728C46904223D9020940F247335A434DF6F003CFF6FF7341F27B41D20C12FB030083B29B0859436FF06303490C11FB030047F2A273C0F6000333F8111027F8041C80B233F81000232327F8020C22E047F2A2726328C0F6000218D9810841F27B4359436FF06303490C11FB030011
S3FF08001D04252380B232F8100027F8020C08460A2809D3023B32F81000A7F12701C85209E027230A28F5D20246013BA7F1270142F03000C854C3F127000090A7F127000121034460460022FEF7FBFF0CB080BD80B56F468AB0CDE90001002006900120039047F28061059008A8049041F22F60C0F60000C0F6000109906846089002A802911146FEF733FF80B56F4688B00146002004900120019047F28062039006A8029041F22F60C0F60000C0F60002079047F20C70C0F60000009206906846FEF716FFF0B503AF4DF8048DA2B000680DF1080C00244FF0570E00F00F03224603F157050A2B644402F1800838BF03F13005102884F87F502AD3C5B2A02D91
S3FF08001DFE0EEB15164FEA151338BF03F13006050A84F87E6020D005F00F0303F157050A2B38BF03F1300584F87D50050B19D005F00F0303F157050A2B38BF03F1300584F87C50141F000CC9D102F17C00A8F103080BE0A8F1010008E0A8F10200A8F1010803E0A8F10300A8F10208812811D2C8F18102009247F2A0720CEB0003C0F60002084611460222FEF75EFF22B05DF8048BF0BDFEF7BEFEB0B502AF84B01C460546D0E90503DB6898478DF80C0044F28D200021C0F600008DF80D1047F62231009002A8C0F60001072223460295FFF71EFE42F27571BB68C0F600010622009147F62931C0F60001FFF711FE9DF80D109DF80C0019B138B1012004B060
S3FF08001EF8B0BD002818BF012004B0B0BD0298017F490708D4D0E905010222CB6847F26F71C0F6000107E0D0E905010122CB6847F26E71C0F60001984704B0B0BDB0B502AF84B01C460546D0E90503DB689847BA6800218DF80C0001A88DF80D10019121460295FFF734FC01999DF80C0019B138B1012004B0B0BD002818BF012004B0B0BD029C012913D19DF80D0080B1207F40070DD4D4E905010122CB6847F27471C0F6000198470146012009B104B0B0BDD4E905010122CB6847F2D561C0F60001984704B0B0BD80B56F468CB0CDE90001002006900320039047F67010C0F60000694602900220059008A8049040F65740C0F60000CDE9090111460B905B
S3FF08001FF201A8089002A8FEF7FAFDF0B503AF4DF8048DA2B00DF1080C00244FF0370E00F00F03224603F137050A2B644402F1800838BF03F13005102884F87F502AD3C5B2A02D0EEB15164FEA151338BF03F13006050A84F87E6020D005F00F0303F137050A2B38BF03F1300584F87D50050B19D005F00F0303F137050A2B38BF03F1300584F87C50141F000CC9D102F17C00A8F103080BE0A8F1010008E0A8F10200A8F1010803E0A8F10300A8F10208812811D2C8F18102009247F2A0720CEB0003C0F60002084611460222FEF743FE22B05DF8048BF0BDFEF7A3FDF0B503AF4DF804BDEAB3CB0706D00368DB07FCD011F8013B013A037001F00303022B88
S3FF080020EC08D1022A27D30368DB07FCD031F8023B023A038032B3930800240D469C4206D00668F607FCD040CD01340660F6E722F0030302F003021944022A06D30368DB07FCD031F8023B023A0380012A0AD10268D207FCD004E0012A04D10268D207FCD00978017004F05EBE034800220349884228BF704704C0FAE7080000204014002004480549054A904228BF704708C908C0F9E700BF00000020808B00080400002080B56F46FEF770FBFEE77047F0B503AF4DF804BDA2B0CA690068D30608D492061BD422B05DF804BBBDE8F040FFF768BD058805F00F0000F157020A2838BF00F130028DF88720C5F3032202F157000A2A38BF02F13000572313E0CE
S3FF080021E6058805F00F0000F137020A2838BF00F130028DF88720C5F3032202F137000A2A38BF02F1300037232C0B03EB15320A2C38BF04F13002ECB2260903EB1413A02C38BF06F13003102D02D27F2401260CE07D240326B5F5807F38BF7E2438BF0226B5F5805F24BF7C2404268DF88420084A8DF885008DF88630009602A80319084611460222FEF76BFD22B05DF804BBF0BD00BFA0770008F0B503AF2DE9000F89B001AD92460C46804628461C21FF2299464FF0FF0B04F01BFE154E284600210122B047284608212246B047284610215246B0473889ADF8209028B1012805D1FF204FF0FE0B06E0FF2004E0D7F80CB01FFA8BF0000A8DF8230040468C
S3FF080022E08DF822B001A9202204F08BFF09B0BDE8000FF0BDF9220008D0B502AF4318013A0024082C05D008191F2803D81A550134F7E7D0BD014A2021FEF77EFCAC790008B0B502AF44688C4209D900684BB1A14209D2455C013B02F8015B0131F6E70020B0BD0820B0BD024A08462146FEF764FCF4790008F0B503AF2DE9000B8CB0D568914604464FF000080E4608466A4600210423CDF80080A847C1B2082910D11048009981420BD1A7F1410031464A4600F019F817F8410C50B117F8400C00E00120C4F8008020710CB0BDE8000BF0BD37F83C0C012802D1C4E90069F4E70220EFE77F484246F0B503AF4DF8048D8AB0E8460E460446404628211546FE
S3FF080023DA04F010FFED683046002142462823A8470146C2B2601C082A05D16946282204F003FF002001E00170012020700AB05DF8048BF0BDF0B503AF4DF8048D86B00DF104080E46044614214046154604F0EAFEED683046282142461423A8470146C2B2601C082A05D101A9142204F0DDFE002001E001700120207006B05DF8048BF0BDD1E901329A4209D2531C8B600968895C01298EBF01210171072100E00021016070478BB20022B2EB532F07D1DA02C0F6000102F10062C0E90121012202607047F0B503AF4DF8048D00F1040C04464FF000089CE80610DCE9005682EA060081EA050318434FF000001DD051EA020003D005EA0600013015D1256829
S3FF080024D4686940F0010068612846CCE9001200F012F8696921F001016961C1B2022901D1002003E000F0010020740120C4F80C805DF8048BF0BD0169C903FCD40169016111F0300FC1F3001008BF02207047D4D4084602490222FEF755BD00BF2D7C0008F0B503AF2DE9000B8CB00DF108090E460446202148461D46904604F05CFE05F1006130464A462023C04770BBBDF826004FF6FE710222608088424FF6FF7108BF0122401A18BF10462080DDE906100840B0F1FF3018BF0120207202AB0FCB1A40B2F1FF3218BF01220840B0F1FF31E27118BF01210130BDF82400A17108BF0920A0800CB0BDE8000BF0BD0448A7F1190200902B210248034BFFF727
S3FF080025CE39FBE07A0008F47C0008A47C0008F0B503AF4DF804BD9468002314F1030F9FBF5668A51CB54213689EBF19539560072303605DF804BBF0BDB0B502AF0C46D1E90151A94209D225686A540131A16019462246BDE8B040FFF7DABF00210160B0BDB0B502AF0C4672B1D4E9012191420FD22268012555540131A16019462246BDE8B04000F008B82146BDE8B04000F018B800210160B0BDF0B503AF4DF804BD9468002314F1050F9FBF5668251DB54213689EBF19519560072303605DF804BBF0BDD0B502AFD1E901430022A34204D20C68E2545A1C8A6007220260D0BDD4D4F0B503AF4DF804BD14468A1E92B2042A28BF0422DFE802F00334282B83
S3FF080026C80C00D3E901420021A24237D21C68A154511C2FE0D3E90162B2422ED2D3F800C004250CF80250551C09049D6029D0B54223D201210CF80510911C1A46996021465DF804BBBDE8F040FFF764BF1946022201E01946032223465DF804BBBDE8F040FFF76DBFD3E90121914206D21A680124545401319960072100E00021016004F063BB19465DF804BBBDE8F040FFF79BBFCA690068D30648BFFFF730BB920658BFFEF775BA0068FFF745BCD4D40068084A084B0078002808BF13464FF0060208BF0422D1E90501D1F80CC01946604700BFB8760008CA7B0008CA69D30648BFFFF70DBB920658BFFEF752BA0068FFF722BC006800F001B8D4D4E0B563
S3FF080027C202AF0A46019004480549009001AB10460622FFF7AEFB8CBD00BF99210008107B0008D0B502AF0068054A007852F82040044A04F060FBBDE8D040184700BF2C8B0008088B0008D0B502AF0068054A007852F82040044A04F04EFBBDE8D040184700BF688B0008508B00080068FFF72DBAD4D4DCB504AF044600208029019003D28DF80410012032E002200A4660F39F12B1F5006F07D28DF80520C02242EA91118DF8041023E0B1F5803F0DD28DF80620E02242EA1132890960F39F118DF804208DF80510032012E08DF807208A0960F39F128DF806200A0B60F39F12880C1E218DF8052061F3DF008DF804000420064B01A9042200F00BF802462C
S3FF080028BC0B46114620461A4600F011F80020DCBD807C0008D0B502AF044690429EBF08462146D0BD114620461A46FEF754FB80B56F460068FFF7EBFB002080BD0A46496801290149FEF79FBE207D00088B68002213F1050F0DD8B0B502AF4D681C1DAC429FBF8C600968C958416098BF0722BDE8B04002607047C16809B1FFF7B0BD00207047D4D4BFB506AF044601A80D46FFF797FD0198E0B1022040F6FA7265F3CA0025686969914308446861686940F4803068612846FFF7CBFD6969074A11406961C1B2022901D1002003E000F001002074012004B0B0BD00BFFDFFFEFFF0B503AF2DE9E00F00F1040B044600259A46CDE90112AB422DD00298465D6D
S3FF080029B6019800EB0509E06829F0070838B1404505D02046FFF766FD00BBE068534618B9D8E90001CBE9000109F007001BF80010FF2918BF002E0CD107280BF80060C4F80C8004D12046FFF74DFD534638B90135D2E7B142F0D002E01D4600E0534600209D4238BF0120BDE80E0FF0BDD4D4F0B503AF2DE9FE0F6821824604F0EBFBDAF80C01016840680844A0F1080B5FEA4B706AD1BBF1670F71D9DAF8FC0000287AD0DAE92790ABF16805AB214A4618B102F8011B0138FAE7DAF8046116EB09006DD2DAF8004101A851464A46334600F07DF89DF804000B2864D1DDE902010022914205D096423BD0A35C83540132F7E7DAE94301FDF754FFDAF8FC1084
S3FF08002AB080460AF1A40001EB4101890039B350F8082CAA4209D850F8043C1A44934504D8026802F01A02022A02D00C390C30EDE72846682104F08BFB4FF0807048F001014FF0FF32E8616FF01200C5E90521CAF81490CAE9085007B0BDE8000FF0BD194804F04EF9164A30463146FEF77DF80121002002910E4901910590049004200D4908E0012100200291094901910590049004200949039001A8FEF752F80B4804F02FF9094804F02CF9044804F029F900BF5C7D0008FC7D00089C7D0008CC7D0008EC7D0008DC7D0008BC7D0008AC7D0008F0B503AF4DF804BD044608461D46164611461A46022300F00DF810B10B20314603E001210020354661702D
S3FF08002BAAC4E90115207004F02EB942B3F0B503AF4DF804BD00F1A404D0F8FC0002EB010C00EB40008500002D284618BF012013D054F8086C8E420CD854F8042C3244944507D8266806EA03029A4208BF16F0180202D00C3D0C34E6E75DF804BBF0BD01207047F0B503AF2DE9000F00F19C01D0F8FC0000224FF0805C4FF03C0E00EB40004FEA80081D4881461D488346B8F1000F31D070C906F00800CA46144344F01004C9F80040F407A8F10C084FF0007408BF4FF08074B3070CEA866348BF4FF0407443EA00432344F4064FF4802458BF4FF44034002818BF4FF4803418195B4680EA0B00B5FA85F30132AEEB430318430130C9F80400CAE704F0ABB84A
S3FF08002CA49CED00E00000081080B56F461E49FF241E4B4FF4F076CA6842F4E022CA6000220A704A708A70CC718C72CC72D3F8105D45F01005C3F8105D1D6806EA4515203595420ED0B2F5F87F04D09E18013286F8FC43F5E70E4A4FF4F8704FF4F871FDF789FF0C4A1A6100225A61DA6842F00702DA600522CA6708490860016A81F3098890E8F00FFFDFFEDE18ED00E004E000E00C7E00087F3801001C14002070466FF00C0120EA010008281BD041F21C40C2F2000001680A00EFF3098CA2E8F05F82EC108A5FEA0B0002F093F841F21C40C2F200000068B0E8F05F90EC108A8CF309887047012080F314886FF0120E7047FEDED0B502AF0C4C0121D4E804
S3FF08002D9E4F0FC4E8421F002AF9D1BFF35F8F60B9012000F010F818B106484FF0805101600020BFF35F8F2070D0BD00F010F90000002004ED00E0F0B503AF2DE9F80F60B176498A68D1F80C90131809D309F1010900258D60C1F80C9004E04FF0000EC1E015188D6000F0FBF806466E4B4FF4947B4FF000084FF0000AD646B04542D2714800EB8800D0F890400F2C00F2B08004FB0B3008F101085FEACA7110D1D0E9461211430CD0D0E9481247F2305C691A69EB0202BCEB01014FF0000191411FD3D0E920121143D9D0D0E92212691A79EB0201D3D30021CDF800E0C0E92011D0F8901000F0CDF80246002818BF0222DDE90001234600F0F8F84B4B864663
S3FF08002E980191BDE74FF0010AB9E701995FEACA706BD044494FF060401D229A46CDF800E0FFF707F940F2FF3000F044F900285AD00F2966D84FF4947001FB00A0D0E94301FDF7F0FC80463A4840F2FF3100F060F9404600F02FF9D0B389460F2953D84FF4947009FB00A000F58675D0E94301FDF76EFD86B20DF1080B0024A0B2B04210D2D5E900012246FDF76FFD02460B4611465846424600F0F0F99DF8080070BB0134EBE74FF4947009FB00A4204600F032FAD4E94301FDF73EFD10B1204603F081FF03F0B5FF10B3102906D31B4A25E003F0AEFFF0B110291FD24FF4947001FB00A0012100F04FF8DDE900E1704605B0BDE8000FF0BD164A204603F035
S3FF08002F9212FF104803F00BFF094A09E00B4A4846F5E70B4803F003FF0D4803F000FF0A4A0846ECE700BF1C1400205088000870880008080000205C130020C08800089088000880880008D0880008B0880008A088000888120020C083000880B56F460148FEF7CAFE00BF588100080548D0F8D000112838BF704780B56F46024A1021FDF7BFFF8812002044860008D0B502AF0446D0F808010843C4F80801B4F86C00062809D1204630F86E1F012904D839B10F49FDF725FD18B9D4E94601084314D0204600F032F802460020012A0CD14FF6FF72C4E90210C4E900020321C4E90400204600F041F80120D0BD0020D0BD00BFAC760008904204D102280CD16E
S3FF0800308C994202D103E0022803D1022A08D002207047022A02D1022019467047012801D101207047501EB0FA80F040097047B0B502AFD0E902510446B1F1FF3F0ADC012001224FF6FF7300F027F818B9D4E94601084309D0D4F8080110EA050104D04840C4F808010120B0BD0020B0BDC0F86E100622B0F86C10A0F86C20062908BF704780B56F4600F000F880B56F460148FEF736FE00BFB0830008D0B502AF0446104380B2B0FA80F04009240408D012041FBF98B289B2081AB0FA80F018BF4009D0BDB0B502AF00F00F0182B213480B46102B0BD030F833501C460133002DF7D000EBC40464889442F2D10DE00023994210D030F833501C460133002D01
S3FF08003186F7D000EBC40464889442F2D1591E00EBC10041680120B0BD0020B0BD00BF88120020F0B503AF2DE9000F93B0054608468846FFF7C8FF002870D00F2971D84FF49470444A01FB0024EDB1D4E94301FDF707FCDFF804B10DF1280900261FFA80FAB0B250450FD2D4E943013246FDF705FC02464846294600F010F90A98594600F048F90136ECE7D4F80C110AAC204600F0AEF9324A03A8214600F0F3F93148049E00F11005304A06F17843A7F14A002946FFF77DF917F8440CA8B317F8430CA8B937F8481C37F84A0C37F8463CCDE90001012117F8422C0AAC2046FFF70CF803F0F3FD50BB2846FFF761FB40BB404600F018F9D8B910291CD21E480B
S3FF080032800024164A084480F880404FF4947001FB002500F03FF9C5E94344A5F86840C5F8FC4013B003F0A9BD0B4A06E0174803F07FFD0F4803F07CFD0E4A084603F07CFD114800E00D480090A7F11D020C482B210C4BFEF7B6FC00BF388700080800002048870008E87F00081C14002021360008688700083486000888120020007B0008F47C0008A47C0008F07A000858870008F0B503AF2DE9800F924601F00F020D46834602EB420120489846A2F1110300EB810101330ED20E882EB301F10C064988ACB2A1423146F4D10C3E304600F044F8304611E0511C01391CD00288A2B100F10C024088ABB298421046F4D1A2F10C09484600F031F8484603F037
S3FF0800337A77FD01208BF8010000200BE0084603F06FFD00208BF8010004E00120CBF80880ABF804A08BF80000BDE8080FF0BD5C1300200021094AC0E92011C0E94611C0F80811C0F89010A0F81411D0F89810C2660131C0F89810FFF728BB06000200018811B100210180704780B56F4602482421024AFEF70CF9D0850008F4850008D0B502AF04882CB941800121836082800180D0BD02482421024AFEF7F9F800BF64850008C0850008F0B503AF4DF8048D02F00F03804603EB430001EB8000851C90B2A3F1110201320BD22E460C3536F8024C002CF7D034888442F4D1A5F10E000EE05A1C0231013A14D00B460C3133F8025C002DF7D01B888342F4D1DE
S3FF08003474A1F10E0085888668FFF7ACFF0020C8F80860A8F8045000E00120C8F800005DF8048BF0BD00B9704780B56F46084603F085FCD4D4F0B503AF4DF804BD00F00F01164A80B202EBC1039C1C61F00F0363B12546013335F8026C0834002EF7D02D888542F4D1A4F10A000DE0023281B11346013933F8024C0832002CF7D01B888342F4D1A2F10A00446800F02AF8002000E0012021465DF804BBF0BD00BF88120020D0B502AF0C4900220020102A0ED013460A4492F880405A1C002CF6D00F2808D801EB80040130C4F89030EEE7C1F8D000D0BD024A03F036FC8812002004860008018811B100210180704780B56F4602482421024AFEF74EF8D085BF
S3FF0800356E0008F4850008F0B503AF2DE9F80F80461F48204CA7F1260901EB000BA1F1200001904FF420451A484FF4801A00F11006B5F5801F18D24846314622462B46FEF7C2FF17F8200C60B117F81F0C48B937F8220C5D4500F01F002AFA00F008D00544E6E705F50065E3E70320A8F800000AE017F81E1C88F80C1057F8261CC8F800100199C8E9011005B003F000BC00BFE0FFFFF71C14002021360008B0B502AF0B88032B1EBF91E83C003CC0B0BD104603F0C8FBB1F1006F3CBF01207047BCB504AF0C4619440D0D802D05D8C06828B1A04203D3884201D80120BCBD0448194600901046224603F09DFB0020BCBD00BF387D000841F21C40C2F2000048
S3FF080036680168EFF3098CA1E8F05F81EC108A00F00DF841F21C40C2F200000068B0E8F05F90EC108A8CF309887047FEDEF0B503AF4DF804BD86B01E4D286820B3B0F8680001221C4ED6E84F1FC6E8432F002BF9D1BFF35F8F21BBFFF745FD18B3084600F035F8102821D24FF49472144900FB021403F0DBFB2C600020BFF35F8F307006B05DF804BBF0BD0121002001910D4900910D4904900390042002906846FDF774FAFFF770FC064803F04FFB034A03F050FB1C140020000000203C7E0008080000202C7E00085C7D00081C7E0008F0B503AF2DE9E00F8346FFF75DFCDFF894A00025DFF894900646E84604460095AE4213D00AEB8500D0F890105945D4
S3FF0800376208BF2C46B44208D20F292AD84FF49470424601FB009000F03CF80135E9E700254FF4947BE846AC420ED0AE4212D00AEB8500D0F89010102911D201FB0B90424600F027F80135EEE7009870B10198BDE80E0FF0BD0C4A30463146FDF72CFA084A00E0054A084603F0F6FA07481121074AFEF7BEFA00BF8812002024840008080000201484000804840008E0830008F4830008F0B503AF4DF804BD0D460A4906466C30144600F011F850B12168B6F86A0011B12189884203D220810120C4E9000503F0F5BA00BF10790008B0B502AF054600880C46811F18BF01212288063AB2FA82F2520991422ED0062815D028792179884228D10A2823D8DFE803
S3FF0800385C00F0061406222222141E22171A0005F1080004F1080100F053F880B916E0A81CA11CBDE8B04000F013B8A068A96808E0E088E98805E0E088E988814206D160796979814202D128462146EAE70020B0BDF0B503AF4DF804BDB0F800C00426ACF1020293B2042B28BF33460A88951EACB2042C38BF2646B34208D1042B11D0032B06D0022B18D1022D04D015E0002014E0032D11D149884088401AB0FA80F040090BE0032D08D94B88418860465DF804BBBDE8F040FFF708BC01205DF804BBF0BDD0B502AF046802460B6843EA040080F0010034B12BB148685168081AB0FA80F04009D0BDF0B503AF4DF804BD8AB0EFF305806FF35F2000900228DF
S3FF0800395635D00C283DD00F2846D91038019000F082F8002849D0446801210588364ED6E84F0FC6E8421F002AF9D10028BFF35F8F47D1019800F0A3F82846FFF7DCFB002841D0102944D22D484FF4947201FB02002146FFF738FB0021BFF35F8F317018B128484FF0805101600AB003F026BA0121002003911B490291069005900420194908E0012100200391144902910690059004201249049011E00020134903F024FA134809906846124907E00020184903F01BFA0E48099001A81649089002A8FDF7ECF8FFF7E8FA0F4815210F4AFEF796F90A4A084603F0C5F900BF687E0008707E0008507E0008587E0008947E0008570C00089C7E00080000002086
S3FF08003A50FC7E00080800002004ED00E0D47E0008EC7E0008BC7E0008C47E0008F0B503AF4DF804BD00F00F01154A80B201EB410302EB83039C1CA1F1110301330BD225460C3435F8026C002EF7D02D888542F4D1A4F10E000EE00232013101390CD013460C3233F8024C002CF7D01B888342F4D1A2F10E00043000E000205DF804BBF0BD5C130020014640090022B2EB512F01BF01F01F01012202FA01F1064A04BF42F82010704780B56F46014A03F05DF900BF0C7F000880E100E0014640090022B2EB512F01BF01F01F01012202FA01F1064A04BF42F82010704780B56F46014A03F043F900BF1C7F000800E100E041F21C40C2F200000068EFF3098C39
S3FF08003B4A0246A2E8F05FEFF3058101F00F0100F010F841F21C40C2F200000068B0E8F05F90EC108A8CF309887047FEDEFFF7E1BFFEDEF0B503AF2DE9000FB3B006467C488A467C4990460722834604684FF06040FEF796FAD6E94301D6E90895FCF789FE27F8E60C7548204029077AD5BAF1040F06D0BAF1050F0CD1210416D4002117E0E1061DD4E10729D1210629D40021002225E0CBF800000890E0034FF0050058BF0620A10148BF032015E0DBF810200121CBF800000220CDE90812ADF81C001CE0CBF80000DBF80C0220F00100CBF80C020120CDF820908DF81C000EE0042103E0DBF80C3001220021CBF800000020CDE908238DF81D008DF81C10E1
S3FF08003C44504D012188EC108AD5E84F0FC5E8421F002AF9D10028BFF35F8F70D137F8E60CFFF772FA00286CD00C4607A9204600F0A1F8022803D02046FFF75AFD0146A14262D0102973D24FF49472404801FB020403F0FDF83E4804600020BFF35F8F287033B0BDE8000FF0BDCDE90FA00A23DBF80C000024119002253A49DBF810000E9112AACDE90C1211AACDE90A1210A909912022354908910FA907910C21129003208DF8C800CDE930018DF8A8002991219101218DF888008DF8680004202F922E932D942B95CDE92725CDE925432395CDE91F21CDE91D431B951994CDE91724CDE915531395069013A9059120490290019107A9CDE9031001A81D4970
S3FF08003D3EFCF757FFFFF753F9174803F032F800201449179002201490104813900120169001A815900E480290A7F1E600019013A8FCF73FFF064A084603F01FF800BF28ED00E02C7F0008BBBF0F0300000020907F0008080000201C140020C87F00088D1C0008D87F0008807F0008C51D0008570C0008507F0008707F0008F0B503AF4DF804BD8EB00F2852D80C464FF494712B4E00FB0165B5F86800ADF83400D5E94301FCF76DFD27F8120CA7F112012548CDE90B4024480A90CDE908010DA8079004200290214801900320049007A803900020059001A800F02BF9284600F032F9B5F86C006C21062808BF6E216858E86605F1700094E80E000EC00020E8
S3FF08003E38FFF788F90C4601280DD10F2C14D84FF49470012104FB00600125FFF7E3F8002818BF022500E00125284621460EB05DF804BBF0BD024A01E0064A204602F0A0FF3484000808000020913E00088D1C00086084000880840008B0B502AF86B0054600780C46DFE800F006361D280F5D632E90157100681C6E49039003A82B1D009020460C2215E0D4E905010B22CB6861497FE0A81C039057480822009003AB56494CE0681C039003A800902B1D5B4920460822FDF7D3FF44E0D4E905010C22CB68554966E0681C03904D480C22009003AB4C4933E0281D0290D4E905010D22CB684F49984700218DF810008DF81110072245484C490394009003A829
S3FF08003F3202ABFDF7E9FD9DF811009DF81040002846D0D4BB0398017F49075CD4D0E905010222CB6843495BE0D4E905011222CB68394931E0281D0390354810223549009003AB2046FDF7DDFF0446204606B0B0BD681C0290D4E905010A22CB68224998478DF814000020204AA91C04948DF81500039003A8FDF70EFC1D4A02A9FDF70AFC03989DF8144058B174B10124DDE7D4E905010522CB681A4906B0BDE8B0401847002C18BF0124D0E7049D01280ED19DF8150058B1287F400708D4D5E905010122CB6801240B4998470028BED1D5E90501CB68084903E0D0E90501CB68144901229847B1E700BF767B0008C12700080928000874770008D576000815
S3FF0800402CB927000890760008717B0008E5270008657B000859270008C0780008537B0008487B00083C7B0008887600082F7B0008227B00086E7700086F770008167B0008E0B502AF01464FF06040019001A8FEF73DFC8CBDF0B503AF2DE9000F97B08246B0F86800BAF8981027F8660C6FF39F2040EA8120ADF81400DAE94301CDE90101FCF706FCADF83400674814900DA9CDE9120105A9CDE91001A7F166000F9000200B90042008906148079003200A900FA8099007A8FFF7C4FF5D494FF060400B22FDF7EDFFDAF8FC000AF19C08DFF86CB14FF0010A4FF00209002600EB4000800090B3039053480E905348CDF830A00FAC0B94CDF820900790CDF806
S3FF0800412628A00DA802F074FECDE91460202013900A20CDF83480CDE91160CDF83C9007AD2846D84748480F904848089008F1040002F053FE46480F904648089008F1080002F04BFE039808F10C080C38CBE741494FF060400E22FDF7A5FFDDE90101FCF72FFC05A94FF0000B1FFA80F902240126002504310391A8B2484533D2DDE901012A46FCF72AFCCDE905010DF13C0A33480DF11C080F902C48CDF84CB010941296CDF84480089005A807905046FFF74BFF22480E9003980D902A48CDE90BA6089407900A960DA802F013FECDE914B0202013900A20CDE911B040460F94FFF733FF0135C8E7DDE90101FCF7A1FB059012480E9005A80D9001200C906F
S3FF080042200FA90B910221164A0792202208910A900DA802F0F0FD1590002013920A221490CDE911020F9107A8FFF710FF17B0BDE8000FF0BD8D1C00086C8900088C890008C51D0008008A00086D4000081C8A0008570C0008388A0008D50A000897890008B8890008C8890008E489000802686AB1E0B502AF0430094A01900748009001AB084611460422FDF745FE8CBDD1E905010422CB680249184759270008B0760008B4760008B0B502AF044608780D460B2801D1002003E010462946FFF76DFD15F80C2F0B2A01D102F0CFBD95E8070007C4B0BDB0B502AF0D46044611F80C0F0B2801D1002002E01046FFF756FD2A780B2A01D102F0B9BD95E807003A
S3FF0800431A07C4B0BDD0B502AF86B0044603A800F029F89DF80C000B2810D1DDE9040100228DE8070003A86946FEF7E1FA0398072811D104980221C4E9001011E09DF80F10E171BDF80D10A4F80510DDE90412C4E90212207102E040F20770A0800120206006B0D0BDF0B503AF4DF804BD04460846164611461A461D4600F055F810B10B20314603E00121002035466170C4E90115207002F030BDF0B503AF2DE900074FF494721D4C00FB02401FFA81FA4FF000090025D0F89880194860F39F18194800F18006B5F5945F25D03078F8B16019B0F86C1006291AD1B0F86E20911E89B2042928BF042104290FD0032918BF02290DD1B0F87010514509D103214E
S3FF0800441444F80580C0F80490FEF76CFE01E0012AF1D005F594750136D6E7BDE80007F0BD08000020FCFFFF03881200200123FEF7B7BBD4D4F0B503AF2DE9000FB1B082460888D1E9016B6FF01F019146012806F12804069408BF6FF0270101EB0B00A74A079008A806A9FDF76BFF089D06F12008C5B3CDE904A6B9F1000FDDF824A067D00DAE294652463046FDF792FF9DF83400002840F00981CDE901B40422DDF83BB00026DDF859900024CDF80C80A34530D9ABEB0408B8F1040F28BF904600204C450DD0DAF80CC021460D900DAA28460423E047C0B2082840F0E4800D98042244444640E3E78C480B900CA80A900120CDF830802B900DA92A91022183
S3FF0800450E884A26922022279129900AA802F050FC26A8FFF7A4FDE1E00DA802F057FC9DF83400002840F0C0800020DDF85910DAF80C4004230D900DAA2846A047C0B2082840F0B2800D98DDF80C80DDE901B4B0420DAE40F0AC80CDE902480726059C0F96616A206ACDE90D0100206649FEF78DFF66490220259000201296CDF804B0CDE9104BFEF782FF26A802F020FC02F097FC40F0B380BDF8AD004FF00209059026AC4FF000084FF0000B0598584543D0204602F00CFC02F083FC40F09980BDF8AD00834580F09480204602F000FC02F077FC40F08D80BDF8AB000021DAF80C60224628910C23CDE9261108EB00012846B047C0B208287BD1B9F1070F7D
S3FF0800460813D826AA09EB490307CA0DAE02F01F0246F8230006EB8300C0E90112259800F101090020CDF8949000E001203B49FEF72FFF0BF1010B08F10C08B8E726A829465246FDF7E0FE02F03DFC56D1DDF8A58026A829465246FDF7D6FE9DF89800049EDDE902B9002848D1DDF8A54054B126A802F0AFFB02F026FC3FD1DDF89F00001B051F00E0002506F108000DA9642202F0B6FD08EB0B00B8F1000F08BF454608BF0120C6E91B050198C6E900901FE0DDF80C800DAE1B4802210B900CA80A900120194A26922022CDF83080CDE92A60279129900AA802F06FFB26A8FFF7C3FCDDF810A00020CAF86C0002208AF8000031B002F07FBB084802F057FBEE
S3FF08004702094802F054FB044802F051FB00BFA4860008D8860008E8860008F8860008188700082887000808870008C51D0008C8860008F0B503AF2DE9000F8FB03C6983469A469146884627F8524C2046FEF7FDFC60B30E46102980F0008182484FF4947106FB010540464946FCF7E8F80446D5E94301FCF7E3F8844230D900200B90022008907B48079001200A9004A8099077480590A7F15200049007A8FFF766FC37F8521C7448FEF7FFFC37F8524C7348002110290ED045180E46013195F88020002AF6D107A82146324600F0EBF89DF81C00E8B140F20140ABF8000015E00220002408906148079001200B940A9004A809905F480590A7F152000490F2
S3FF080047FC07A8FFF735FC8BF80040CBF804600FB002F0F5BA0120CDF800B085F88000FEF77BFE07A841464A46FCF7A4F84FF494714E4806FB010BBDF81C004946ABF86A004046FCF7C5F80621ABF86C100321002808BF0221ABF86E1040464946FCF730F8ABF868000BF58271B8680024CBF80001F868CBF8984081E8110358466821CBF8FC4002F0C4FCDAF860000BF19C05DFF8F490CBE9464400EB4000CBE92044ABF814414FEA8008CBF89040B8F1000F19D0072C0ED8514604EB440091E81C0005EB80001CC0DBF8FC00441C0020CBF8FC4000E0012049460AF10C0AFEF7DFFDA8F10C08E2E7DBE94301FCF77FF80DF1100900251FFA80F8A8B24045DE
S3FF080048F616D2DBE943012A46FCF77FF837F8522C0446CDE902010B4648462146FEF7FDFC9DF8100048B99DF8110058B90135E5E70099002008704E606CE7009940F20130088067E7002011490B900120079108900A900DA809900E480E9002A80E490D9007A8FCF74AF9014A304602F02AFA7887000808000020A08700088D1C0008C88700085C1300208812002054830008D8870008570C0008E0870008000604BF0846704780B56F46104602F007FAD4D4F0B503AF2DE9000781468A4601F00F001B49904660F00F0201EBC003FAB11D461B8813B36E88013205F108031FFA8AF4A642F3D12846FEF7BBFD02F05BFA012089F80100002015E00D4609885E
S3FF080049F069B16B88013805F108011FFA8AF29342EAD00028F2D10120C9F8048004E002F043FA002089F8010089F80000BDE80007F0BD00BF88120020038823B94180012142600180704780B56F4602482421024AFCF7E2FD64850008C085000880B56F46ADF5167DDFF8D823DB485060DB484169B1F1FF3F0EDCDA498160DA4981604169B1F1FF3F06DCDFF814042F21DFF81024FCF7C2FD4FF0FF31DFF8A8B3C2E904014FF00209D04800254FF0010A002682F820908046C2E90615B6F5945F1BD00BEB06046A21204602F0A8FB04F582701221C4E92055C4E93F5AC4F89850C4F89050A4F86E90C4F86A8002F091FBC4E9465506F59476E0E776A9002055
S3FF08004AEA0022802A04D08B18885008325860F8E705AD502105F1800002F07CFB76A92846802202F07BFBC94C2946D022AA46204602F074FB00200022C4F8D00039A9C02A05D08B1888500C32C3E90100F7E7C04839A9C02202F062FBBF494FF060401922FDF7BEFA0AF108000390B6484FF42049002510300490C44E4FF480144FF0010BB5EB195F6ED10499504632464B46C846FDF7DBFC9DF81A0090B19DF81B0078B9BDF818009DF81C1000F01F0024FA00F000EB080969B1BDF81420012AE0D11CE0BDF8180000F01F0024FA00F000EB0809D6E7022009950690AF480590CDF820B076A80790AD48779070A87690AC48404470905046FFF745FAC2E775
S3FF08004BE4ADF8D8B10DF5EC7BBDF8162048F000638DF8E4115946CDE977305046ADF8DA210122FFF71FFC209C002C00F0D780039958466422DDE9056502F0F3FA30462946DDF88480FBF748FE02902A46504631465B46CDE900480025FFF77AFD06999DF814008C4AFFF7A2FE88E77D494FF060402222FDF738FADFF8D8810DF5EC79754B00200021159080290ED001F10802595A00291146F7D0991851F8041C4AF82010114615980130EDE705A94846442202F0B8FA869800254FF494768400AC4209D059F8050010286ED200FB0680FFF7E6F90435F3E7604B002000210D90C0290FD001F10C02595A00291146F7D0991831F80A1C05AC24F81010114630
S3FF08004CDE0D980130ECE705A94846242202F08AFA7E9800264FF003094FF0020B45004FF020084FF00A0A0024A54241D076A8204469900088FEF7ABFE00284FD04C4975914C4973914C49719169A97290043074900C201B90012070918DF87090CDE9198BCDE9176ACDF854B08DF850901396CDE91180CDE90FBACDF834B08DF830900B96CDE90986CDE907BACDF814B0CDF8BC9105A86E9004206B9038486A9070A8CDE96C096AA8FFF773F90234BDE72F4A4EE0DFF8A89009F19005FEF731F9DFF8988004464FF49476D4B128680F2837D800FB0680FDF738FE013C0435F4E7284801F0F8FF2E4801F0F5FF00BF803801000020024023016745AB89EFCD4B
S3FF08004DD8FF0006006FF07F00F0B100F108014844B0F8800000280846F6D009EB0100C06FFEF79CFC0F2814D84FF4947100FB018402F043F816480021BFF35F8F01702046FDF748FF104A05E012481321124AFCF794FF0E4A01F0C4FF1C14002008000020881200205C130020A4800008BD800008CC8A0008C51D00088D1C00082D280008AC8A00087C8A0008488100083881000800000020DF8000082881000821360008948600088486000874860008570C000820000008047A0008707A0008F0B503AF2DE9000FD7B0B1F868600446DFF8E48E0121D8E84F0FC8E8421F002AF9D10028BFF35F8F41F0D5823046FEF743F9002801F0D1828B460C2C00F2C8
S3FF08004ED2B881DFE814F00D00840121014D019700A001BA016C0110020201E4016200D700BBF10F0F01F2E8824FF49475DFF8909E0BFB05F059F800404FF6FF70210C814200F06B8218A801F0B4FBDDE918A6BAF1020F40F04083102E81F0F7824846C14601460BFB05084FF4947006FB001030F86C1F062940F0AB8330F8021F012900F2A68391B1B8F868200125B8F89810ADF860506FF39F2242EA8121ADF8621018A9FBF78DFD002800F093830AA85946324601F0B5FB9DF828000C2840F067864FF0020A5096CDF83CA18DE3BBF10F0F01F295824FF49470DFF8E44D0BFB00460BFB00F0D6F80490215818A801F062FBDDE918A5BAF1020F40F0A18190
S3FF08004FCC102D81F097824FF49470C24605FB004849464046FEF71CF800240028C6E9004400F0A582B8F86A00D046B6F86A1088423CBF5095022400F04EBEBBF10F0F01F262824FF49471DFF87C0D0BFB0106D6E90354601980F009813168D6E9019835A801F02AFBDDE935A2BAF1020F40F0BB81CDF8008035A801F00DFFDDE935A0DDE93723BAF1020F40F0C183DFF8348DC00700F0A281CDE900B5029418A8099C214601F0FEFB9DF860000C2840F0E88419980021C6E9001000F0F8BBBBF10F0F01F224824FF49470DFF8FC6C0BFB00604568062D80F03C810168C146B0F89880B0F8684018A801F0E8FA1898002800F03F83012840F043839DF8642002
S3FF080050C6DDE91A010B2A00F03783BDF86640C8469DF8653020E1BBF1100F81F0FB814FF49470DFF8A44C0BFB00F1DFF8A02C0BFB00409368D268635000F180067ACE0B4304BF1D461C46C0E901210C3070C0002400F0C4BDBBF10F0F01F2DE815A464FF49470DFF8644C0BFB004109925043D1E90169D1F80CB0B1F898A0B1F86850215835A801F09CFA3598002800F0D081012840F0F5819DF8D800DDE9379B0B2800F00B82BDF8DA209DF8D9101EE3BBF1100F81F0B4814FF49472DFF8101C0BFB0210DFF80C3C0BFB02F29D68DE688958002900F01E81D0E901230024C168AD1A76EB030580F0F781012515E1BBF10F0F01F297814FF49472DFF8D01BE0
S3FF080051C00BFB02100BFB02F240688C58002800F09481012840F0D881C246DFF8BC8B8FE1BBF10F0F01F281814FF49470DFF8A01B0BFB00142046FDF760FF012840F09A8000204FF6FF72C4E90002C4E902100021C4E9040000F042BDBBF10F0F01F267814FF49471DFF8680B0BFB0104D4E90365A819C0F09B8040F20710ADF83C014FF0010AAAE201204E900020A0E1BBF10F0F01F24F814FF49471DFF8340B0BFB01060BFB01F17568415818A801F00BFADDE918A2BAF1020F40F0A58000245946009418A82B4601F0E0FBDDE918A11B98BAF1020F40F0FF81C6E90041B06000F001BDBBF10F0F01F227814FF49475DFF8E04A0BFB05F020586FF39F20CA
S3FF080052BAFDF747FF002800F014810F2901F219814FF494720BFB054001FB024100244F94B1F89820B1F8681002F03F026FF39F2141EA8221016002204E9000F0D5BC08208DF8600018A95846FEF759FD0446509100F0CABCDDE91A015191CDE94F5059E0082307228DF83D314FF0010A8DF83C210C220823ADF83E412FE2B4F868102246B4F898004FF6FF73D5686FF39F21069241EA8024E80F29460122ADF828400490FDF7E3FE0028059500F02781002400F08ABC2168D4E9019835A801F086F9DDE935A2BAF1020F17D1CDF8008035A801F06AFDDDE935A2DDE93701BAF1020F0DD1DFF8F089920700F155824FF0000A0120CDF840A14F90F3E13798D6
S3FF080053B43899519150904F92CDF838A100F015BCDDE91A015191CDE94F20CDF838A100F013BCC16800250024C0E92054C0E92223C0F8901000F05BBC3046FDF7ADFE002801F087808A460F29CDF824B001F284804FF494710AFB01940AFB01F1D4E9028E6FEA08002546D4F810B055F8042F39F801106FEA0B0C4B1E0B2B00F24781DFE813F00C00B0029702630263026302630263026302DE0269020103824298BFE64500F2C18318A82146434676462546FEF75CFFDDE918A0BAF1020F40F07F84FDF76BFE002800F04086102981F078804FF49470324601FB00905B46D0E91D1908912946B0F87260B0F86EA0B0F86C40B0F8708018A8FDF76AFB01F063
S3FF080054AEF9FC40F05986DDE91901062CCDE91401079440F0A686002900F0F887002142460170012016904EA814AB5146FDF7E7F84E98072800F0DD874F9900F0E1BF01204E9002204CE0DDE9379B41E0C246DFF89C88DFF89C980025002005EB450109EB81010C390F2D0ED831F80C2F0135002AF8D08A88B24204BF8A68A242EDD14888C0470120E9E7C00702D00024D046B1E30120D04622E00896369E0F2E00F2E5876FF39F2545EA8A20ADF8D800EA4835904FF4947006FB004835A908F16C0001F076F9002800F015814FF00009DFF810884FF0020A082004211DE101204E9006208DF83D0107208DF83C0133E3C0E92044C0F89010FDF73BFD7CE363
S3FF080055A8DDE91A015191CDE94F60F2E0002D00F11281DFF8E8470DF59C784FF4947500200790CDF824B0FDF715FD814600200026CA464E90B14515D004EB8600D0F89010594508BFB246CA450AD20F2900F23587DFF894070AAA01FB0500434601F0F0FA0136E7E704F19006DFF87C474D464FF4947BBAF1000F11D0002D00F07F863168102980F0808601FB0B400AAA434601F0D7FAAAF1010A013D0436EAE74E98012840F01881DDF83CB118AC099A4FF494752046594601F048F89DF860000C2800F01181404621465A46FEF728FE9DF838010B2840F01081DDE94F23DDE90701FDF7FDFCCDE90701DFF814479CE71A9ACDE94EA1CDE95020ADE20125AB
S3FF080056A2042060F30F0440462146FDF724FDCDE94F564FF0020ACDF838A1C84698E2142900F0E681152900F015821F2900F07F82202900F0B582242940F00F81824200F27B82042E40F0CB8318A801F0C2FB01F0D7FB40F0CD841A98DDF824B0DFF88C86012840F2E58419980188DFF884061030FDF715F904461920FDF75BFB01F060FB18BF032118BF0322022808BF0A46002C18BF00224F925BE2DDE91A014FF0020A0822042324E06FF39F2444EA8828199C0F2C00F2E5866A4818904FF4947004FB0060ADF8648018A96C3001F076F850B90A208DF861508DF860002046ADF8628018A9FEF718FB4FF0020A082200200423C8464EACE050A150CDF847
S3FF0800579C38A128E26FEA0B00814543D907200121DFF8E48D8DF83D114FF0010A8DF83C010C200821ADF83E214EAA42F8019042F800B0CDF838A1DDF824B00CE24FA90DC1EEE54EA8294600F04FFFDDE94EA8BAF1020F5FD1B8F1100F80F098864FF49470DFF89C1D08FB001021466C30FBF755F9002800F0348235A841465A4600F06AFF9DF8D4000C2840F0918200200021DFF8688D35E2D8E9031042184BD340F20710ADF8D40035A93046FEF7B8FA81468B4695E6DDF82490324602915946CDE9009018A82B4601F004F89DF860000C2840F0F48019980021C4E900104F9100F007BC0798DDF824B00238B0FA80F04409F7E10798DDF824B0C1B220F06D
S3FF08005896FF00DFF8F88CFDE101F004FBDDF824B042EA0141DDE94F3205E0DDE950324FEA18215FFA88F040EA0120DFF8D08CCDF838A1CDE950324F9095E1CDE900614A46029018A809995B4600F0C5FF9DF860000C2840F0FD8119980899C8E90010404601F0B0FA3CE640F207706DE100BF06000500DDF824B00025DFF8848C40F2FF3086424FF0000040F0B283D4E943012646FAF7C9FFFDF70FFC002800F065820F2900F210864FF49470344601FB009090F81411002900F09A83B0F89810B0F8680001F03F016FF39F2040EA81208FE3824200F2388118A801F087FADDE918A0BAF1020F40F0FA81DDF824B00104DFF8108C1CBF81B28E4240F086834A
S3FF0800599040F2073051E4824200F21F8118A821464346FEF7ECFC01F07CFA40F0FD81DDE9190135AB0022A24607C318A835A9FCF7A3FF1898DDF824B0DFF8C88B07280DD1DDF8649018A835A9FCF73FFD1898072804D19DF86440022C40F08B8340F20771E8E1824200F2F18018A801F03BFA01F050FA40F0EE81DDE9190135AA002413C218A835A9FCF721FD1898DDF824B0DFF8748B072840F021839DF86400C5E9004485F814014F9428E3002094F81511C4E900104F904FF0020ACDE035A818A92246FEF738FC04E035A818A94A46FEF749FC9DF8D4000B2807D136984FF0000A37995090012051919AE49DF8D7108DF83F11BDF8D510ADF83D1137998A
S3FF08005A8A519136995091F3E2002340F2FF30864240F03081DFF8881B4FF0604018220595FCF70EFBD4E94301FAF703FFD4E943012546FAF7FEFE0890FDF743FB8046002800F0DC810F2900F245854FF4947001FB00900899B0F89840B0F868600020FDF75EFB6FF39F2646EA8426C7E182426FD818A801F0BFF9DDE918A1BAF1020F40F0708110A8FDF731FDBDF84000DDF824B0DFF8788A032800F07081DFF8D42A14A810A9FDF76CFDBDF85000012840F0658118AC14A900222046FEF781FC33980890002800F05A81079504F10801DDE9185635A8642201F052FB28463146349CFAF7A8FEFDF7EEFA002800F09D831029CDE90446069580F0FA844FF4DA
S3FF08005B849470DFF8142A01FB0029D9E94301FAF728FFDFF828BA84B2DFF8706A0025A8B2A04280F0FA82D9E943012A46FAF726FF8046FDF78DFF4EA859464246FDF72EFC4E983146FDF766FC0135E8E7824298BFE64540F21F8140F20710ADF83C014FF0010ACDF838A1DDF824B0DFF8A489BAF1020F01D14F9C52E0BAF1000F0CD04EA818A904300A4690E83800584638C2FEF7D1F80446084643E0BBF1100F80F051844FF49471DFF870390BFB01F2DDE94F5451980BFB01319D5000224A6030E0042E64D1DFF870091030FCF771FE00214FF0020AC4E900014F915EE018A80AA93246FEF745FB01F01BF95BD1DDE91956022D18BF012513E50024DFF89C
S3FF08005C7E1489DDE9041041EA00410698FDF735FA002C4FF0010118BF02210020089A509241EA00045098BCB1012C07D15846FDF742FD102805D3DFF8C429D5E3102880F0DD834FF49472DFF8D41800FB021401F0E1F8DFF8E40804600020BFF35F8F88F8000057B001F08AB835A818A93246FEF701FB9DF8D4000B2841D1DDE9369B3DE40422254600200021DDF824B0DFF88888A7E140F207304FF0010AADF83C01DDF824B0DFF8708839E59DF863104FF0010A8DF83F11BDF86110ADF83D111A995191199950918DF83C01B7E44EA835A94246FEF7B9FA9DF838010B285BD1DDE94F01089100280FBF00240238B0FA80F0440985E71B9A1A99519250917F
S3FF08005D784F9034E7DDE9369BBDF8D6209DF8D51010E500BF00000020080000201C140020093B0008D53A00085C130020881200209DF86310BDF86120DDF824B042EA0141DFF8D88740EA0121DDE919024F914FF0010A010E8DF84001000A5192CDF838A18DF84311ADF8410107E701F023F8DFF8AC8740E1DDF824B0DFF8A087DDE91A02CDE9500206E0002034463FE101240021C5E90041CDE94EA1EFE601F04AF846E5042E31D118A81646214672465B462546FEF779FADDE918A4BAF1020F40F05C81284631464246FEF7FFFA002800F0A181DFF86C072146324643461030FCF7A0FD04465020B8FBF0F0FCF7B8FF00F0BDFF18BF032118BF0322022807
S3FF08005E7208BF0A46002C18BF00224F92B4E640F20730ABE640F2FF30FDF75FF9012840F0508340F2FF300C46FDF705FB002840F04B8318A808992246FEF77BFD9DF86000002840F04483D5E94301FAF7FEFC01210024C5E9464401EB96210496B8F1000FCDF8188018BF01F03F08A5F868004FF494700AFB0090C5F89880079500F58679D0E94301FAF776FDDFF8C4861FFA80FBA0B2584533D2D9E900012246FAF777FD81B200F00F00421E00EB400308EB83039E1C0F2A0AD033460C3633F8025C0132002DF6D01B888B42F3D110E008F102030022904200F095821E460C3336F8025C0132002DF5D035888D42F2D1013A02EB42000899013408EB8000F8
S3FF08005F6C8180C8E70698D0B104995046FEF71AFA00F0A3FFDDF824B00028DDF81C9000F0EA820F2900F2EA824FF49470DFF8002601FB00200121FDF73BF8804605E04FF00008DDF824B0DDF81C90D9F80C1118A8FDF7DAFABDF86000032800F0B282DFF8EC05199E00F11005DFF86C2606F1784335A82946FCF7A8FA9DF8DA00002800F0A0829DF8DB00002840F09B829DF8DC00002840F09682BDF8D6100122BDF8D400BDF8D830CDE9000118AC00212046FCF72FF900F016FF002840F08F822846FCF782FC002840F08B82B8F1000F08D000F044FFDFF85485002800F09282022002E00120DFF844850022059DC9F800204EAC002308222B6060604EA859
S3FF0800606681500FE007210720CDE95043ADF83E218DF83D118DF83C01FFF7DEB80020C4E900054F954FF0020AFFF784BB00F0CBFEDFF8FC841CE0FDF756F800286ED0B5F868200923B5F898008DF860306FF39F2242EA8020ADF8620018AA08461146FDF778FE0020C5E900004F90DBE7072107204FF0010A40EA0120CDE95043ADF83E21CDF838A1ADF83C0180E5DDE91A015191CDE94F4074E540F207206DE54846FDF722F8002800F0A2808846102980F03B824FF49470DFF8801408FB001BBBF8980008905846BBF86850FDF73DF908986FF39F25E40745EA802502D0584600F08AFE40462946FEF731F91FFA89F0864240F08580002C40F085804FF018
S3FF08006160020A012083E09DF86310BDF8612042EA014140EA0120DDE919215191CDE94F022FE540F20720FFF758B84FF0010A4FF480705196CDF840A1ADF83C0123E599F8141109F16800002965D000210124529102214F91DFF84C144E91519455A95091DFF84414CDE955014EA8FDF74FFF48464FF0004189F81541FCF720FFB9F86C00069DDDE90446062862D1B9F86E00023880B2042828BF042000F00600022857D10020C449C9E90010484600F026FE4FE0002900F0528101214FEA182401705FFA88F01691DFE810F00B00B0008C00C6008500E200EB00CC00FC00A90006011598012840F20981149800214170022016907EE040F207204FF0010A9C
S3FF0800625AADF83C01FFF7B6BA0020CAE900004FF0020A0020CDF838A14F90B9E4022100244F91DFF88C134E9101215294519155A95091DFF87813CDE955014EA8FDF7E9FE0920A9F8724089F870000320C9F86C00069DDDE9044640F2FF300899CDE90014294602904EA835AB3246FEF736FA9DF83811DDE94E0421B1000600F0518101241DE0DFF840232146FEF755FB102C80F052814FF49470AA4904FB001040F2FF3100240123A0F86810AD49C0F898408A68C968C0E94634C0E94821FCF786FBDDF824B0DFF87482079D70E5B04A48464946FAF775FCAD4A98E015980228C0F07180149804215AE01598012840F28880149802214170169118A814A96E
S3FF08006354089A4B46FCF769F91898072823D115991698884280F07880002C18BF012414990C5401303FE035A814A909223346FCF740F947E01598012864D91498012141700220169018A814AA0899FCF761F91898072800F070801A9A19993792369154E01598022830D3149803211AE0159802285DD3149907224A7002211691DFE804F005050505050505055500159802284ED914988470032020E01598022814D31498052141700220169045E0159802280BD31498062141700220169035A814AA0899FCF726F9359834E0002041E0159802282DD314980821417002201690072027E0159801280ED914980A214170159803280AD9149846801598042858
S3FF0800644E05D9149804710520D0E714A836900020359020E05F4A084600F0A7FCFCF7BFFD844800F09EFC7A4800F09BFC7F4AF3E70228B0D10020359007280CD118A814AB07995246FCF70BF91898072806D107204E9016990BE04E90369901E019994E9020B1072803D040F207705FE610210020C5E90001FFF7BEBA6A4A16E0494A14E0354A12E03E4A10E0304A0EE0364A0CE03D4A0AE03B4A08E0354A06E03C4A04E0364A02E0344A00E02D4A5846B4E72C4AB1E7294A2846AFE75B4800F052FC3A4A5046A9E700BF0000FFFF2F4A00E0354A3046A1E71F4A20469EE7304A40469BE74B4800F03EFC3E4800F03BFC3E4800F038FC3D4800F035FC4448D3
S3FF0800654800E0404800904EAA3F482B213F4BFBF774FB424A82E7334A80E7374800F024FC344A7BE7364800F01FFC3E4A76E7224A74E726482E2100902548264B559455AAFBF75BFB364ACCE7244AC7E700000020008300080800002010830008E0820008F0820008C0820008D0820008E08100081C140020B08200085C130020808200087082000860820008D08100084082000850820008208200082484000814840008048400083082000800820008108200083C800008F087000800880008A08300088D1C0008748300084088000810880008B47C0008E47C000820880008308800087C800008E0880008F088000814860008248600081089000800890B
S3FF0800664200082136000894800008D07A0008F47C0008A47C0008C07A000820890008308900086C8000085C8000084C800008F08100082C800008C0810008B0810008A0810008B0B502AF044608466FF39F200D46FCF75BFD90B110291ED212484FF4947201FB0200ABB2D0F8980000F03F02B2EB932F09D10220C4E90001B0BD40F20720A08001202060B0BD084A0021A16062F39F10C4E90010B0BD024A084600F06BFB00BFD083000808000020FCFFFF03F0B503AF2DE9000F8FB00F2900F2A6804FF49478544E01FB086581460792D5E904BA05F1040EB5F898000690B5F8680005905FEA8A7001FB08F0AC6908949EE80C406FEA030C305A049002D08F
S3FF0800673C4FF000080AE00C204FF00008A4FB006020B9F043824598BF4FF00108624503D90B20C9E9012306E06FEA0B0086450BD90B20C9E901EB89F80C0040F20710A9F800000FB000F03BBBB8F1000F15D007984FF49474314E00FB04684443D8F804C034591CEB0406089E0ED340F20711C9E9014CA9F80C100B2047E00B2089F80C000898C9E901A0D8E78DE8111009AC204600F04EF89DF824000C2823D1059900220698C8F814606FF39F2141EA80200A9980B2C8E9002008F10802049882E80308B8F86810B8F898006FF39F2141EA80200004411D2846FCF771FC404600F01FFB0C2012E09DF8271009F1080289F80310BDF82510A9F8011004F13E
S3FF080068360801DDF828C091E8780078C2C9F804C089F8000098E7014A084600F0B2FAA08200080800002080B56F46FCF7E4FF80F0010080BDD4D4F0B503AF2DE9000F8FB0D7F810801C46D7F808909246434538BF98460E46834649451DD2CDF808B006F1010B654A0BA8594600F077F90C99B14240F2A7800E99A9EB0B00884280F0A7800B994FF494730D9A00FB0325DDF808B006FB03111AE0B14580F0978009F10105534A0BA8294600F058F90E99701B884280F090800C99494540F28F800B994FF494730D9A09FB031500FB032103A852462346FE68FDF738FD3B690021581E41F1000144B139B104EB0A010139B14224BF3044504555D20BA82946A7
S3FF080069303246FCF725F99DF80C409DF82C50DDE90C960B2CBDF82D00ADF818009DF82F008DF81A0008BF0B2D26D00B2C05D003A80B22411C07A800F04CFC0B2D1FBF9DF81A008DF82A00BDF81800ADF828008BF800400BF1010007A90B2200F03AFCBDF82800ABF80D009DF82A008BF80C50CBE904968BF80F0014E0244B404649463246DDE904A5FBF78CFFA8452DD8204A43460092524600F0E4F90C20CBF804808BF800000FB000F011BA4FF001099DF80C409DF82F0000258DF82D908DF81A00BDF82D00ADF81800B0E70E4A3046FAF70CF900F0EAF80C4AFAF707F9074AFAF704F9064A4846FAF700F90A4A40462946FAF7B8FA00BF0485000814853F
S3FF08006A2A000824850008348500084485000854850008C4840008E4840008D4840008F0B503AF2DE9FF0B15460F2A00F2928081464FF494704A4E01FB0061984605FB0064484B0193B1F89820B1F8681004F16C006FF39F2141EA8221ADF8081001A9FFF7E8FE30B100200121C9E90001C9F8080018E06069810707D1D4F818C00C22ACFB02320AB91A1811D340F20710ADF8040001A92846FDF77BF901220023C9E90032C9E9020108B0BDE8000BF0BDBCF1000F2BD04FF49472D4F8FC4005FB0262034404EB4404A432A40084B152F8086C864209D852F8041C31448B4204D8116801F01901012911D00C3C0C32EDE7079001244FF480700694ADF8140028
S3FF08006B2405A92846FDF746F90022C9E90024CAE7C44516D908EB4802B968002400EB8200D0E90123551844F100048B420CD35CB900685B1A02241144C9E90213C9E90040B3E740F2074001E040F20750A9F804000120C9F80000A8E7014A284600F01AF9908200080800002006000500D0B502AF86B011293FBF0E4AC1F110034FF4947401FB04243FBFC0E90021C0E9024306B0D0BD00200121019104490490039004200091114602906846FAF710F89C7C00080800002080B56F460148FBF7D4F800BFF4840008F0B503AF4DF804BD0D46118806466C301C46F9F75CFF50B12168B6F86A0011B12189884203D220810120C4E9000500F0FBB8D4D4F0B57C
S3FF08006C1E03AF4DF8048D8CB0D1E905540C22E6681F49D0F800802846B04708BBD8F818001C4900F10C020591CDE9031200F1080102911849CDE9000100200A90032069460990CDE9070121461448069006AA2846FAF7E8FC20B9114928460222B04720B101200CB05DF8048BF0BD08F10806D8F81400D8E900C14CCE0B9008A84CC02846CDE906C106AA2146FAF7CCFCE9E7F0760008570C00082F160008D8760008FC760008E0B502AF00228029019203D28DF80410012230E002220B4662F39F13B1F5006F05D28DF80530C02343EA911121E0B1F5803F0DD28DF80630E02343EA1133890962F39F118DF804308DF80510032212E08DF807308B0962F335
S3FF08006D189F138DF806300B0B890C62F39F131E2262F3DF0104228DF805308DF8041001A9FBF7D7FD00208CBD0A46496801290149FAF77BBCDC8A000880B56F468AB00090002072B6059002200290094801900120049007A8039007480890684607904FF06040099009A801A9FFF7DEFFFEE700BFF88A00081D6C0008D0B502AF0C46994201BF11462246BDE8D04000F02EBABA6820461946FBF706F980B56F46FAF7E9FF1021F9F72DBF289003208DF850000C201390002011920A221290CDE90F020D91704729465246FBF7F1BA00225091C5E900424FF0020A02210122CDF838A1002C7047BDE8000FF0BD079020461396CDF84090CDE9115A58475DF836
S3FF08006E1204BBF0BD099003208DF858000C207047D1E90548D8F80C607047DDE91943BDF862209DF86110DDF824B070470690012002910390059008A8049070472846314622462023FBF79FBD0321FCF74CB959464B460992FFF7EFBD294652464346FCF7C2BA214643462546FDF780BA214643462546FDF74BBAC4E901010B202070B0BD2046FBF7BABE284651464246FDF7C3BD9DF860000B2870479DF83B114FF0010ABDF83921704752F82020D1E90501CB68214670470420FCF740B99DF898000028704700F05AB800F09FB8042A18D3B0B502AFA2F1040E012303EB9E0313F0030414D08C4603465CF8045B012C43F8045B15D1184661467246BEF153
S3FF08006F0C0C0F21D208E08C46034618466146FFF7DDBFBEF10C0F17D2BDE8B04018466146FFF7D4BF4B68022C436003D1083A0831083004E08B680C3A83600C310C3003468C46BEF10C0FE7D30B68103A0360032A4B6843608B688360CB6801F11001C36000F11000F0D88C460346BDE8B04018466146FFF7ABBF0B4611461A4600F0EBB8D2B2042938BFFFF7F6BFD0B502AF4FF00133A1F1040E5343012404EB9E0414F003040AD08446012C4CF8043B0DD160467146BEF10C0F19D202E0BEF10C0F15D2BDE8D0406046FFF7D6BF022C436006D1083908308446BEF10C0F07D2F0E783600C390C308446BEF10C0FE9D31039C0E90033C0E902331030032955
S3FF08007006F7D88446BDE8D0406046FFF7B7BF0022FFF7B9BFF0B503AF2DE90007102A63D3434213F0030400EB040C16D003460E46357803F8015B63450FD2757803F8015B63453EBFB57803F8015B634505D2F578043603F8015B6345EAD3A2EB040E01EB04092EF003080CEB08035FEA89713ED0B8F1010F54DB182129F0030201EAC90A4FEAC90102F108054942126801F0180655F8041C22FA0AF201FA06F422434CF8042B9C453CD22A6821FA0AF102FA06F421434CF8041B9C453FBF696822FA0AF201FA06F422433CBF4CF8042B9C4527D2AA6821FA0AF1103502FA06F421434CF8041B9C45D4D31BE00346F2B933E0B8F1010F15DB4C4621684CF8D1
S3FF08007100041B9C450FD261684CF8041B9C453EBFA1684CF8041B9C4505D2E16810344CF8041B9C45EAD309EB08010EF00302AAB11A440E7803F8016B93420FD24E7803F8016B93423EBF8E7803F8016B934205D2CE78043103F8016B9342EAD3BDE80007F0BDD0B502AF102A35D3434213F0030E00EB0E0C0FD0034603F8011B63453FBF03F8011B634503F8011B634503D203F8011B6345F0D3A2EB0E0E2EF003020CEB0203012A13DBCAB24FF0013462434CF8042B9C450BD24CF8042B9C453CBF4CF8042B9C4503D24CF8042B9C45EFD30EF0030212B912E0034682B11A4403F8011B93420BD203F8011B93423CBF03F8011B934203D203F8011B9342AD
S32F080071FAEFD3D0BDFFF709BFFFF769BEFFF769BEFFF703BF70460421084202D1EFF3088002E0EFF30980FFE7FEE7E4
S3FF080072244D53492073656C656374656420617320504C4C20736F757263652C20627574206E6F7420656E61626C656400247200082B0000007372632F636C6F636B732E7273000000587200080D0000004A010000190000004853452073656C656374656420617320504C4C20736F757263652C20627574206E6F7420656E61626C656400787200082B000000587200080D0000004201000019000000587200080D000000680100001C000000617373657274696F6E206661696C65643A20737973636C6B203C3D2038305F3030305F3030300000587200080D0000007801000009000000617373657274696F6E206661696C65643A2070636C6B31203C3DDB
S3FF0800731E20737973636C6B000000587200080D0000009E01000009000000617373657274696F6E206661696C65643A2070636C6B32203C3D20737973636C6B000000587200080D000000B901000009000000617373657274696F6E206661696C65643A20706C6C636F6E662E6E203E3D2038696E646578206F7574206F6620626F756E64733A20746865206C656E20697320587200080D000000D60100000D000000617373657274696F6E206661696C65643A20706C6C636F6E662E6E203C3D203836000000587200080D000000D70100000D000000617373657274696F6E206661696C65643A20636C6F636B5F7370656564203E3D20345F3030305F3097
S3FF0800741830300000587200080D000000D80100000D000000617373657274696F6E206661696C65643A20636C6F636B5F7370656564203C3D2031365F3030305F30303000587200080D000000D90100000D000000617373657274696F6E206661696C65643A2076636F203E3D2036345F3030305F30303000587200080D000000DA0100000D000000617373657274696F6E206661696C65643A2076636F203C3D203333345F3030305F303030587200080D000000DB0100000D000000617373657274696F6E206661696C65643A206F75747075745F636C6F636B203C3D2038305F3030305F303030587200080D000000DC0100000D000000587200080D0015
S3FF0800751200007C0100001F000000696E7465726E616C206572726F723A20656E746572656420756E726561636861626C6520636F6465587200080D0000007E01000016000000587200080D0000009101000020000000587200080D0000009301000016000000587200080D000000A201000020000000587200080D000000A401000016000000A0860100400D0300801A060000350C0040420F0080841E0000093D0000127A000024F40000366E010048E801006CDC02000000000800000004000000212300082F686F6D652F727573686E616E2D7265617A2F636F6E636570742D6F732F7379732F6162692F7372632F6C69622E7273D475000830000000F8
S3FF0800760C9A00000041000000D4750008300000009B0000001B000000D475000830000000A600000041000000D475000830000000A70000001B000000D475000830000000B200000041000000D475000830000000B30000002A000000207C200020202D4952513A2044656275674D6F6E2C204D4D4641523D01000000000000004275734572726F72496E6A6563746564524553455256454428656D7074792900524541440100FFFF536F6D654E6F6E655573657220202020575249544545584543555445444556494345444D41293A000100000000000000D676000801000000D67600080100000070616E69636B6564206174203A0A6578706C69636974AA
S3FF080077062070616E6963FE7600080E000000206275742074686520696E6465782069732000008C7300082000000014770008120000003A20000001000000000000003877000802000000000000000C00000004000000B1180008B11A0008FD1A0008207B202C20207B0A2C0A7D207D28280A2C6C6962726172792F636F72652F7372632F666D742F6E756D2E7273757700081B00000069000000170000003078303030313032303330343035303630373038303931303131313231333134313531363137313831393230323132323233323432353236323732383239333033313332333333343335333633373338333934303431343234333434343534362D
S3FF080078003437343834393530353135323533353435353536353735383539363036313632363336343635363636373638363937303731373237333734373537363737373837393830383138323833383438353836383738383839393039313932393339343935393639373938393972616E676520737461727420696E64657820206F7574206F662072616E676520666F7220736C696365206F66206C656E6774682000006A780008120000007C7800082200000042616453797363616C6C4E756D626572496E76616C69644F7065726174696F6E4475706C696361746564204952513A204F66667365744F75744F6652616E67654261644B65726E656C4D6A
S3FF080078FA65737361676572616E676520656E6420696E646578200600030000000000000000000000000000790008100000007C78000822000000736F7572636520736C696365206C656E67746820282920646F6573206E6F74206D617463682064657374696E6174696F6E20736C696365206C656E67746820283079000815000000457900082B000000D576000801000000617474656D707420746F20646976696465206279207A65726F0000008879000819000000807A00083F000000A3000000110000002F686F6D652F727573686E616E2D7265617A2F636F6E636570742D6F732F6C6962732F6862665F6C6974652F7372632F6C69622E72730000A9
S3FF080079F4BC790008360000005800000017000000617373657274696F6E206661696C65643A2021666C6173682E63722E7265616428292E6C6F636B28292E62697428292F686F6D652F727573686E616E2D7265617A2F636F6E636570742D6F732F626F617264732F73746D33326C34373672672F7372632F6C69622E72730000337A00083B0000008C000000090000002F686F6D652F727573686E616E2D7265617A2F636F6E636570742D6F732F6C6962732F666C6173685F616C6C6F6361746F722F7372632F666C6173682E727300807A00083F000000030200002F000000807A00083F0000000502000024000000807A00083F000000AB0100003D00AC
S3FF08007AEE0000807A00083F0000002B0200002F000000807A00083F0000002D020000240000005461736B49644D656D6F727941636365737361646472657373736F75726365537461636B4F766572666C6F7744697669646542795A65726F496C6C6567616C54657874496C6C6567616C496E737472756374696F6E53797363616C6C557361676550616E696346726F6D536572766572496E76616C6964536C6963655461736B4E6F74466F756E64496C6C6567616C5461736B4C656173654F75744F6652616E67654E6F4972714261645265706C794661756C74526561736F6E4B65726E656C556E646566696E65644F7065726174696F6E4261644D6573AA
S3FF08007BE87361676553697A654261644D657373616765436F6E74656E74734261644C65617365735265706C79427566666572546F6F536D616C6C41636365737356696F6C6174696F6E28292F72757374632F363836386338333161316562343563353135306666363233636566356534326138623839343664302F6C6962726172792F636F72652F7372632F636861722F6D6574686F64732E7273002F7C000850000000050700000D0000006D6964203E206C656E000000907C0008090000000000000000000000010000002525000863616C6C65642060526573756C743A3A756E777261705F657272282960206F6E20616E20604F6B602076616C756510
S3FF08007CE20000000000000400000004000000A127000863616C6C65642060526573756C743A3A756E77726170282960206F6E20616E2060457272602076616C756500000000000400000004000000EB28000835280008F9280008337A00083B0000002A01000010000000417373657274696F6E206661696C656421000000487D0008110000002F686F6D652F727573686E616E2D7265617A2F636F6E636570742D6F732F7379732F6B65726E2F7372632F617263682F61726D5F6D2E7273647D0008380000000A01000005000000647D0008380000001001000034000000647D0008380000002E0100000E000000647D0008380000003101000035000000C7
S3FF08007DDC647D0008380000003A01000038000000647D0008380000003501000017000000647D0008380000000301000005000000647D000838000000F90100000D000000647D0008380000001F03000005000000647D0008380000002703000041000000647D000838000000290300001E0000004E4D49004C7E000803000000647D0008380000004A0300000E0000007076000808000000647D000838000000510300000F000000756E6B6E6F776E20657863657074696F6E200000807E000812000000647D0008380000006B0300000E000000756E68616E646C656420495251200000AC7E00080E000000647D0008380000005B03000028000000495228
S3FF08007ED651206D697373696E6720636F6D706F6E656E74000000647D0008380000006303000049000000647D0008380000006403000011000000647D0008380000007603000009000000647D00083800000080030000090000004661756C74210A4B65726E656C206661756C74203A20434653523D2C20424641523D0000337F00080D000000407F0008070000007876000808000000477F000807000000647D0008380000004704000009000000647D000838000000AA04000031000000647D000838000000B60400001E000000617474656D707420746F2072657475726E20746F205461736B2023206166746572206661756C7400A07F00081B000000FF
S3FF08007FD0BB7F00080C000000647D000838000000B30400000D000000647D000838000000560500003C0000002F686F6D652F727573686E616E2D7265617A2F636F6E636570742D6F732F7379732F6B65726E2F7372632F6B6970632E72730000F87F0008320000001E0000003B000000F87F0008320000001F00000010000000F87F0008320000009E00000018000000F87F000832000000BF0000001A000000F87F000832000000350100001D00000041637469766174696E6720757064617465207461736B210AF87F0008320000006D01000051000000506F70756C6174696E6720737472756374757265732E2E2E0A2D2D2D2D2D2D2D2D2D204B6572D6
S3FF080080CA6E656C205374617274202D2D2D2D2D2D2D2D2D2D0A4E6F20436F6D706F6E656E74204C6F616465642F686F6D652F727573686E616E2D7265617A2F636F6E636570742D6F732F7379732F6B65726E2F7372632F737461727475702E727300F2800008350000007700000020000000F2800008350000007C0000001B000000F2800008350000007100000028000000F28000083500000092000000090000002F686F6D652F727573686E616E2D7265617A2F636F6E636570742D6F732F7379732F6B65726E2F7372632F73797363616C6C732E727300006881000836000000510000003B0000006881000836000000600000002900000068810008FF
S3FF080081C436000000590000002900000068810008360000007E0000001F0000006881000836000000900000001F0000006881000836000000A40000000D0000006881000836000000BC000000090000006881000836000000D3000000080000006881000836000000090100001B00000068810008360000002C0100000C000000688100083600000086010000160000006881000836000000970100000800000068810008360000000A0200001000000068810008360000004602000010000000688100083600000082020000100000006881000836000000A1020000080000006881000836000000220300001D00000068810008360000005303000010001F
S3FF080082BE000068810008360000008E0300001B0000006881000836000000980300001C0000006881000836000000AA030000100000006881000836000000B3030000100000006881000836000000D4030000180000006881000836000000E9030000080000002F686F6D652F727573686E616E2D7265617A2F636F6E636570742D6F732F7379732F6B65726E2F7372632F7461736B2E727300002083000832000000830000002800000053746F7070696E67207461736B200000648300080E000000F48A00080100000041736B696E67207374617465207472616E7366657220666F72200000848300081A000000F48A000801000000208300083200000093
S3FF080083B8E70100000D00000020830008320000007A030000190000002083000832000000B3030000110000006E6F207461736B732072756E6E61626C650000002083000832000000C80300000A000000208300083200000004040000150000002083000832000000050400001D0000002083000832000000000400002100000020830008320000002204000015000000436F6D706F6E656E7420205B64657363723A205D206661756C743A20448400080A0000004E840008090000005784000809000000F48A00080100000020830008320000003A0400001F0000002F686F6D652F727573686E616E2D7265617A2F636F6E636570742D6F732F7379732F6C
S3FF080084B26B65726E2F7372632F756D656D2E727300009084000832000000380100000F000000908400083200000038010000310000009084000832000000380100001C0000009084000832000000510100000900000090840008320000004E0100002900000090840008320000004F0100000F00000090840008320000004F0100002900000090840008320000004B0100002900000090840008320000004C0100000F00000090840008320000004C0100001F000000617373657274696F6E206661696C65643A2073656C662E6B65792E69735F6E6F6E6528292F686F6D652F727573686E616E2D7265617A2F636F6E636570742D6F732F7379732F6B65CC
S3FF080085AC726E2F7372632F737472756374757265732E72738885000838000000CE00000009000000617373657274696F6E206661696C65643A2073656C662E6B65792E69735F736F6D6528298885000838000000D3000000090000008885000838000000CB010000110000008885000838000000DF010000260000008885000838000000E1010000310000008885000838000000FF0100000D000000888500083800000013020000240000004E6F742066696E616C697A656420626C6F636B20666F756E642061743A200000548600081E000000F48A00080100000088850008380000002F0200002E00000088850008380000003A0200000E0000000000F3
S3FF080086A600000800000004000000212300084D616C666F726D65642048424620617420000000B486000811000000F48A00080100000088850008380000008A0200001F00000088850008380000009302000020000000888500083800000094020000260000008885000838000000A70200002F000000888500083800000099020000310000008885000838000000A40200000E0000008885000838000000C2020000110000008885000838000000C8020000120000008885000838000000CE0200000E0000008885000838000000D1020000360000008885000838000000E40200001B000000466F756E6420616E206F6C646572207461736B20666F722027
S3FF080087A08887000818000000F48A000801000000466F756E6420616E206E65776572207461736B20666F7220B087000818000000F48A000801000000D07800081000000088850008380000000B0300001900000088850008380000002703000025000000888500083800000034030000210000008885000838000000540300001800000088850008380000004D0300002200000088850008380000004F0300000D00000088850008380000003C03000016000000526576657274696E672075706461746520666F722074696D656F75740A0000008885000838000000630300001500000088850008380000009503000047000000888500083800000096030E
S3FF0800889A00001D000000888500083800000073030000360000008885000838000000740300002100000088850008380000007C03000015000000888500083800000087030000120000008885000838000000A80300001F0000008885000838000000B20300000A0000008885000838000000C9030000360000008885000838000000CA030000190000008885000838000000D1030000060000008885000838000000BD030000120000002D20436F6D706F6E656E7420776974682049443A20205B6964656E743A205D205B6F7269673A205D0A000000408900081500000055890008090000005E8900080900000067890008020000002020526567696F6EA5
S3FF08008994733A0A2020496E74657272757074733A0A2020456E747279706F696E742061743A200000A589000811000000F48A0008010000006876000808000000F48A0008010000002020204D61736B3A20000000D889000809000000F48A00080100000020202D416464723A20000000F489000809000000F48A00080100000020202053697A653A20000000108A000809000000F48A000801000000202020417474723A200000002C8A000809000000F48A0008010000002F686F6D652F727573686E616E2D7265617A2F636F6E636570742D6F732F7379732F6B65726E2F7372632F6C6F672E7273000000488A00083100000060000000270000002D203C
S3F708008A8E49525120206D617070656420746F2063696420206F6E20626974732000008C8A000806000000928A00080F000000A18A000809000000F48A000801000000488A0008310000005C00000013000000000000000400000004000000EB280008C16C0008416D00080A0000000100000000000000F48A000801000000100000000C0000000C0000000B0000000F00000010000000050000001000000013000000B0780008807B00088C7B0008987B0008A37B0008E0780008B27B0008F0780008B77B0008120000000E0000001200000009000000130000000F000000D07B0008E27B0008F07B0008027C00080B7C00081E7C000834
S30908008B8001000000E2
S3FF0800A0000000000000000000FFFFFFFFFFFFFFFF0000000000000000FFFFFFFF0700FEFF00200020001000007F43424601006C1500000A000100000004003C000200000000005400070000007000010068150000050001000010000081000000000000000000000000040048000400000B00000000540040000400000B000000480F00004C0F0000500F0000281000002C100000A4100000A8100000020000000100000001000000FFFFFFFFBFF34F8FBFF36F8F00F0DCF9FEDED0B502AFD0E91024944201D10020D0BD21448B1AA11A4C1C08BFB3F1004F0FD093FBF1F4002904FB11331A4400D54942002B48BF0A4402F00F0100EB8100D0BDFEDED0E95C
S3FF0800A0FA10218B1A102B04BF013202644A1C01F00F01426400EB810080ED000A704780B56F4688B0002104220791CDE90512012104914FF4DA71CDE902010248019001A800F0F3FFFEE70000FF03F0B503AF4DF804BD40689E46204E4900CDB2204B4468D7F808C03440611901F502214160194601392CD000BF8469A407F9D5D1B281621946013923D000BF82699207F9D54168022262F34E314160426806F5804111405FFA8CF241EA02410E4A294311430022416062451D460ED0013D08D000BF81694907F9D5416A0EF802100132F1E701205DF804BBF0BD0020FAE7009800FD8138010001240002F0B503AF4DF804BD40684FF48036174D01F07F0127
S3FF0800A1F444682540BC6806EB04463FFA86F646EA41012944114D2943416011490D46013D13D000BF8669B607F9D5D2B282620022A2420ED00D46013D07D000BF8669B607F9D59D5C01328562F2E701205DF804BBF0BD0020FAE700BF00D800FD0120000281380100D0B502AF427840F2A32401788378C07800F0A0BFD0B502AF427840F2A32401788378007900F096BFD0B502AF417901F10902022988BFCA1E992151430522437802318478B1FBF2F102780079C3EB0313084440F2A32148434FF46161614301EB8301114401EBC01001490844D0BD00BF80AEFEFFF0B503AF4DF804BD42794FF4C8731D4CC188032A38BF0139B1FBF3F303FB0414194921
S3FF0800A2EE90F800C04578022A8678007903FB010002F1090188BFD11E9922514305220231B1FBF2F1C5EB0512084440F26D1100EB940004FB01006421B4FBF1F1C943084440F2A32148434FF46161714301EB8201614401EBC010044908445DF804BBF0BD00BF70FEFFFFB13A0200009EDA86F0B503AF2DE9800F2DED028BECB08A4681460025EB46B5F5B87F06D00BEB0500172101F06BF81735F5E7DAF880810021524608EB48004FEAC00CBCF1000F1ED0B1F5B87F60D0137DACF1180C0BF801300BEB01031731D2E90304C3F80D00907D92E860405875507D1832C3F80560C3F80150C3F809E0C3F811409875DDE70DF5B87B00200021402903D04BF819
S3FF0800A3E801000431F9E70AF5C4769FED1D8A00250024402D09D000F0F3FEB0EE480A08B190ED000A00F0E2FEF3E79FED158A00250024402D09D000F0E3FEB0EE480A08B190ED000A00F0D2FEF3E709F1020069464FF4B872BAF8844100F0E5FFA9F8728109F5BA70A9F800405CA900F0C6FE6CB0BDEC028B01B0BDE8000FF0BDFEDE00BF00000000B0B502AFADF5E56D0EA84FF4DA7100F0F2FF00260420CDE984600120914D86968390CDE98106809580A800F045FE0446000403D14FF00008002027E0A94680AD284600F02EFEDDE9801242F210704FF08043091842F10002012000F005FE0095C8F200040EA84FF4DA714FF08042234600F006FE30B91A
S3FF0800A4E2BDF800024FF6FF71884240F099804FF0000800204D460221764CADF8EE1175497D947C91CDE97E61C8B100200421CDE9840101218690CDE9811005F109008391809080A800F0FDFD002840F0C884DFF83C0AF6AAC10740F08E80132198E00DF5F7701E2100F049FD002840F0B8840DF5F7701E2100F07FFD002840F0B0845D4A0A21106861F313401060506A442161F3070050625068112140F4407050600DF5F77000F02AFD002840F099840DF5F770112100F060FD002840F09184206848F2FF310F2220F0010020604B482061A06888434A4900F50040A0606068084360602068492120F4202000F500202060206840F0010020600020ADF8C9
S3FF0800A5DCF803022000907CA8FEABFFF7ADFDB0B9BDF8F80341F2017120F0F00088420ED142F202004921ADF80002022000907CA880AB0122FFF7E6FD002800F054840220002100F0ADFC0020002100224FF08043829C00F051FDB4F5DA7F00F243844FF00008B4F5DA7F7FF457AFB8F1000F40F039840DF138084D4601204FE74FF060400168C907FCD04FF060405B2101701221DFF8000901300132079200F00302022A0AD14FF060421368DB07FCD030F8022B02394FF060431A8000224FF060430446042A06D01D68ED07FCD020CC01321D60F6E701F0030102291CD34FF060421368DB07FCD0028A4FF060431A800239123011E000BF0B00FFFF00544E
S3FF0800A6D60040000400483C14F01000800002000000000000003CFFFF7FFF1030012908D14FF060410A68D207FCD000784FF060410870012000F019FD00204FF6FF74B8F1000FCDF87805CDF8F805CDF8F40540F08C830DF57E7A80AD4FF4C2722846514600F074FE05F5C4780DF2B45B48224046594600F06BFE0AF102001FED1C8A1FED1C9A1FED1CAA08900020ADF88443CDE90300CDE9050000206821CDF8FB030022FE90072000907CA85346FFF7E0FC002840F0C5839DF8FE030C909DF8F8030D909DF8F9030B9050469DF8FA439DF8FB939DF8FC639DF8FD5300F0AEFCD446DDE9FEA206980599BAEB000062EB0101D0F57A704FF0000088414FF067
S3FF0800A7D0000022D2ADF8F803022005924921CDE901560022CDE90994634600907CA8FFF7A9FC002840F09A83BDF8F8030DF57E7CDDE90994C0BADDE90156CDF818A000EE100AB8EEC00A20EE098A2909320901EB810105F00F004FEA191302EB820200EB410006F00F0103EB830301EB420109F00F02000602EB430E04F00F03C4F3011444EA840403EB44020B9C04F00F03240904EB840403EB44090D9B0D9203F00F045FFA89F6C3F3021505EB850504EB45030C9D0C9305F00F042D0905EB850504EB45044FF4FA6555FA84F4CDB2210442EA0E2440EA054041EA10400A90F59043EA062040EA04400990F490604600F027FCDDE9FE9A40F2CE7204982D
S3FF0800A8CA0399B9EB00006AEB0101101A4FF00000884106D2B0EE480A4046FFF708FCCDE903A90D9A4FF46161C4F307200024FE945143C6EB061201EB82010C9A0A44D84900FB0120CDE90C0205FB01200B90E09800EB40004FEAC00AA24565D080A8051905F10806687DDFE800F003351F2A1000F4A8FFF7C6FC81462846FFF7C2FC814550D33046FFF7BDFC0BE0F4A8FFF793FC81462846FFF78FFC814543D33046FFF78AFC814531D33DE02846FFF770FC0C99814237D33046FFF76AFC0C9923E02846FFF76FFC0B9981422CD33046FFF769FC0B9918E0A9784FF4616268785143C0EB001001EB800080A9095D08440D99814218D3A97A687A5143C0EBC8
S3FF0800A9C4001001EB8000317808440D9981420CD295ED040AB4EE480AF1EE10FA05DDA87DFEA90844012100F8011C183497E70DF57E7A0020042812D080F060821AF800107EAA11540029DFF86C15DFF8642508BF1146964A51F8201001309161EAE7F6A8202100F01CFD504600F06FFBDDE9FE0210F5FA7142F100020120012300F048FB7E980D908A4A2021CDF800A0F6A8002300F04AFB0028F5D1FF984FF6FF71BDF8F893894500F0E081411E062900F28480DDF80004DFE811F007008300490069001200FE001A0109980021FE9052460A980823FF90484600F06DFBD3E70024B4F5B87F06D00BEB0400172100F0D3FC1734F5E7DDF880A380A90022DA
S3FF0800AABE0AEB4A004FEAC00CBCF1000F00F05581B2F5B87F00F0F5810B7DACF1180C0BF802300BEB02031732D1E90304C3F80D00887D91E860405875487D1831C3F80560C3F80150C3F809E0C3F811409875DBE700200021402803D04AF800100430F9E700260021B1F1100400F0FA800D4640462146FFF7C1FA04F111010028F2D0102E00F0BF810068691C4AF826000136E9E70D98CDF8B4050020042805D01BF800100AF800100130F7E7FE980DF5B662CDF8B00548460021042300F0FFFA65E7484601210EE1212880F09C810021002940F09881082840F09581BDF8DE0301097C2940F28F819DF8DD134FF00A0E9DF8DC633030B1FBFEF29DF8DB5371
S3FF0800ABB802EB82039DF8DA439DF8D8C3A1EB43019DF8D93341EA02128DF8FD23B6FBFEF202EB8201A6EB410141EA02118DF8FC13B5FBFEF101EB8102A5EB420242EA01118DF8FB13B4FBFEF101EB810201F00B01A4EB420242EA01118DF8FA13B3FBFEF101EB8102A3EB4202534642EA01118DF8F913BCFBFEF101EB8102ACEB420242EA01118DF8F813C1B2B1FBFEF101EB8102A0EB4200002240EA01108DF8FE030720682100907CA8FFF7BFFA002858D04846032199E0805101000004004801000080212880F02181172840F01E819DF8ED03411F11F1050F40F217819DF8EE130522052928BF114680F00F81E09A102A40F080804846042177E02128EA
S3FF0800ACB280F00581012840F00281E09880AD9DF8D84300EB4002D30005EBC2014FF0FF32002B62D005F118062D7D0132183BA5423546F5D1904240F2EA8002EB420080AA183902EBC000182200F098FBE0980138E090102C80F0DB800120BDF88413A0400843ADF884034846002140E05846514600F05EFAB0EE4ABA0024661C112E13D064F00F014046FFF7BDF930B190ED000AB4EE4B0AF1EE10FA02DC01340136EDE73446B0EE40BAE8E75046594600F040FA0DF5806000215246442380ED0EBA484600F001FA67E6089859464FF4B87200F045FBADF8F8A30DF57E7A4846002152464FF4B97300F0EFF955E6484605210122002300F0E8F94EE6079BAA
S3FF0800ADAC4FF0010CBDF884A3102A5D680C95DD680B951C68D3F808E01D69CAF1000303EA0A039BB2B3FA83F3C3F11F0303F00F060CFA06F62AEA0606ADF884636AD200EE105A80AD02EB42020DF57E7A8DF8F83345F8324005EBC2020C9CC2E9014E9075E0980B9C0130517513750021E0904846D460012382ED040A524600F0A7F90DE6B0F1FF3F74DD002000210022012300F04BF995E4B8F8720117210DF57E7E002300FB01FC002129E02E7E052E2CBF0526102B2FD203EB4303D5F80320D5F80BA017314EF833200EEBC302D5F80F90D5F8070095F802B0D5F81350C2E9010ADDF8780500EE105AC2F80C90431C9475567582F814B082ED040ACDF8A8
S3FF0800AEA678358C4543D0B1F5B87F1FBF08EB0105EC7D661F16F1050FC9D8FEDE0DF5F7701E2100F088F80028F7D10DF5F7701E2100F0BFF80028F0D1214A2149906808409060506820F48E605060106808401D490843106020209061102090614FF4806090614020906100207E90FFF7FCBA80A9032000F030F8FEAC80A92046FFF71BFA2046FFF7F6F880A9022000F024F808F5BA7180A800F052F90DF2B4540025402D08D080A8284490ED000A2046FFF7D1F80435F4E7B8F80040FFF7E3BB00BF00040048FFC0CFFF001510007CB40008A0B4000890B4000880B56F46EEB08846054611B9002000F0D9F801AE4FF6FF74012000214FF0004200230096CF
S3FF0800AFA000F0A4F80028F5D1BDF80400A04207D1B8F1000FEED00298B0F1FF3FEADC05E029460122002300F0D7F8E3E701AD41462846FFF7C3F92846FFF79EF8F0B503AF2DE9000F8BB00446A1F11100C0B20D2804D843F20731C140C90704D102200BB0BDE8000FF0BD124900F0C2F8114951F8200001900420099508903004013000F0D1F848B1024610F5807F08D36FF39F2646EA82262680EDE749B90020DFE71046022A18BF0320012A08BF1046D7E7FEDEB0B40008E8B40008F0B503AF2DE9000F8BB00446A1F11100C0B20D2804D843F20731C140C90704D102200BB0BDE8000FF0BD124900F084F8114951F8200001900420099508903004043008
S3FF0800B09A00F093F848B1024610F5807F08D36FF39F2646EA82262680EDE749B90020DFE71046022A18BF0320012A08BF1046D7E7FEDE20B5000858B500082DE9F04804460D4616461F464FF0030B00DFBDE8F088FEDE2DE9F00F04460D4616461F46089B4FF0010B00DF204683E8E003BDE8F00F7047FEDE2DE9F00F4FF0090B00DF80E8F003BDE8F00F7047FEDE2DE9F00F90E8F0074FF0000B00DF20462946BDE8F00F7047FEDEDEDE80B56F4688B007F81D0C002004210790CDE905010120CDE90300A7F11D0002900448019001A8FFF7DDFF08B908B080BDFEDE00BF0A00FFFF2DE9F04804460D4616461F464FF0020B00DFBDE8F088FEDEA7F11D0AD5
S3FF0800B19426880DF104090DF10C08002551F820104FF0080B02917047C2EB021260434FF46164634303EBC01000EB82000844D0BD03904046CDE906A5CDE9049BFFF7A8BF0BEB05000134043580ED000A7047402200F013B964F00F013046FEF762BFF0B503AF2DE90007102A08D300F032F9A64206D213F8015B06F8015BF8E7034629E0A2EB080C88442CF0030E04EB0E035FEA887115D0182101EAC8090021A1EBC80101F0180A28F003010D1D09689C420DD221FA09F602CD01FA0AF2324304C4F5E741469C4202D204C904C4FAE708EB0E010CF003021A44934204D211F8014B03F8014BF8E7BDE80007F0BDF0B503AF2DE9000F431A934211D28E18FF
S3FF0800B28E8418102A6FD304F0030C751E24F00309CCF10008A1450FD215F8013904F8013DF8E7102A4DD300F0D7F8A64229D213F8015B06F8015BF8E7A2EB0C0EB0442EF00302A9EB0205C2F1000C5FEA88723AD028F003030022A2EBC80218211E6802F0180B1A1F01EAC80A4B469D4235D206FA0BF152F8046926FA0AF4214343F8041DF3E7A2EB080C88442CF0030E04EB0E035FEA887130D0182101EAC8090021A1EBC80101F0180A28F003010D1D09689C4228D221FA09F602CD01FA0AF2324304C4F5E7034622E071444A460439954204D251F8043942F8043DF8E708EB0C0609EB0C040EF00302A11A721EA14216D212F8013904F8013DF8E7414678
S3FF0800B3889C4202D204C904C4FAE708EB0E010CF003021A44934204D211F8014B03F8014BF8E7BDE8000FF0BDF0B503AF4DF804BD102A09D34342054603F0030403199D4204D205F8011BFAE7054612E0121BCCB20825202D04D204FA05F66D003443F8E722F003051D44AB4201D210C3FBE702F003022A44954202D205F8011BFAE700F036B8FFF7F2BEFFF7FCBF032A98BFFFF7F8BF08C9043A08C0F7E7FFF7F6BFFFF72ABFFFF7FCBFFFF7FCBF0B4611461A46FFF7BABFD2B24FF001335343032998BFFFF7F3BF08C00439F8E70022FFF7EDBFFFF7FBBF0022FFF7EDBFFFF7FBBF4342064603F003080B4600EB080470475DF804BBF0BD5B544845524D4B
S3FF0800B4824F76315D204F6E6C696E65210A00000020000000100000000004000040002000000010000000000400004000000015000000160000001700000001000000010000000100000001000000010000000000000001000000010000000100000000000000010000000300000003000000030000000100000001000000010000000100000001000000000000000000000001000000010000000100000001000000150000001600000017000000010000000100000001000000010000000100000000000000010000000100000001000000000000000100000003000000030000000300000001000000010000000100000001000000010000000000000021
S31D0800B57C000000000100000001000000010000000100000039AD546605
S3FF0800C0000000000000000000FFFFFFFFFFFFFFFF0000000000000000FFFFFFFF0800FEFF00300020000800007F4342460100F40700000B0001000000000000000000000000003C000B00000068000200F00700001400010000080000810000000000000000000000480500004C0500005005000054050000580500005C0500006005000064050000680500006C050000700500000300000001000000000000000A0000000100000000000000BFF34F8FBFF36F8F00F002F8FEDEDEDEB0B502AFADF5906D00200421CDE9C6010121C890CDE9C310E048C591C290C2A800F0C1FA002840F045820320ADF81C00DFF88404C10701D117210CE04FF0604001688C
S3FF0800C0FAC907FCD04FF060405B2101701621DFF86404013008AA0132009200F00302022A0AD14FF060421368DB07FCD030F8022B02394FF060431A8000224FF060430546052A06D01E68F607FCD040CD01321E60F6E701F0030102290CD3C2AD4FF060421368DB07FCD0828A4FF060431A800239163001E01430C2AD012908D14FF060410A68D207FCD000784FF0604108704FF0000A681C8DF81FA0A7F10D04069008A8011D0291291D0191811D4FF00A0B4FF0030801264FF004090591A91D0230049103900B200A9666900DF11F00099002200890C89608A8CDE9C494CDE9C6A066A8C3904FEA0840023000F056FA40B110F5807FC0F0BE816FF39F28D1
S3FF0800C1F448EA8028E8E70029ADF81C8040F0B4819DF81F00A0F16E01062939D84FF00808DFE801F004217A767694C8000DF5CC781621404600F0D2FA07A84146162200F0E1F9002800F095819DF8AC014FF01708411E03299CBF9DF8AD11042940F2548107A8CB4982E1CDF820A3CDE9C69908A8C5904FEA0B40043000F01BFA002800F0F18010F5807FC0F01A8100F0FBF9EAE763284FF0080828D0642839D18DF898A107A866A9012200F0ADF9002800F061819DF898018DF82000CDF820A3CDE9C6A9CDE9C46408A8C3904FEA0B40073000F0E6F9002800F0128110F5807FC0F0128100F0D0F9E8E700F0CDF9C6A880E8000708A8C5904FEA0B4001305C
S3FF0800C2EE00F0DAF9002800F0E08010F5807FEDD207A8A2492DE107A8A44901222AE14FF017084FF4B9744FEA0B40CDE96B9A0530CDE96954CDE9676A669066A800F098F9002850D010F5807FC0F0198100F09DF9E9E7CDE966AA07A866A9082200F055F9002800F00981669D9DF89F019DF89E119DF89D219DF89C310995C2AD8DF823308DF822208DF821108DF82000CDF820A3CDE9C6A9CDE9C48408A8C3904FEA0B40023000F07FF9002800F0A58010F5807FC0F0A58000F069F9E8E74FF044080BA8CDE9096A80E820074FEA0B400330089008A800F04DF9002855D010F5807F97D300F053F9EBE7B1F5B97F40F0C880BDF808034FF4B672ADF8200028
S3FF0800C3E8DDF80A5366AC0499204600F0D3F9059821464FF4B672CDF8225000F0CBF9BDF82050112D80F0AE80069C4FF4B871204600F0D5F9702003998DF8080300202246A7F10D04A8420AD00023172B03D0CC5CD4540133F9E7173117320130F0E705FB08F0421C07A8C2AD294686E01400FFFF042940F087806F208DF808030020CDF80903042819D000F014F9FAE7442979D1DDE901104022C29D00F08CF90698442100F09DF974200895C2AD8DF808030020442806D000F0FDF8FAE707A8294605225BE007A82946452257E007A8344953E0082957D1069B0020DDE90812CDE908125860186063238DF80833082802D000F0E0F8FAE707A829460922A1
S3FF0800C4E23EE000292B4939D03FE0284936E00029214933D039E01E4930E09DED6A0A009B10EE102ADDE96845DDE966CEDD60C2AD9C60A7F10D04C3F804E0C3F800C08DF820A08DF836108DF835001A61C6A8CDE9C48480E8400608A8C3904FEA0B40063000F0A6F828B110F5807F06D300F093F8ECE701290A4901D007E0074907A8022200F01BF8BDF81C8027E6FEDE00BFECC7000811C8000813C800080DC800080BC800080FC8000809C8000803C8000805C8000807C8000815C80008F0B503AF2DE9000F8DB004460B20019001202688A7F11D0BCDE903120DF10409029005AD4FF0000A4FF0040801200B9002A80A903004013000F055F840B110F530
S3FF0800C5DC807F0AD36FF39F2646EA80262680EDE719B90DB0BDE8000FF0BDFEDEF0B503AF2DE9000F8DB004460B20019041F28830009002202688A7F11D0BCDE903124FF0000A029005AD4FF00808E94601200B9002A80A903004033000F025F840B110F5807F06D36FF39F2646EA80262680EDE731B9B0FA80F040090DB0BDE8000FF0BDFEDE2DE9F00F90E8F0074FF0000B00DF20462946BDE8F00F7047FEDE6FF39F2B4BEA802B704705902846CDE908BACDE90698FFF7E6BFC2902846FFF7E2BF08AA2918125C01304A707047C2902846CDE9C36AFFF7D6BFF0B503AF2DE90007102A08D300F089F8A64206D213F8015B06F8015BF8E7034629E0A2EBF1
S3FF0800C6D6080C88442CF0030E04EB0E035FEA887115D0182101EAC8090021A1EBC80101F0180A28F003010D1D09689C420DD221FA09F602CD01FA0AF2324304C4F5E741469C4202D204C904C4FAE708EB0E010CF003021A44934204D211F8014B03F8014BF8E7BDE80007F0BDF0B503AF4DF804BD102A09D34342054603F0030403199D4204D205F8011BFAE7054612E0121BCCB20825202D04D204FA05F66D003443F8E722F003051D44AB4201D210C3FBE702F003022A44954202D205F8011BFAE700F026B8FFF78BBFFFF7FCBF0B4611461A46FFF7CABFD2B24FF001335343032998BFFFF7F3BF08C00439F8E70022FFF7EDBFFFF7FBBF0022FFF7EDBF9E
S3510800C7D0FFF7FBBF4342064603F003080B4600EB080470475DF804BBF0BDDEDE5B434F4E54524F4C4C455276315D204F6E6C696E65210A7401730173006F016E006E026E0164016400000000C81692EFC0
S3FF0800D0000000000000000000FFFFFFFFFFFFFFFF0000000000000000FFFFFFFF0900FEFF001A0020000100007F4342460100E4010000080001000000040000000000000000003C000200000000000000E0010000FF000100000100004900000000000000000000005E0000416600009FFFFFFFFFBFF34F8FBFF36F8F00F001F8FEDE80B56F4600F091F84DF2F4114FF06040C0F60001112200F002F830BFFDE7B0B502AF002A00F08080CB0710D00368DB0709D10368DB0704BF03685FEAC37302D10368DB07F2D011F8013B013A037001F00303022B12D1022A55D30368DB0709D10368DB0704BF03685FEAC37302D10368DB07F2D031F8023B023A038020
S3FF0800D0FA002A53D022F0030C5FEA920E16D000230C4605E054F8045B0133734505600DD00568ED07F6D10568ED0704BF05685FEAC575EFD10568ED07F2D0EBE702F003026144022A10D30368DB0709D10368DB0704BF03685FEAC37302D10368DB07F2D031F8023B023A0380012A18BFB0BD0268D20719D10268D20704BF02685FEAC27212D10268D207F2D00EE0012A0ED10268D20709D10268D20704BF02685FEAC27202D10268D207F2D009780170B0BD80B56F4688B000200421CDE9050101210790CDE902101420CFF6FF700491019001A800F005F8002804BF08B080BDFEDE2DE9F00F90E8F0074FF0000B00DF20462946BDE8F00F7047FEDEDEDE57
S31D0800D1F45B49444C4576315D204F6E6C696E65210A000000060DC456BB
S3FF0800D8000000000000000000FFFFFFFFFFFFFFFF0000000000000000FFFFFFFF0900FEFF001B0020000100007F4342460100CC03000002000100000000003C0001000000000048000400000000000000C8030000000001000001000059000000000000000000000000100240000400000B000000720000417A00009F000200410802009FBFF34F8FBFF36F8F00F002F8FEDEDEDE80B56F468AB000F057F94DF6CC314FF06040C0F60001102200F0C8F800200821CDE9020002A80022002305AC009400F068F9002840F0AF8041F2000802ADC4F202084FF6FF7A4FF001090EE001210122002300F067F92846082100220023009400F04FF9002840F09680AD
S3FF0800D8FABDF814005045F1D006994A1E042AE8D20799082900F28A80D2B2DFE802F0024A1A3208295DD1029B042B5AD803990FF2080606EB83064822B74600F061B800F006B800F074B800F05AB800F054B84C2256E0082945D1029B042B42D803990FF2080606EB83062822B74600F049B800F006B800F05CB800F038B800F034B82C223EE008292DD1029B042B2AD803990FF2080606EB83062822B74600F03AB800F006B800F044B800F024B800F020B82C222FE0082915D1029B042B12D803990FF2080606EB83064822B74600F022B800F006B800F02CB800F01BB800F00EB84C2217E002217EE740220AE0382208E040220FE038220DE0602202E049
S3FF0800D9F4602209E0582201F01F0158F8023009FA01F1194308E0582201F01F0158F8023009FA01F123EA010148F80210002122465CE7FEDE4DF6DC314FF06040C0F60001142200F001F8FEDEB0B502AF002A00F08080CB0710D00368DB0709D10368DB0704BF03685FEAC37302D10368DB07F2D011F8013B013A037001F00303022B12D1022A55D30368DB0709D10368DB0704BF03685FEAC37302D10368DB07F2D031F8023B023A0380002A53D022F0030C5FEA920E16D000230C4605E054F8045B0133734505600DD00568ED07F6D10568ED0704BF05685FEAC575EFD10568ED07F2D0EBE702F003026144022A10D30368DB0709D10368DB0704BF036885
S3FF0800DAEE5FEAC37302D10368DB07F2D031F8023B023A0380012A18BFB0BD0268D20719D10268D20704BF02685FEAC27212D10268D207F2D00EE0012A0ED10268D20709D10268D20704BF02685FEAC27202D10268D207F2D009780170B0BD80B56F4688B000200421CDE9050101210790CDE902101420CFF6FF700491019001A800F005F8002804BF08B080BDFEDE2DE9F00F90E8F0074FF0000B00DF20462946BDE8F00F7047FEDE2DE9F00F04460D4616461F46089B4FF0010B00DF204683E8E003BDE8F00F7047FEDE2DE9F04804460D4616461F464FF0020B00DFBDE8F088FEDE5B52434376315D204F6E6C696E65210A41484233206E6F7420737570FA
S3110800DBE8706F72746564210AA55A6C1EE1
S3FF0800E0000000000000000000FFFFFFFFFFFFFFFF0000000000000000FFFFFFFF0700FEFF00400020001000007F4342460100F812000004000100000004003C0001000000000048001100000000000000F412000019000100001000009100000000000000000000000000000800001000070000004003000044030000E40D0000E80D0000EC0D0000800E0000840E0000880E00008C0E0000980F0000B8120000BC120000C0120000C4120000C8120000CC120000D0120000FFFFFFFFBFF34F8FBFF36F8F00F08CFAFEDE8BB20022B2EB532F07D1DA02C0F6000102F10062C0E90121012202607047F0B503AF4DF8048D0022B2EB512F01BF01F2FF1104306C
S3FF0800E0FA425C002A00D0FEDE4FF0010C6FF0080340F2FE38002540F2FE7E00F801C0C3B14A1E82F0010601364645ECD8845D84B18555445C002CE6D000294554E3D07145E1D85108425C002ADDD100F801C00133E5E75DF8048BF0BDF0B503AF2DE9E00FD1E90054A7F126098E688A4680464FF4801BB6F5801F11D2E26848462946334600F097F917F8200C10B117F81F0C48B100F0E0FF0644CAF80860EAE70320A8F8000014E037F8222C4FF4801317F81E0C46F0006102F01F0288F80C0057F8260C23FA02F2A8E807009019CAF80800BDE80E0FF0BDF0B503AF4DF804BD044600680D4688421CD305F01F00012104F1040C01FA00F001184A1E002DF8
S3FF0800E1F408BF0122E61C411E91420BD2B1F5FF7F26D8335C0130002BF5D000200CF8010001201AE0A5B1691E2046FFF7D6FF78B12068A84288BF054649002560B1F5FE7F08D88A1C231D985C50B90120985402E0002002E0002041F001015DF804BBF0BDFEDEF0B503AF4DF8048D804600680D4688421ED305F01F00012108F1030608F1040C01FA00F040F2FF3301184A1E002D08BF0122411E91420AD2994229D2345C0130002CF6D000200CF8010001201DE0BDB1691E4046FFF7D4FF90B1D8F80000A84288BF05464900C8F80050B1F57F7F09D88A1C08F10403985C50B90120985402E0002002E0002041F001015DF8048BF0BDFEDEF0B503AF2DE96B
S3FF0800E2EE000FADF2144D0DF10409804609F104000C4640F2FF3100F0C0FF184EA7F1260A09204FF420454FF4801B0190B5F5801F12D200F004FF17F8200C18B100F010FF0544F3E717F81F0CA8B9E90A4846FFF7D2FE05F50065E9E708F1080001A940F2044200F083FF0448C8E900400DF2144DBDE8000FF0BDFEDE00BFD4F2000847E50008F0B503AF2DE9000F93B006462B481044B0F5762F50D29346CA6898460BF17843A7F152008A46314600F088F837F84E4C0DF1200937F8501C17F84A2C37F8520C2346CDE900014846012100F0C5FDDAF81C50304659464A462023A84760BBDAF820103046CDF81080884728BB04F01F004FF48011DAF810805C
S3FF0800E3E821FA00F0DAF8249058440394441E0DF1400A5C450DD3504631462246C047109870B1129D30462946C84748B9A4EB1544EFE7DDE90310018013B0BDE8000FF0BDFEDE00BF0060FFF7F0B503AF2DE9E00F8046B868A7F1260A994616460C464FF420454FF4801B002808BFA9F12009B5F5801F16D200F066FE17F8200C70B117F81F0C58B937F8220C45F00061494500F01F002BFA00F008D00544E8E705F50065E5E70320A8F8000009E017F81E1C88F80C1057F8261CC8E90019C8F80800BDE80E0FF0BDF0B503AF2DE9FF0BE9460E460446484620211D46904600F0E6FE05F1006130464A462023C04770BBBDF81E004FF6FE7102226080884203
S3FF0800E4E24FF6FF7108BF0122401A18BF10462080DDE904100840B0F1FF3018BF012020729DE80F001A40B2F1FF3218BF01220840B0F1FF31E27118BF01210130BDF81C00A17108BF0920A08008B0BDE8000BF0BDFEDEE0B502AF80B27A1E0021002300F0DAFD8CBD80B56F4610461A4600F07AFE002080BD084611461A4600F09ABD00F0B2BD110D802908D806491140D20AC0F60002C0E90112012100E000210160704700BF00F8FF0F80B56F461146FFF79AFD80BD80B56F46511EFFF794FD80BD80B56F4688B027F81E1C002004210790CDE905010120049002200390A7F11E0002900548019001A800F057FD002818BF012008B080BD00BF2400FFFF01
S3FF0800E5DC80B56F46ADF5D06DDFF82408142100F065FC4FF0000A0420CDE99CA001209B90CDE9990AC848CDF878A2989098AE304600F035FD002840F0FA8300F001FCCDF828A006F10809CDE908AA12A808AC00F10408CDF8189020460C2101220023009600F00CFD002840F0E28399994FF6FF70BDF860B2834511D09AAB01290DCB18D029291DD0142919D015290CD01E290ED028290AD00A290ED10A2112E0C807DAD000F0CEFBD7E715210BE0282109E01E2107E0012105E058460121ACE3142100E029210D2880F0B383012900F020810A2900F0F880142943D0152900F0C0801E2900F0A780282940F0CE800721002840F091831C2AC0F08E834FF495
S3FF0800E6D62040CDF81CB014904FF00009DFF82C074FF0000B0025002600241390781E129098A812A9FFF72AFDBDF86002032800F0F7809DF86C1200296FF01F0108BF0135012808BF6FF027019A9A59440128114401F1200B05D199980BF1080B0136406A81440134DCE70721012B08BF0C2840F05483BAF1000F40F05D8300F0DEFC9898002800F081809998C0077DD00A98791EDDE90835DFF8A8260590A7F114009A9C00F0DFFC37F814BCBBF1030F00F05F8228196FF01F01BBF1010F08BF6FF0270157F80C2C1144884200F2938200F0BCFC2020BBF1010F08BF28200026284400EB0905B44240F20D8306F140004FF04009A04288BFA4EB06090799F5
S3FF0800E7D0B9F1410F80F01983CDF8589098A8CDE9121ACDE9146012A800F01CFC0A460721002840F0F782914540F0F482A81998A94A4600F047FC4E440028D5D0E9E204286FD1BAF1000F40F0F882089B791EDFF8F425CDF800A012A8FFF702FEBDF84800032840F07C810421DAE20721012B08BF082840F0D582BAF1000F40F0DE8200F05FFC989818B19998800700F1E581072137E2042845D10C2A43D3BAF1000F40F0CC82089C4FF420401490DFF894051390781E129012A93046FFF763FCBDF86002032800F0AB81002C00F0AC81013CF1E7042826D1BAF1000F40F0AF82791E3046CDF81CB0089DFFF717FDDDE99896A5F12004F2680DF1480B012094
S3FF0800E8CA2346009058464946FFF7ADFDBDF84800032840F05F8198AE0421DDF81890F2E1082801D1102A1AD207217CE24FF46640CDE90D5BCDE910904FF476200F90002107981C23CDE90B460BAA00F0F0FB98AEDDF8189008AC87E600BF1400FFFFBAF1000F40F06D82791E3046CDF81CB0089CFFF7D5FC04F11F004FF0FF31B0FA80F021FA00F0411CC80A01284FF0010088BFC80A24F00101203108BF0120B0F5007F00F23D8100214FF40073013101F01F0223FA02F29042F8D94D1E4846092D28BF09252946FFF762FC002800F028810DF1480901200C4600904846002100222B4600F0CDFA4FF0FF314FF40070A940E8402144DDE998460131D6F843
S3FF0800E9C41CC04A46202300FB01FB4FF0006000EBCB212046E047002840F01582316A20468847002840F00F82099840F2FF11049040464FEACB2400F045FC0820A7F114061290CA48204405904FF48010E84028380390C7488146C64800F56640814580F01181DFF8E8039490781E93904FF42040959093A93046FFF78AFB37F8140C032838D00128F5D157F8106C0423DDE99340D0F80CB006F1200117F8085CCDE996AA96AA2046D847002840F0CD8106F1240197AA20460423D847002840F0C4819698411C12D097994A1C0FD04FF6FF72A7F1140620EA0202B2F1005F40F0B4818145C7D308448145C4D23DE0A7F11406002DBFD0A8E109F16040FF21AD
S3FF0800EABE012540F2FE3C01EB102018F80010002940F09C816FF0070108F8005019B3421E82F001030133B3F5FF7F00F28F8118F80340C4B108F803A018F80030002B00F08581002808F800A000F08081604500F27D81500818F80020002A40F0778108F800500131DAE709F5807977E7814675E7BDF84800032800F06981139DA7F11400B54A791E05F17843FFF7B1FC17F80E0C00284ED017F80D0C00284AD117F80C0C002846D137F8121C012237F8103C37F8140CCDE900013046002100F0E6F928463146202200F087FA002840F03F8100F09CFA002840F03A815846FFF7CCFC49E54846314622465B46ADF848A0FFF7E1FBBDF8481098AE98484FF403
S3FF0800EBB8007201F01F01DDF81890284422FA01F1C40A01EBD025AC4205D248462146FFF785FA0134F7E70798FFF7A8FC08AC24E5022171E00821FEE00121FDE0DDE99912BDF862322031ADF8680201286FF01F00ADF86A32989108BF6FF02700104499905846002132460C2300F06AFA08AC04E5DDE90834A7F11400784A791EDDF868B200F07EFA37F8145C032D34D10421D0E0DDF8189012AC4FF401722146484600F000FB6E4A791E059B6B4899902046989100F066FABDF8480001282BD1049A4FF0FF31501EB0FA80F021FA00F0411C080A01284FF0010088BF080A012A4FF0010198BF084698AE08ACDDF81CB0B0F5807F46D90321A0E06FF01F0127
S3FF0800ECB2012D08BF6FF0270157F80C2C04EB0B001144884207D905218EE0042198AE08ACDDF81CB08BE000F021FA2020012D08BF2820002520448144AB4540F2878005F140004024584588BFABEB0504412C80F0838098AE09EB05012246304600F09AFA0798CDE91564CDE913A5129012A800F08DF910B925448C42DED0072159E020000008001A002000214FF48075013101F01F0225FA02F29042F8D94C1E0820082C28BF044648462146FFF738FA002851D04FF0FF3225FA04F0A24011440131DDF81490042348434FF0005101EB0020049093904FF4803020FA04FBDDE99845EE69494647F814BC93AA2046B047A0BB09F10401A7F114022046042395
S3FF0800EDACB04760BB296A2046884740BB049800219A9010230398999005989890CDF86CB2079898AE324600F091F9A0E5059880B100F074F968B1062198AEDDF81890DDF81CB008AC58460122002300F07FF9FFF71ABC0798FFF798FB88E5032161E7FEDEACF20008D4F2000847E50008E0FFFFF7F0B503AF2DE9F80F2048142100F046F8204DA7F12A08A7F11D064FF420444FF0000B4FF48019BBEB145F25D1404631462A462346FFF72CFB17F8240C60B117F8230C37F826AC68B1134944F0006204AB3046FFF77FFA09E017F8230CA0B904F50064E0E717F8220C0028EDD00AF01F0029FA00F00444D6E705481E2100F00EF805B0BDE8000FF0BDFEDE1A
S3FF0800EEA600BFC0F20008FCF2000847E50008D4F20008F0B503AF4DF804BDC2070AD04FF060421368DB07FCD010F8012B01394FF060431A7000F00302022A06D14FF060421368DB07FCD000F028F931B38A0800234FF060440546934206D02668F607FCD040CD01332660F6E721F0030201F003011044022906D34FF060421368DB07FCD000F00BF9012908D14FF060410A68D207FCD000784FF0604108705DF804BBF0BDDEDEF0B503AF2DE9000F89B001AD92460C46804628461C21FF2299464FF0FF0B00F08AF9154E284600210122B047284608212246B047284610215246B0473889ADF8209028B1012805D1FF204FF0FE0B06E0FF2004E0D7F80CB034
S3FF0800EFA01FFA8BF0000A8DF8230040468DF822B001A9202200F047F909B0BDE8000FF0BDC5EF0008D0B502AF0844013A0023082B05D0CC181F2C03D8C2540133F7E7D0BDFEDEDFB506AF044690B201AA00F00DF8019808B1002006E0DDE9020100F00300C4E9010101202060DFBD2DE9700804460D464FF0060B00DF82E87000BDE870087047FEDE2DE9F00990E8F0014FF0040B00DF20462946BDE8F0097047FEDE2DE9F00990E8F0014FF0050B00DF20462946BDE8F0097047FEDE2DE9F00F04460D4616461F46089B4FF0010B00DF204683E8E003BDE8F00F7047FEDE2DE9F00F90E8F0074FF0000B00DF20462946BDE8F00F7047FEDE80B56F4688B01B
S3FF0800F09A0090002007900420CDE90500684604900648CDE90212019001A8FFF7E1FF002818BF012008B080BD00BF1F00FFFF80B56F4688B000200421CDE9050101210790CDE9021005480491019001A8FFF7C8FF002818BF012008B080BD2000FFFF2DE9F04804460D4616461F464FF0020B00DFBDE8F088FEDE304600215A46CDF81CB0FFF762BF30464021FF2257F8109C00F0A9B85046214632462B46FFF7BAB9CDF800A0FFF778B930F8022B02394FF060431A80704737F8220C00F01F002BFA00F07047F0B503AF2DE90007102A08D300F095F8A64206D213F8015B06F8015BF8E7034629E0A2EB080C88442CF0030E04EB0E035FEA887115D01821C2
S3FF0800F19401EAC8090021A1EBC80101F0180A28F003010D1D09689C420DD221FA09F602CD01FA0AF2324304C4F5E741469C4202D204C904C4FAE708EB0E010CF003021A44934204D211F8014B03F8014BF8E7BDE80007F0BDF0B503AF4DF804BD102A09D34342054603F0030403199D4204D205F8011BFAE7054612E0121BCCB20825202D04D204FA05F66D003443F8E722F003051D44AB4201D210C3FBE702F003022A44954202D205F8011BFAE700F032B8FFF78BBFFFF7FCBF032A98BFFFF7F8BF08C9043A08C0F7E7FFF7F6BF0B4611461A46FFF7C0BFD2B24FF001335343032998BFFFF7F3BF08C00439F8E7FFF7F3BF0022FFF7F0BFFFF7FBBF002286
S3970800F28EFFF7EBBFFFF7FBBF4342064603F003080B4600EB080470475DF804BBF0BD5B53544F5241474576315D204F6E6C696E65210A5B53544F524147455D20416E616C797A696E670A00000000000000000100000047E5000865E5000889E5000895E5000857E5000861E50008A1E500085B53544F524147455D20416E616C7973697320636F6D706C65746564210A0000BC38A26D5E
S3FF080100000000000000000000FFFFFFFFFFFFFFFF0000000000000000FFFFFFFF0700FEFF001C0020000400007F43424601009C16000003000100000004003C0003006000020070000600000088000100981600000F0001000004000099000000181600008000000000480040000400000B00000000080048000400000B00000000000240000400000B0000000D000000020000002700000001000000EC080000F0080000F4080000F8080000FC080000D80B0000020000000100000000000000FFFFFFFFBFF34F8FBFF36F8F00F0A0F8FEDEF0B503AF4DF804BD856804685DB14268C668501B04EB4211B21A04EB4010520101F07DFA00E0C668701B2064F5
S3FF080100FA5DF804BBF0BD80B56F4688B00120042200900021CDE903206846029004480791CDE90512019001A801F015F9FEE70000FF0380B20122002301F01AB9E0B502AF80B27A1E0021002301F012F98CBD00F07CBF03460068008848406FF39F2030B191B29A6812888A4204D1002100E001215A681170002818BF01207047D1E900231A4304BF01207047F0B503AF4DF804BD0468D1E90232D4E90045E41A75EB020417D24168D1E9000420430BD0D1E902040025C61A74EB020638BF0125002D1CBF2246034600240120C1E90004C1E9023204E0888B0321FFF7ACFF00205DF804BBF0BDE0B502AFBC1E022027F8020C1921204600F0FBFF20460E213A
S3FF080101F400F0F7FF2046192100F0C4FF20460E2100F0C0FFFFF77AFF80B56F46C4B0E24D00264FF0010B4FF00409681C0B961296CDE91069CDF83CB0CDE90DB60C900CA801F08CF8044600044FF0010825D00DF13008404601F077F8DDE90C1242F210704FF08043091842F10002012001F04EF8CDF80080C8F200040BA804214FF08042234601F04FF830B9BDF830004FF6FF71884240F023834FF0010805F10A00CDE91196CDE90FB6CDE90DB60C900CA801F055F8002840F01C830DF1F00A0120002104228DF8F0001291CDE91012CDE90E00CDE90C5A0CA801F041F8002840F0088302200E21ADF830000CA800F0F7FE002840F0FE820CA80E2100F0D9
S3FF080102EEA4FF002840F0F782AA4D01201F21286040F2B620E860286840F008002860286840F0040028600220ADF830000CA800F0D8FE002840F0DF820CA81F2100F085FF002840F0D8829B480A22016862F317510160416A772262F30F21416202201921ADF830000CA800F0BCFE002840F0C3820CA8192100F040FF002840F0BC820CAC1921204600F061FF002840F0B4828A490222086B20F0010008634FF480704860D1F8A80062F30B20C1F8A80005F124008863DFF87005C86380204863086B20F010000863086B40F440500863086B40F020000863086B20F440700863086B20F440600863086B40F080000863086B40F00E000863086B40F0010042
S3FF080103E80863012001F004F8022001F001F8DFF82005112130968DF89060ADF88C602296CDE92068CDE91E661C9600F017FE04F17800099004F16800069035960DF58478CDE9336633AE01200A905E4A30460C210023CDF800A000F06BFF002840F04E82DDF8F4B04FF6FF70BDF8F090814538D0ABF10101042959D23E980D2880F03E82C9B2409ADFE811F00400FF00A000C9000221012A08BF042840F01F810020002840F02C82339E2046ADF8E09038A9324600F095FA002800F00C8100F08DFF3C98002800F008813D98C0071CBF3E9A002A00F0018120464946334600F053FB33AEB3E7BBF1000F00F110825FEA0B404BD5504600F02EFFDDE93C010F
S3FF080104E20024DDF87090CDE93601CDE938441C9438A8439036A842900CAEA1450CD040463146FFF737FE203601340028F5D1012504E048460121D4E000254C460CA800EB4416A1450DD040463146FFF723FE20B1A6EB451000F053FF00E0013520360134EFE75046CDF8FC90CDE93D950CAC3C94FFF7BCFDDDE93801084306D0DDE93A1201204FF4004300F0CAFE0C4D33AE5FEACB7000F0EB80EC69200640F1C5803098002800F0C1802898411C042880F09E80AA20A8622891B7E000BF0A00FFFF004800400008004800000240038000800221012A08BF082840F083800020002840F09081349E2046ADF8E09038A9324600F0AAF9002870D000F0F2FEA1
S3FF080105DC3C9800286DD03D9880076AD53E9A002A67D033984946CDE900062046002300F041FA33AE17E70221022A08BF08285AD10020002840F06881349D0DF1E00A2046ADF8E0905146A3462A4600F07FF9002800F0AC80584651462A4600F0C6F9002800F0B180339C0DF1F00A0895002C00F0BC80BDF8E0205046002100F018FE3C98AB4D18B13D98C00740F0CF8002210CAC29E00221012A08BF042824D10020002840F03281339E2046ADF8E09038A9324600F04CF998B100F095FE3C9888B13D9880070ED53E9A62B100204946CDE9000020460023049600F023FA33AEBBE6012100E0022133AE48460122002300F04FFEB1E6062809D2BDF8A610E8
S3FF080106D6504409BA090CADF8F01010F8041C0AE0082854D2BDF89C10504409BA090CADF8F01010F8061CA962099800F08DFC289801302890E0060BD58048406B411E7F2904D2C0F180010CA800F04BFA10202862A00701D433AE08E00A9833AE002800F0DF800220286200200A90200700F1DB80012000F056FE0CAC5FEA8B707FF56EAE6E480068410504D4810506D400050CD5CEE040214FF4806002E080214FF40070664A5060204600F01CFA022000F039FE54E601210DF1F00A5F4D5C4696E7279A0838904206D19DF8A800F8E60DF1F00A01210FE010D9069800F005FC0CA9064600F01FFC0028A5D13046FFF7B9FCA1E702210CAC504D79E7002392
S3FF080107D0BDF8A4108DF8E0300123269A409338ABCDE93E035046CDE93C1200F06FFD81F0010108432AD19DF8E0600998314600F00EFCAE627EE73E9EEEB1BDF8E0205046012100F03AFD3C98A8B13D98800712D53E9A82B1DDF820900123BDF8E010CDE900490CAC204600F023F9BDF8E010204632464B463DE602210CAC39E7069800F0B5FB07900CA900F0CFFBA0B3DDF870900025DDF81CC01C201C95A94509D00CA901351FFA8CF2095A20309142F5D1012201E000224D460CA800EB4516A94510D0B18B1FFA8CF0814201D1013206E0A6EB4210089200F09CFDDDE907C220360135ECE7CDF8FC90CDE93D920CA83C905046FFF705FC114D0798022198
S3FF080108CAFFF72FFC1CE70020002100224FF080430E9C00F010FD052C00D3FEDEB4F1040818BF4FF00108CDE4FFF773FC0948112101E008480D21FFF722FCFEDE0748F6E700BF0048004000000240001C002000160108111601083316010822160108F0B503AF2DE9FF07D0F840A08046ADF8002008F11E06BAF1020018BF012007F8350C684600240390A7F13500C8F84040CDE9011001ADA2450BD036F8202B284636F8221CFFF7EEFB01340028F3D1012601E00026544608EB44150DF10409A24510D0EA8B4846A98BFFF7DCFB30B1A5EB46102946202200F01BFE00E0013620350134ECE7CDE9066ACDE9048A04A8FFF78AFB17F8350C08B0BDE80007C2
S3FF080109C4F0BDF0B503AF2DE9F80FD0F890908246ADF804200AF17606B9F1020018BF0120002507F8290CCAF8905001A80490A7F12900CDE9021002ACA9450CD036F8142B204636F8161CFFF79FFB01350028F3D14FF0010B02E04FF0000B4D4605EB8500A9EB0508CDF800A00AEB80000DF1080A00F16805B8F1000F16D0EA895046A989FFF782FB50B10BEB8B002946404205EB800C91E85D008CE85D0001E00BF1010BA8F101081435E5E70099A9EB0B00C1F8900017F8290C05B000F0B4BCF0B503AF2DE9000F8DB0054607A8984691468A4600F051FC0A9A0DF11C0B0B9843460592FA68069004929BE80308BA68801841F10001461C41F100040020D1
S3FF08010ABE514601900120009028464A46CDE9026400F015F8BBF1000F05D00598301A069874EB000006D20120314622464FF4004300F007FC0DB0BDE8000FF0BDDEDEF0B503AF2DE9000B046C022C2DD207F1080E650100EB4414D7E905C99EE84041A18300214651C4E9018EC4E90521016CA4F81E90013101640C48C4E903C3816849060FD4016841F480710160816841F001018160816841F040018160016841F010010160BDE8000BF0BDFEDE00480040B0B502AFD0F89040022C3FBF04EB840400EB8404002584F878503FBFA4F87630A4F87410C4E91A5225673FBF06490A6842F080020A603FBFD0F890100131C0F89010B0BDFEDE00BF004800409F
S3FF08010BB8B0B502AF0546406D81421BD00C4606D9812C18D20C49221A014428460FE0802808D081280FD20849C0F180020144284600F00CF8812C06D203492846224600F005F86C65B0BDFEDE001C0020F0B503AF2DE9000F95B000F1480B00F1600A814690465A30CDE903120290CDF800B0B8F1000F00F04C81B9F85C00D0B1B9F85E00ADF81400002007F8590C069007F8510CB9F85A00B9F85810081A84B2A04538BF4446089421D2039D84B300F0C4FB013CFAE7D9F850100398042940F0C680D9F84C20C2F10401414528BF41460023994200F08E80D418042C80F01D815A44C45CD4540133D9F84C20F1E7601E019012D9039DC346019E76B1BBF1ED
S3FF08010CB2000F00F00B8100F099FB013EABF1010BF4E7002007F8520C09AD1BE00199414580F0FC8003989AF80020415C09AD914208D00121204407F8511CA8EB04010694049103900020A9F85C00C9F85000012007F8520CA7F159004FF00008D9F840B04E46C9F84080109006A80F9003A80E9008A80D90A7F152000C9002980B90A7F151000A9005A80990C3450AD02846314600F0C5F8203608F101080028F4D1012401E00024D84609EB4816C3450ED02846314600F0B4F820B1A6EB441000F037FB00E00134203608F10108EEE7CDE9134BCDE9119B11A8FFF7A1F90898069ADDF800B0904253D917F8523C0499002B46D0D243024444E00A44A8EBA5
S3FF08010DAC0108042A0844C9F84C20CDF810800390C0F083804FF480300024C9F85A000121B9F8480089F8604000BAC9F84C40000CA9F85E00B9F84A0000BA01EB1040A9F85800042C3FF419AF1BF80410504600F010F90134F5E7A8F101080130013110F8012CCDE90308AA2A53D10429C9F850103FF42BAF01300131A8F1010818F10102EDD14AE0821A8A424BD8039B891A049113440393029A11880844108017F8590CA0B3D9F840004FF0010E4D4609EB401C00200EF00103654520D005F12006D5E900542C433546F4D056E906044FF0000E0D1A72EB04054FF0000538BF0125002D08BF2246002B18BF2246002D08BF0146002B18BF014601203546E6
S3FF08010EA6DAE7002B4FF400431CBF0021002200F024FADDF81080B3E60020C9F85000AFE615B0BDE8000FF0BDFEDEF0B503AF2DE9F80F04460E46C88B21680988884209D16068007858B1A168B0690988401A38BF0020B0610126304605B000F072BA04F10C09D6E905AB99E8030209680078404241FA80F5AAEB0B00A84238BF0546D9F80400854245D83069D9F80010B6F81C80CDE9008068460495CDE902B100F0D0F9F0B98D421CD1D9F8041005EB0B00B061A9422ED3491BC9F80410D9F8001001262944C9F80010A1690A682A440A605045C1D14046FFF7DCF8E06906700026BAE7D9F80400A84214D3401BC9F80400D9F800002844C9F80000A069EF
S3FF08010FA001682944016040460221FFF7BFF8E069012100260170A1E7FEDEDEDEF0B503AF4DF804BD04460B48016821F080010160A06A70B1461E1422A58906EB860004EB8001204600F0FEFAA66228465DF804BBF0BDFEDE00480040D0B502AF82B2086C430118463BB101F12004898BA0F1200391422146F5D1002818BF0120D0BDB0B502AF0278C9B28C234A400021082907D283EA5204D50708BF540801312246F5E70270B0BDF0B503AF4DF804BDC2070AD04FF060421368DB07FCD010F8012B01394FF060431A7000F00302022A06D14FF060421368DB07FCD000F0C6F98A0800234FF060440546934206D02668F607FCD040CD01332660F6E721F0D4
S3FF0801109A030201F003011044022906D34FF060421368DB07FCD000F0AAF9012908D14FF060410A68D207FCD000784FF0604108705DF804BBF0BDF0B503AF2DE9000F8BB0044603A800F021F800F08CF918D000F055F900F06DF9013000F05DF930B1024610F5807F05D300F068F9F2E759B9002006E01046022A18BF0320012A08BF10460BB000F064B9FEDEDEDE6FF00D0252FA81F1112918D8DFE801F0090F170B1C1E17171717170D111717152622122113E0152111E0002117E013210DE001214160002112E000210BE005210170022141607047162100E017214160032105E002214160012101E00121416001707047F0B503AF2DE9000F8BB0044687
S3FF0801119403A8FFF7C5FF9DF80C0005281CD00499A7F11D0A26880DF104090DF10C0800254FF0080BCDE9010100F005F9023000F0F5F840B110F5807F06D36FF39F2646EA80262680F0E719B90BB0BDE8000FF0BDFEDEF0B503AF2DE9000F8BB0044603A8FFF796FF00F001F918D000F0CAF800F0E2F8033000F0D2F830B1024610F5807F05D300F0DDF8F2E759B9002006E01046022A18BF0320012A08BF10460BB000F0D9B8FEDEF0B503AF2DE9000F8BB0044603A8FFF76DFF00F0D8F818D000F0A1F800F0B9F8043000F0A9F830B1024610F5807F05D300F0B4F8F2E759B9002006E01046022A18BF0320012A08BF10460BB000F0B0B8FEDEDFB506AF92
S3FF0801128E044690B201AA00F00DF8019808B1002006E0DDE9020100F00300C4E9010101202060DFBD2DE9700804460D464FF0060B00DF82E87000BDE870087047FEDE2DE9F00990E8F0014FF0040B00DF20462946BDE8F0097047FEDE2DE9F00990E8F0014FF0050B00DF20462946BDE8F0097047FEDE2DE9F04804460D4616461F464FF0030B00DFBDE8F088FEDE2DE9F00F04460D4616461F46089B4FF0010B00DF204683E8E003BDE8F00F7047FEDE2DE9F00F4FF0090B00DF80E8F003BDE8F00F7047FEDE2DE9F00F90E8F0074FF0000B00DF20462946BDE8F00F7047FEDE2DE9F04804460D4616461F464FF0020B00DFBDE8F088FEDE2DE930480446BA
S3FF080113880D464FF0070B00DFBDE83088FEDE2688A7F11D0A0DF104090DF10C0800254FF0080BCDE90110704703904046CDE906A5CDE9049BFFF7C8BF504600214A46FFF760BF042009950890300470476FF39F2646EA8226268070473146202200F0F8B8BDE8000FF0BD15F8011B5046FFF713BE0121FFF7C2BF9DF80C1004980529704730F8022B02394FF060431A807047F0B503AF2DE90007102A08D300F0E5F8A64206D213F8015B06F8015BF8E7034629E0A2EB080C88442CF0030E04EB0E035FEA887115D0182101EAC8090021A1EBC80101F0180A28F003010D1D09689C420DD221FA09F602CD01FA0AF2324304C4F5E741469C4202D204C904C488
S3FF08011482FAE708EB0E010CF003021A44934204D211F8014B03F8014BF8E7BDE80007F0BDF0B503AF2DE9000F431A934211D28E188418102A6FD304F0030C751E24F00309CCF10008A1450FD215F8013904F8013DF8E7102A4DD300F08AF8A64229D213F8015B06F8015BF8E7A2EB0C0EB0442EF00302A9EB0205C2F1000C5FEA88723AD028F003030022A2EBC80218211E6802F0180B1A1F01EAC80A4B469D4235D206FA0BF152F8046926FA0AF4214343F8041DF3E7A2EB080C88442CF0030E04EB0E035FEA887130D0182101EAC8090021A1EBC80101F0180A28F003010D1D09689C4228D221FA09F602CD01FA0AF2324304C4F5E7034622E071444A4646
S3FF0801157C0439954204D251F8043942F8043DF8E708EB0C0609EB0C040EF00302A11A721EA14216D212F8013904F8013DF8E741469C4202D204C904C4FAE708EB0E010CF003021A44934204D211F8014B03F8014BF8E7BDE8000FF0BDFFF71FBFFFF7FCBFFFF761BFFFF7FCBFFFF7FCBFFFF7F8BFFFF7FCBF4342064603F003080B4600EB080470475B5541525476315D204F6E6C696E65210A55415254204672616D65204572726F720A476F74206572726F72206F6E20444D410A55415254204F76657272756E0AAAAAAAAAAAAAAAAAAAAAAAAAAAAAAAAAAAAAAAAAAAAAAAAAAAAAAAAAAAAAAAAAAAAAAAAAAAAAAAAAAAAAAAAAAAAAAAAAAAAAAAAAAAAAF7
S35308011676AAAAAAAAAAAAAAAAAAAAAAAAAAAAAAAAAAAAAAAAAAAAAAAAAAAAAAAAAAAAAAAAAAAAAAAAAAAAAAAAAAAAAAAAAAAAAAAAAAAAAAAAAAAAAAAAAAAAAAAAAAAAAAAAAAAAAAAAAAAAAAAAAAAA1C55AA6E6A
S3FF080120000000000000000000FFFFFFFFFFFFFFFF0000000000000000FFFFFFFF0700FEFF00380020000800007F4342460100241D0000050001000000040000000000000000003C00100000007C000200201D00001E000100000800009900000000000000000000007C1400008014000084140000881400008C1400009014000094140000981400009C140000A0140000A4140000A8140000AC140000B0140000041C0000481C0000040000000100000000000000030000000100000000000000FFFFFFFFBFF34F8FBFF36F8F00F09AFAFEDEDEDE80B56F4688B00120042200900021CDE903206846029004480791CDE90512019001A801F094FCFEE700006D
S3FF080120FAFF03D0E900329A421FBF591C01601844017AD01A18BF01207047D0E930239B1A03F00F038B4281BF114401F00F0101EB410100EB810082BF012141727047FEDEB0B502AFD0E92034A34202D21B1B7F3303E086BFE5432B447F239A4238BF13461A466AB1802C0DD211F8015B013A0555D0F88440013404F07F04C0F88440F0E71846B0BDFEDE88423EBF401A0F30704792BF0F20C94308447047F0B503AF4DF804BDD0E920566C18751B05F07F05691A8B4238BF19460B463BB104F07F04013B055D013402F8015BF6E708465DF804BBF0BD01F07F42B2F1006F07D0B2F1005F0CD14FF4B2724FF0604303E04FF4B0724FF078438058194408444D
S3FF080121F47047FEDEF0B503AF2DE9800F00F1D00B1E4691460C4605464FF0000A54451AD901F041FCA8B9D5F85C0186421ED3884609EB0001321A5846FFF785FFD5F85C11C2440844C5F85C01B042E7D101F02BFC18B1022007E0012005E001EB0A00001BB0FA80F04009BDE8080FF0BDFEDEDEDE064A1040CAB2104401F4006201F4774140EAC23040EA0110704700BF008FF0FB4FF4E0624FF4006102EA1012C3B201EAD0311A4411444FF4704202EA101008447047F0B503AF2DE9000FA7B0CDE90523064607A88A46802101F0A2FCBAF1000F36D0D6E954B00DF11C08D6F858510024049006F1D00003900498AAEB0403A0EB0B0000F07F00984238BF9A
S3FF080122EE03460BB3039800214246FFF74CFF8146584400F07F0B0598069A4346D0E90101C6F850B1CDE900922A4600F0AEF868B94D4400204C44B9F1000FC6F8585106D05445D4D303E00024002000E00120214627B0BDE8000FF0BDE0B502AF0022D030019201AA0423FFF71EFFBDF80400BDF8061041EA00408CBDB8B503AFADF80020120C27F80A2CA7F10A03D0F85021D03011440022022A02D001F08FFBFAE7023100226B46022A02D001F087FBFAE7B8BDB0B502AF0278C9B28C234A400021082907D283EA5204D50708BF540801312246F5E70270B0BDF0B503AF2DE9C00B8146A1F10108A7F1190600200D464C4607F8190C012D07D08DB114F857
S3FF080123E8011B3046FFF7D7FF013DF5E719F8080017F8191C081A18BF6FF01D00BDE80C0BF0BDFEDEF0B503AF2DE9000F8FB00446406801AEBD6823C60120A7F11D0B26890DF10409CDE905234FF0000A049007AD4FF00C0801200D9004A80C903004143007902846CDE90ABACDE9089801F0E3FA30B110F5807F06D301F0FFFA2681E9E729B9002000E0E6200FB001F025BBFEDEF0B503AF2DE9E00FD7E902561C468A4681464FF0000B4FF000080292454514D07068032820D814F808103154706801307060800706D150463146042200F015F8C6F804B008F10108E8E7029900200090484622462B46FFF79DFFC0B2002818BF0120BDE80E0FF0BDFEDE93
S3FF080124E2F0B503AF4DF804BD012493074FEA920318BF04EB9203046800254BB12E1D0AD0964208D84D59013B6C4004603546F4E75DF804BBF0BDFEDEDCB504AF14460A46416891420ED90421009327F80A1C23460168A7F10A0001F076F9B0FA80F04009C000DCBD0020DCBDE0B502AF07F8011C791E012201F00BFA002818BF4FF0FF308CBD80B56F4601F002FA002818BF4FF0FF3080BDF0B503AF2DE9000F91B00446052002904CF2503007F85D1CA7F15D0101900220069001202688A7F11D0BCDE907230DF1040905904FF0000ACDE9030109AD4FF0080802200F9003A80E903004043009902846CDE90CBACDE90A9801F025FA28B110F5807F05D321
S3FF080125DC01F046FAEAE759B9002105E04FF0FF31032808BF6FF01801084611B001F062BAFEDEDEDE80B56F46ADF5826DEC48002601254FF00409013012969196CDE98F698E95CDE98C568B908BA801F0FAF90446000423D00DF50B78404601F0E7F9DDE98B1242F210704FF08043091842F10002012001F0BEF9CDF80080C8F2000412A804214FF08042234601F0BFF930B9BDF82C024FF6FF71884240F0FE8691968EA880E86002CDE98C56CD4E06F10A008B908BA8B04601F0C5F9002840F0F78601F0EDF90DF50B7B8DF8BCA0CDF844925846CDE98F95CDE98DAA2FAECDE98B8601F0B0F9002840F0E28603201121ADF84C00DFF8D80D00F014FF06F147
S3FF080126D6D000069026A800F10801053007910B90BDF84C4005200DF14E01E9900220ADF84E903190CDE92F01CDF844A2CDE98F96F9A8CDE98D50E9A88C902004023001F0A1F948B110F5807F2AD36FF39F2444EA8024ADF84C40E7E70DF14E06002940F0A886DFF8740D1B2100F0DDFE9DF84E40A4F1CA00042800F2B7810AFA00F010F0130F00F0B181002001218DF82C02C9070CD0315C5846FFF717FE01200021F6E7DFF8340D142100F0BEFE9DE19DF84F009DF82C12814240F0978148200DF1BC0800268DF8300288488DF832628DF831428B908DF8A463062E06D01BF80610E9A8FFF7F2FD0136F6E79DF8A40341468DF8320207228B982F90DDF896
S3FF080127D02F02CDF8BF0013A801F0CAF8002840F05386DFF8D00C1E2100F088FECA2C0DD0724ECB2CB04628D1ADF8E453F9A9584601F040F88B9810B3E6244FE114AC3D21204601F0F7F913A8012122463D23FFF7AAFE664E04460006B04640F0418100248DF8A4432FAE3C2C00F0E28014A8015DE9A8FFF7ACFD0134F5E7E32433E18C9E14AC4FF000080D96B04500F01281F9A95846424601F04BF8BDF83402032800F00B8608F101080128EED1CDF844802146DDE98B08DFF8302CCDE91408E9A800F09BFEE99E002E00F0AF80EA9C58463146224600F0C9FE01F0C7F840F0F880DDF8390231460F902246BDF837021090584600F0DFFE01F0B8F840F0C6
S3FF080128CAE980DDF8310221460E90304600F047FFC00740F0DF8045460DF50B780C46112140464FF0040A01F088F9109804F001040026ADF8C40002202F9630902FA8FFF7F8FBC00705D0112E00F0B98501F0B5F8F4E70F98CDE92F9A31902FA800F0DDFDC00705D0112E80F0AA8501F0A6F8F4E7CDE92F9A31952FA800F0CFFDC00705D0112E80F09C8501F098F8F4E7CDF8C0A00BEB060A4FF0000925460E98CDF8BC9031902FA806EB090400F0B7FDC00709D0112C80F084850AF8091008F1010809F10109EEE702204FF000094FF0010AADF8C4503090CDF8BC902FA8FFF7AAFBC0070BD0112C80F06B8508F8011B0134F3E700BF0A00FFFF4F4C4C4567
S3FF080129C4002404258DF8BC402FAE102C06D01BF804103046FFF7E1FC0134F6E79DF8BC0059468DF83C0213A81122FFF7B9FD14AC000656D10D9EDDF844802BE79DF88C009DF8A413814238D13146DFF8AC6A3C2030905846324614AC2F9400F0D3FD8B98E8B33C203246CDE9244024A9584600F0C9FD8B9CF4B18C9D584621462A4600F0F9FD00F0F7FF15D1BDF84F02214611902A46DDF849020F90BDF845020E90BDF8410210905846BDF83D6200F0E3FD00F0E1FF33D0E424042518E0E22416E0ADF82C9213A859460222FFF76AFD04460006A44808BF0024804606E0E42402E0E42404E0FF249F4EB046200606D0E0B2FF2803D013A82146FFF746FD47
S3FF08012ABE08F102008B905846CDE99059CDE98EA9CDE98CA900F0A4FF002840F0E0842FAE02E6584621462A460D96DDF8336200F0C9FD00F0A2FF02D08C4EE4240DE0584621462A46DDF831A200F097FD00F095FF06D0E424854E00F0CFFF0425B046C8E70DF1BC08CDE9E96ADDF85102042600F0A4FF10240C900820CDE99059CDE98E848D90E9A88C903004013000F087FF28B110F5807F33D300F085FFECE7102940F09484DDE92F200B99099031980890100E8870100A08800A928DF89C2013A826903C22ADF8A060CDF8A49029A814AC2146FFF7A8FCCDF8009026A8002122463C23FFF735FC614E04460006B0465CD126980221FFF7CBFC00060DD089
S3FF08012BB8FF2454E000F02FFE594E00F00E006FF01904022808BF6FF01A04A2E7DFF8E8081C2100F08FFC5846412101F00FF80F984FF03C080E99800000EBC1000D990844DDE91021114401EB410100EB810040284FF0400538BF0546002847D011906E1C2698A0215A463346FFF7A9FC044600061AD158463146FFF7C9FB0446000613D129A859462A46FFF750FCCDF8009026A841465A462B46FFF7DDFB0446000603D11198A844401BD2E7314EB0460425BDF8A06027982F90CDF84492CDE98F95F9A8CDE98D502FA88C9030040A3000F0E9FE40B110F5807FC0F0FB8300F0E6FEADF8A060E8E700293FF407AFF1E3CDF800A026A8414601220023FFF7C2
S3FF08012CB2ACFB044600061B4E4146DDE909204FF00405B046CED1CDE92B02DFF8F4071091172100F012FCDFF8DC272BA9584600F072FC8B9860B18C99CDE92D011621DFF8D40700F002FC00F0A2FE00F09CFE01D0E424AFE7079EDDF839020F90BDF8370231460E905846BDF84F4200F0B2FD8B9818B1E6249EE70A00FFFF8C980022119004EB440080000994049000200D901198824280F09F8031465846164600F0D6FD8B99BDF834228D980C46032A04BF6FF01904104680B2032800F0948000F09280032A18BF0D0AE1B2324641EA0524721C0A99079E8C42DAD00128D8D1CDE902252FAE2821304600F034FF282021460090002207983346282500F0C7
S3FF08012DAC3DFD002840F0BF80DFF804275846CDE9E965E9A900F002FC8B990F9C002900F0B0808C9A584600F031FC9DF82C02079E0999002840F0A580DDF839020590BDF837020E9A039D904203D10598A04280F09C800D9A90B288423DD2DDF810904FF0000A4FF0FF340A440D92D14530D000F011FE00F00BFE7ED1BDF84F020134844279D200F007FE00F001FE70D1BDF84D0200218D910C23CDE98B110AEB0001DDE92D02D6685A46B047C0B208285FD1D34EDDE98C10B04611B1059A8A425DD3079E0AF10C0A0028D0D005998142CDD954E0039D00F01AFE029A5CE70D980425099980B2884206D0EA24E7E620064FF004057FF4E3AEDDE92D122998AF
S3FF08012EA62A90584600F010FC00F0C3FD7FF426AFDDE92D1258468C9C00F0BBFB00F0B9FD7FF41CAFDDE92D1258460125DDF8336200F0AFFB00F0ADFD1CD1DDE92D12DDF849021190584600F0EFFB00F0A2FD11D1DDE92D125846DDF8308200F0E5FB00F098FD07D1DDE92D12584600F0B7FB00F090FD0FD0E424A24EB04602E0E42400E0E92400F0C5FD9AE6E42498E6E62496E6EB2494E6DDF8390280B3301B04380F900020C0280AD00BEB000100224FF480734BF800200C300B814A60F2E70698882100F04DFE1098594685902FA8C02200F031FE089888900A9811994044083087900020CDE9610103218690CDE95F002698FFF7D8FA000607D0FF2419
S3FF08012FA0BCE700F04DFD00F047FDB6D1C8E7DFF81C05142100F0A2FA00204121CDE98900584600F01FFE0F984021402838BF01460028109100F0E78110995A4626984E1CA0213346FFF7C7FA0446000696D158463146FFF7E7F9044600067FF48FAF29A8109A5946FFF76DFA1198E89026A8E6902DA8E5902AA8E790DDE95F01081A000704BFDDE96101884200F07B81002086901099884205D3DDE98301081A400600F09181DDE96110DDF87C9188420E9107D1DDF88081A8EB0900000740F0928073E1DDF880810E99441A48464146FFF788F88246844238BFA246BAF1000F00F08180E9A8402100F0BEFDBAF1110F80F0FC8111980E99884240F2F78154
S3FF0801309A11980E99401A5045C0F0F1810E9800244FEA8008A24532D0DDE92D12F9A800F0BEFA9DF8E403002840F086810E98DDF801142044814240F27F81DDE92D12F9A800F0ADFA9DF8E403002840F07581BDF8FF030021F991042308EB0001DDE92D02D668F9AAB047C0B2082840F06581F998E9A908F1040841F824000134CAE70E984FF0000850446190C2452BD0E9A850F82840A60F032E00F0AA81DDE95F094946FFF721F8D8B1B9F1100F80F0A0811020C4F3036100EA146009EB49022FAB081A24F07F4143F8220003EB820041600021417206726098013000F00F00609008F10108D1E7DDE95F98A8EB0900000700F0DC8009F00F002FA900EBB2
S3FF08013194400001EB8000417A31B109F1010000F00F09ECE70A00FFFFCDF87C91D0F8049083AB0ECBA9EB0304511A109A01F07F0111448C4200F2D180869A10999142C0F05981109E0BEB0201D0F8008090F808A0B21A0698FEF7A7FF86995A4633460844869089A8E5A9CDE900102FA82146FEF7F9FFC0B2002800F0AB80022800F0DF80BAF1000F56D0DDE95F01091A01F00F01414540F22F8140442FA900F00F0000EB400001EB8000406883AC16CC031B0433511A01F07F019942C0F08A80BAF1010F4E460DF1BC0A04BF06464846011B0E915046FFF76EF8311B814650460D91FFF768F8824648464E46FFF702F881465046FEF7FEFFC9EA00412FA89C
S3FF0801328EFEF79DFF044630462146FEF7E4FF8146210C5046FEF7DFFF2FAE0E9904464A463046FFF759F80D9930462246FFF754F830460021FEF727FF26E0DDE98360801B10F07C0F47D0DDF81482002406980423F994A9EB0801F9AAFEF755FFF9992FA8FEF76DFFE99009EB0600A0EB0800042C08D0E9A90219069B02F07F02095D01349954F4E74FF000082FA84146FEF7FBFE869886E6859C89A810995B46CDE9001026A82AA92246FFF7A0F800284AD11098204485900FE0CDF87C9189A8E5A95A46CDE900102FA8109B4FF0FF31FEF74DFFC0B2022836D0DDE90F01401A0F902BE62FA8E5AA89AB8021FEF796FF50BB869810998142C0F0818010999D
S3FF080133880BEB0003859C0E1A89A9CDE9006126A82AA92246FFF76CF8B8B9A019CCE711984FF4B472EC9026A8EA902DA8E9902AA8EB902FA9584600F00CFCE9AA89AB58464FF0FF31FEF76BFF08B1E624A2E500201421F9903C4800F08DF82698F9AA04210423FFF7C4F8044600067FF493AD2A998B91F9982999814208D1009526A80C995A460423FEF7FEFF000601D0E82481E5DDE92D0100F0A4F9C0077FF47AADC807F4D02A48172100F065F80A9804212F9000209190CDE98F01CDE98D152FA88C9015480B3000F005FB10B1EE24FFF75DBB1F48132100F04EF82698FF21FFF771F80D4E044600F004FBFFF71BBB0020002100224FF080438D9C00F0EB
S3FF08013482A5FA052C00D3FEDE042C7FF4F4A804480B2100F032F8FFF7EEB800F01EF80A00FFFFDC3C0108E73C0108F83C01080C3D0108273D0108643C0108203C0108303C01084C3C0108743C01088A3C01089E3C0108B23C0108C93C010880B56F46FEF7F6FDD0E900329A421FBF591C01601844017AD01A18BF01207047F0B503AF4DF804BDC2070AD04FF060421368DB07FCD010F8012B01394FF060431A7000F00302022A08D102292BD34FF060421368DB07FCD000F0C7FA71B38A0800234FF060440546934206D02668F607FCD040CD01332660F6E721F0030201F003011044022906D34FF060421368DB07FCD000F0AAFA012910D14FF060410A68F0
S3FF0801357CD207FCD006E0012908D14FF060410A68D207FCD000784FF0604108705DF804BBF0BDB0B502AF44688C4209D900684BB1A14209D2455C013B02F8015B0131F6E70020B0BD0820B0BDFEDEDEDEF0B503AF2DE9000B8CB0D568914604464FF000080E4608466A4600210423CDF80080A847C1B2082910D11048009981420BD1A7F1410031464A4600F019F817F8410C50B117F8400C00E00120C4F8008020710CB0BDE8000BF0BD37F83C0C012802D1C4E90069F4E70220EFE77F484246F0B503AF4DF8048D8AB0E8460E46044640462821154600F0D9FAED683046002142462823A8470146C2B2601C082A05D16946282200F0ABFA002001E001702C
S3FF08013676012020700AB05DF8048BF0BDF0B503AF4DF8048D86B00DF104080E46044614214046154600F0B3FAED683046282142461423A8470146C2B2601C082A05D101A9142200F085FA002001E001700120207006B05DF8048BF0BDF0B503AF2DE9000F8BB00446A7F1450015460E46FFF7A9FF00F0F5F923D100F0D0F937F8308CFFF7A0FF00F0ECF91AD100F0C7F937F82C9CFFF797FF00F0E3F911D100F0BEF957F828ACFFF78EFF00F0DAF908D100F0B5F937F822BCFFF785FF00F0D1F908D017F8440C6070012020700BB0BDE8000FF0BD0BEB08014FEAC90000EB8A0001EB410100EB810037F8341C08443C3060600020E9E7F0B503AF2DE9000FF1
S3FF080137708DB08A46044602A821465246FFF75CFF9DF8080070BBDDF80F500421DDF82DB04FF0000900260194B5421AD9A5EB0608B8F1040F28BF884600205E450DD002903146DAF80C400423019802AAA0470146C0B2082810D102980421464489EA0009E2E702A8019C52462146FFF72DFF9DF8080030B19DF8091001200DB0BDE8000FF0BD0020DDF82D10DAF80C500423029002AA2046A8470146C0B20828ECD10298A0EB0900B0FA80F041090020E5E7411E082928BF09207047F0B503AF2DE9000F8DB00446B8682688A7F11D0BCDE900124FF0000ACDE903300220029005AD4FF00808E94601200B9002A80A903004153000F0F3F828B110F5807FB6
S3FF0801386A05D300F0FEF8F0E731B9002001E0FFF7D1FF0DB000F01FB9FEDEF0B503AF2DE9000F8FB00C880DF104080DF120090D4600264FF01C0B4FF0010A009004200E960D902004283008904846CDE90B8BCDE909A600F0AFF840B110F5807F0FD36FF39F2444EA80242C80E8E71C2911D1009C01A91C22201D00F071F9002004E0FFF799FF009C6060012020600FB0BDE8000FF0BDFEDEF0B503AF2DE9000F8DB00E880DF1080ACDE9010203AC0DF118098B4604254FF00C080020CDE90948CDE90B503004293006904846CDE907A500F072F838B110F5807F0BD300F08EF8ABF80060E9E70C290ED1019B94E8070007C305E0FFF760FF019A032111819C
S3FF0801396410600DB0BDE8000FF0BDFEDEF0B503AF2DE9000F8DB004460520019001202688A7F11D0BCDE903120DF10409029005AD4FF0000A4FF0040801200B9002A80A903004013000F04FF828B110F5807F05D300F05AF8F0E739B9002002E0042828BF04200DB000F07AB8FEDE2DE9F04804460D4616461F464FF0030B00DFBDE8F088FEDE2DE9F00F04460D4616461F46089B4FF0010B00DF204683E8E003BDE8F00F7047FEDE2DE9F00F4FF0090B00DF80E8F003BDE8F00F7047FEDE2DE9F00F90E8F0074FF0000B00DF20462946BDE8F00F7047FEDE9DF82C0200287047DDE92D125846FFF7F7BD05902846CDE908BACDE90698FFF7E2BF8B9058460E
S3FF08013A5EFFF7DEBF6FF39F2646EA802670476FF39F2646EA8026268070474FF0010A4FF00009042570470BF8061008F1010801367047A7F1450031462A467047D7E90223A4EB0A012846FEF7FFBB8D189C5C05F07F050132445570474FF0010A4FF000097047BDE8000FF0BD30F8022B02394FF060431A80704717F8450C00287047F0B503AF2DE90007102A08D300F08EF8A64206D213F8015B06F8015BF8E7034629E0A2EB080C88442CF0030E04EB0E035FEA887115D0182101EAC8090021A1EBC80101F0180A28F003010D1D09689C420DD221FA09F602CD01FA0AF2324304C4F5E741469C4202D204C904C4FAE708EB0E010CF003021A44934204D2CF
S3FF08013B5811F8014B03F8014BF8E7BDE80007F0BDF0B503AF4DF804BD102A09D34342054603F0030403199D4204D205F8011BFAE7054612E0121BCCB20825202D04D204FA05F66D003443F8E722F003051D44AB4201D210C3FBE702F003022A44954202D205F8011BFAE700F02BB8FFF78BBFFFF7FCBF032A98BFFFF7F8BF08C9043A08C0F7E7FFF7F6BF0B4611461A46FFF7C0BFD2B24FF001335343032998BFFFF7F3BF08C00439F8E70022FFF7F2BFFFF7FBBF4342064603F003080B4600EB080470475DF804BBF0BDDEDE0000000008000000040000009F35010857616974696E6720666F72207661726961626C65206865616465720A52656164696EF9
S3FF08013C5267204842462066726F6D20666C6173680A000000000008000000040000001B250108436865636B696E6720646570656E64656E636965730A57616974696E6720666F72207061796C6F61640A57616974696E6720666F7220747261696C65720A54727920746F20737461727420636F6D706F6E656E740A436F6D706F6E656E742073746172746564210A476F74207374617465210A5B55504441544576315D2048656C6C6F0A5B5550444154455D2052656164206572726F720A5B5550444154455D20476F742068656C6C6F206D6573736167650A5B5550444154455D2057726F74652068656C6C6F20726573706F6E73650A000000BC8BDA3545
S5030103F8
S705080001AD44
