:020000040800F2
:10000000001A0020AD010008CD1C0008ED450008D5
:100010006F1E00086F1E00086F1E00080000000021
:100020000000000000000000000000008512000831
:10003000CD1C000800000000371A0008F912000863
:10004000CD1C0008CD1C0008CD1C0008CD1C0008EC
:10005000CD1C0008CD1C0008CD1C0008CD1C0008DC
:10006000CD1C0008CD1C0008CD1C0008CD1C0008CC
:10007000CD1C0008CD1C0008CD1C0008CD1C0008BC
:10008000CD1C0008CD1C0008CD1C0008CD1C0008AC
:10009000CD1C0008CD1C0008CD1C0008CD1C00089C
:1000A000CD1C0008CD1C0008CD1C0008CD1C00088C
:1000B000CD1C0008CD1C0008CD1C0008CD1C00087C
:1000C000CD1C0008CD1C0008CD1C0008CD1C00086C
:1000D000CD1C0008CD1C0008CD1C0008CD1C00085C
:1000E000CD1C0008CD1C0008CD1C0008CD1C00084C
:1000F000CD1C0008CD1C0008CD1C0008CD1C00083C
:10010000CD1C0008CD1C0008CD1C0008CD1C00082B
:10011000CD1C0008CD1C0008CD1C0008CD1C00081B
:10012000CD1C0008CD1C0008CD1C0008CD1C00080B
:10013000CD1C0008CD1C0008CD1C0008CD1C0008FB
:10014000CD1C0008CD1C0008CD1C0008CD1C0008EB
:10015000CD1C0008CD1C0008CD1C0008CD1C0008DB
:10016000CD1C0008CD1C0008CD1C0008CD1C0008CB
:10017000CD1C0008CD1C0008CD1C0008CD1C0008BB
:10018000CD1C0008CD1C0008CD1C0008CD1C0008AB
:10019000CD1C0008CD1C0008CD1C0008CD1C00089B
:1001A000CD1C0008CD1C0008CD1C000880B56F4692
:1001B0000B480C494FF6FF72CFF6FF72814201D017
:1001C00004C0FBE700F00EFC00F018FC03480168D7
:1001D00041F47001016000F021FC00BF88ED00E0F7
:1001E00044140020001A0020F0B503AF2DE9000FE1
:1001F0008CB0C94A1368DB070AD1136843F069035E
:1002000023F09403136013689B0701D400BFFAE73F
:10021000936813F00C0F07D000239360936813F0DA
:100220000C0F01D000BFF9E791F82B304BB991F8D2
:1002300028B04FF00009BBF1020F12D091F829301D
:100240007BB9D2F8943043F00103C2F89430D2F86D
:1002500094309B0701D400BFF9E791F828B04FF024
:100260000109BBF1020F23D0936D43F080539365D6
:10027000AA4B1C6844F480741C601923BBF1000F66
:1002800008BF0523D2F890402343C2F89030D2F83B
:1002900090309B07FBD591F829304BB9D2F89030BC
:1002A00043F02003C2F89030936943F400739361E4
:1002B00091F82530022B0FD091F82440984D002C56
:1002C00008BF05F5802515601468A403FCD51BB98B
:1002D000146844F40024146091F830A0BAF10C0FB3
:1002E00027D191F82AC0BCF1000F0BD0D2F898406A
:1002F00044F00104C2F89840D2F89840A40701D411
:1003000000BFF9E7BAF10C0F08D0BAF10B0F02BF2A
:10031000D2F8884044F04064C2F8884091F82C40FC
:10032000804EDFE804F0021F171ABAF10C0F26D135
:100330004AE10D24BBF1020F08BF0924156844EA05
:100340000A1425F0F9052C4314601468A407C8D4D6
:1003500000BFFAE7022B0ED136E1022B0BD1BAF126
:100360000C0F0CD140F26313136013685B05FCD5CE
:100370000123B04608E0D1F82080022304E0DFF832
:10038000743353F82A800023099391F82D40664D69
:10039000042C0B9423460ED18B699BB1B8F1000F4E
:1003A00000F01281CB695B00B3FBF8F31B020A93E8
:1003B00000230B9303E0CB8D0A938B6913B101F1FA
:1003C0001C0308E0BAF10C0F02D1CB4B013306E05D
:1003D000C84B03EB8A031B68AB4280F0F5800C68C6
:1003E00094B14C68002C00F0EF80B3FBF4F4012CC6
:1003F0000BD0022C0BD0002C00F0E680E51E032D64
:1004000028D20925042404E00124002501E0082560
:10041000022408958D68B3FBF4FEA5B1CD68002DCC
:1004200000F0D280BEFBF5F5012D0CD0022D0DD0D1
:10043000002D00F0C9803446EE1E032E11D2052592
:100440000695042517E00024012501E00424022577
:10045000069411E0A51F062D80F02A810A250824A4
:10046000D7E7063D0726062D4FF0100538BF0626B4
:10047000069638BF08252646BEFBF5F407959C4234
:1004800000F2A2800D69CDF814C0CDF8008095B1BE
:100490004969002900F09880BEFBF1F101290AD0DA
:1004A00002290BD0002900F08F80CD1E032D08D229
:1004B000052504210EE0002501210BE00425022181
:1004C00008E00639072506294FF0100138BF062538
:1004D00038BF0821BEFBF1F8984500F2758006F19F
:1004E000010C0495E6450393019104D25346494615
:1004F0004FF4C06622E0824DAE4504D253464946D1
:1005000040F201661AE07F4D53464946AE450DD292
:1005100040F2026612E000BF00100240007000408E
:10052000630001000024F40001B4C404764D40F2DD
:1005300004660235AE4538BF40F20366734D4FF096
:10054000020A02942E600B9CDFE804F01B031619CC
:1005500006004FF0040A14E0049C9C46E502069C49
:100560000C2B45EA0425089C08BF4FF0060C00261A
:1005700045EA0415099C61E04FF0060A01E04FF0DE
:10058000080A0A9CD946C4F3072BBBF1070F1BD9F5
:10059000BBF1570F18D20A9C012555FA84F5009C2F
:1005A000B4FBF5F5544CA5420ED965450CD205FBBC
:1005B0000BF5554EB54207D9554EB5423EBFB5FB7A
:1005C000FAF54E4CA54200D3FEDE0A9C9C46166806
:1005D000E5B226F080761660099C1668B60101D552
:1005E00000BFFAE7D6684B4B33400B9E760665F3A7
:1005F00006160BF07F05CB4646EA052525442B441D
:100600000133D360136843F080731360D36843F001
:100610008073D36013689B0101D400BFFAE793682D
:1006200043F6F3750326AB43049D43EAC523069DB9
:1006300043EA0523089D43EA0513DD1C9560079DE9
:100640009368C3F38103B34201D000BFF8E7BCF164
:100650000C0F02BF136823F0050313604177039961
:10066000C1600B99059A019E0429029B714602778D
:10067000C0F800E080F81AC046760576C0F8088019
:10068000436008BF0324BBF10202C47618BF0122F5
:10069000012E827718BF4FEA48014161012D18BF32
:1006A0004FEA430EC0F810E00CB0BDE8000FF0BDFB
:1006B000A4F10C051C2D02D20B251024A9E6A4F1EF
:1006C0002805382D02D20C254024A2E6A4F16005AD
:1006D000602D02D20D2580249BE6C03C0F25C02C46
:1006E0004FF4007438BF0E25089538BF4FF480745E
:1006F00090E600BF28460008FF083D0001B4C4048E
:100700000148E801016CDC02FF8FD00300200240A9
:10071000816FE8138C80FFF90C484AF6AA22016821
:1007200041F0040101600A48816862F30F018160B1
:10073000416845F2555221F0FF014160016862F3C2
:100740000F01016003480449016170474C100240E9
:10075000000800481C1400200446000802480168F4
:1007600041F0010101607047140800480248016827
:1007700021F0010101607047140800480248016837
:1007800041F0020101607047140800480248016806
:1007900021F0020101607047140800480248016816
:1007A00041F00401016070471408004802480168E4
:1007B00021F00401016070471408004802480168F4
:1007C00041F00801016070471408004802480168C0
:1007D00021F0080101607047140800480249000137
:1007E000C0B20A68086070471408004880B56F46B8
:1007F00000F000F880B56F4696B006208DF85400E2
:100800004FF08060CDF84E0002208DF84C008DF83E
:1008100049000848109001200F9000200D900B9087
:10082000099001A809A9FFF7DFFCFFF775FF01F0A8
:10083000EFFE00BF00B4C40480B56F468AB00A461C
:100840000146684600F004F8BDF80A000AB080BD11
:10085000B0B502AF8EB00446029201F108000C4A16
:10086000019003A801A900F041F9039971B1049A1C
:1008700003AD284600F072F99DF80C0030B9691CF0
:100880002046282203F07FFE0EB0B0BDFEDE00BF82
:100890005846000880B56F468AB00A460146684649
:1008A000FFF7D6FF03980AB080BDD4D4B0B502AF2D
:1008B00088B0044601F10800019269460B4A009095
:1008C00002A800F013F9029971B1039A02AD28460B
:1008D00000F069F903F0ABFD06D1691C2046142233
:1008E00003F051FE08B0B0BDFEDE00BF5846000860
:1008F000FEB506AF0A46014601A8FFF7D7FFBDF8CF
:10090000060000F0010006B080BD80B56F468AB0D9
:100910000A4601466846FFF79BFFBDF818000AB07B
:1009200080BDD4D4F0B503AF4DF804BD8EB01646EB
:1009300008301A4A01916946009002A800F0D6F8E2
:10094000029C54B3039D02A821462A4600F006F9F2
:1009500003F06DFD21D1BDF82100B6B2B0421CD923
:1009600002A821462A4600F0F9F803F060FD14D1F0
:10097000BDF81F000021ED680823CDE9021100EB4E
:10098000C60102AA2046A847C0B2082801BFDDE977
:1009900002010EB05DF804BBF0BDFEDE5846000853
:1009A000D0B502AF048802460B8843EA0400B0FACF
:1009B00080F0400934B12BB148885188081AB0FA48
:1009C00080F04009D0BD038802460020062B01BFFD
:1009D0005388042B88B2918802BF081AB0FA80F0BD
:1009E00040097047034800220349884228BF7047E6
:1009F00004C0FAE708000020441400200448054918
:100A0000054A904228BF704708C908C0F9E700BFEF
:100A1000000000208C4600080400002080B56F46CE
:100A2000FFF7E4FEFEE77047F0B503AF2DE9000FD6
:100A300089B001AD92460C46804628461C21FF2213
:100A400099464FF0FF0B03F0BAFD154E28460021E2
:100A50000122B047284608212246B04728461021E7
:100A60005246B0473889ADF8209028B1012805D109
:100A7000FF204FF0FE0B06E0FF2004E0D7F80CB09B
:100A80001FFA8BF0000A8DF8230040468DF822B043
:100A900001A9202203F077FD09B0BDE8000FF0BDE9
:100AA000A50A0008D0B502AF0844013A0023082B7C
:100AB00005D0CC181F2C03D8C2540133F7E7D0BDA2
:100AC000FEDEB0B502AF44688C4209D900684BB174
:100AD000A14209D2455C013B02F8015B0131F6E716
:100AE0000020B0BD0820B0BDFEDED4D4F0B503AF09
:100AF0002DE9000B8CB0D568914604464FF00008F4
:100B00000E4608466A4600210423CDF80080A84717
:100B1000C1B2082910D11048009981420BD1A7F128
:100B2000410031464A4600F019F817F8410C48B127
:100B300017F8400C00E00120C4F8008020710CB0D0
:100B400003F07FBC37F83C0C012802D1C4E90069EE
:100B5000F5E70220F0E700BF7F484246F0B503AF5B
:100B60004DF8048D8AB0E8460E46044640462821DA
:100B7000154603F029FDED68304600214246282342
:100B8000A8470146C2B2601C082A05D1694628223E
:100B900003F0F9FC002001E00170012020700AB090
:100BA0005DF8048BF0BDF0B503AF4DF8048D86B051
:100BB0000DF104080E46044614214046154603F084
:100BC00003FDED683046282142461423A84701461C
:100BD000C2B2601C082A05D101A9142203F0D3FC7B
:100BE000002001E001700120207006B05DF8048B48
:100BF000F0BDD1E901329A4209D2531C8B600968D9
:100C0000895C01298EBF01210171072100E00021CB
:100C1000016070478BB20022B2EB532F07D1DA028A
:100C2000C0F6000102F10062C0E901210122026068
:100C30007047F0B503AF4DF8048D00F1040C044685
:100C40004FF000089CE80610DCE9005682EA060036
:100C500081EA050318434FF000001ED051EA02005C
:100C600003D005EA0600013016D12568686940F016
:100C7000010068612846CCE9001200F013F86969A8
:100C8000C0B2022821F00101696101D1002004E015
:100C9000002818BF012020740120C4F80C805DF8E2
:100CA000048BF0BD0169C903FCD40169016111F035
:100CB000300FC1F3001008BF02207047F0B503AF3A
:100CC0002DE9FF0BE9460E460446484620211D4605
:100CD000904603F07EFC05F1006130464A46202331
:100CE000C04768BBBDF81E004FF6FE71022260804F
:100CF00088424FF6FF7108BF0122401A18BF104604
:100D00002080DDE904100840B0F1FF3018BF012059
:100D100020729DE80F001A40B2F1FF3218BF012285
:100D20000840B0F1FF31E27118BF01210130BDF878
:100D30001C00A17108BF0920A08008B003F081BB8E
:100D4000FEDEF0B503AF4DF804BD9468002314F146
:100D5000030F9FBF5668A51CB54213689EBF195369
:100D60009560072303605DF804BBF0BDB0B502AF2A
:100D70000C46D1E90151A94209D225686A540131D2
:100D8000A16019462246BDE8B040FFF7DABF002156
:100D90000160B0BDB0B502AF0C4672B1D4E901211B
:100DA00091420FD22268012555540131A1601946A4
:100DB0002246BDE8B04000F008B82146BDE8B0408A
:100DC00000F018B800210160B0BDF0B503AF4DF8D8
:100DD00004BD9468002314F1050F9FBF5668251DBC
:100DE000B54213689EBF19519560072303605DF8F3
:100DF00004BBF0BDD0B502AFD1E901430022A3424C
:100E000004D20C68E2545A1C8A6007220260D0BDEA
:100E1000F0B503AF4DF804BD14468A1E92B2042A01
:100E200028BF0422DFE802F00334282B0C00D3E9AA
:100E300001420021A24237D21C68A154511C2FE06C
:100E4000D3E90162B2422ED2D3F800C004250CF8D7
:100E50000250551C09049D6029D0B54223D20121BE
:100E60000CF80510911C1A46996021465DF804BBE8
:100E7000BDE8F040FFF765BF1946022201E01946C0
:100E8000032223465DF804BBBDE8F040FFF76EBFC8
:100E9000D3E90121914206D21A6801245454013148
:100EA0009960072100E00021016003F0AABA194609
:100EB0005DF804BBBDE8F040FFF79CBF8B680022E3
:100EC00013F1050F0DD8B0B502AF4D681C1DAC4233
:100ED0009FBF8C600968C958416098BF0722BDE870
:100EE000B04002607047C16809B1FFF7A2BE0020A0
:100EF0007047D4D4BFB506AF044601A80D46FFF72E
:100F000089FE0198E8B1022040F6FA7265F3CA0042
:100F100025686969914308446861686940F48030D4
:100F200068612846FFF7BEFE6969C0B2064A1140F3
:100F30006961022801D1002004E0002818BF0120C7
:100F40002074012004B0B0BDFDFFFEFFF0B503AF7B
:100F50002DE9E00F00F1040B044600259A46CDE987
:100F60000112AB422DD00298465D019800EB0509B5
:100F7000E06829F0070838B1404505D02046FFF762
:100F800058FE00BBE068534618B9D8E90001CBE928
:100F9000000109F007001BF80010FF2918BF002E00
:100FA0000CD107280BF80060C4F80C8004D120464F
:100FB000FFF73FFE534638B90135D2E7B142F0D0D2
:100FC00002E01D4600E0534600209D4238BF01204C
:100FD000BDE80E0FF0BDF0B503AF2DE9F80F6821A5
:100FE000814603F0F6FAD9F80C010168406808441C
:100FF000A0F1080B5FEA4B706AD1BBF1670F67D9AC
:10100000D9F8FC00002863D0D9E92780ABF1680546
:10101000AB21424618B102F8011B0138FAE7D9F8B2
:10102000046116EB080053D26846494642463346EF
:10103000D9F8004100F04DF89DF800000B2847D189
:10104000DDE9010141B1002E42D014F8012B013934
:1010500000F8012B013EF5E7D9E943126846FFF796
:1010600025FCD9F8FC1009F1A400DDF808A0D9F896
:101070000C6101EB4101890051B350F8082CAA42E0
:1010800009D850F8043C1A44934504D8026802F089
:101090001A02022A02D00C390C30EDE728466821EA
:1010A00003F092FA0AEB06024FF080700832E86112
:1010B00042F001024FF0FF316FF01200C5E9051256
:1010C000C9F81480C9E9085005B0BDE8000FF0BDAB
:1010D000FEDEF0B503AF4DF804BD044608461D46DC
:1010E000164611461A46022300F00DF810B10B20E7
:1010F000314603E00121002035466170C4E9011545
:10110000207003F07EB942B3F0B503AF4DF804BDD3
:1011100000F1A404D0F8FC0002EB010C00EB40004D
:101120008500002D284618BF012013D054F8086C04
:101130008E420CD854F8042C3244944507D82668C3
:1011400006EA03029A4208BF16F0180202D00C3DCC
:101150000C34E6E75DF804BBF0BD01207047D4D441
:10116000F0B503AF2DE9000F00F19C01D0F8FC00B1
:1011700000224FF0805C4FF03C0E00EB40004FEA45
:1011800080081D4881461D488346B8F1000F31D0C4
:1011900070C906F00800CA46144344F01004C9F8A8
:1011A0000040F407A8F10C084FF0007408BF4FF09E
:1011B0008074B3070CEA866348BF4FF0407443EA7B
:1011C00000432344F4064FF4802458BF4FF44034C6
:1011D000002818BF4FF4803418195B4680EA0B00D2
:1011E000B5FA85F30132AEEB430318430130C9F879
:1011F0000400CAE703F014B99CED00E000000810F9
:1012000080B56F461B49FF241B4B4FF4F076CA682C
:1012100042F4E022CA6000220A704A708A70CC71DF
:101220008C72CC72D3F8105D45F01005C3F8105DD8
:101230001D6806EA45152035954208D0B2F5F87FBD
:1012400004D09E18013286F8FC43F5E7FEDE0B4A17
:101250001A6100225A61DA6842F00702DA60052258
:10126000CA6707490860016A81F3098890E8F00FAE
:10127000FFDFFEDE18ED00E004E000E07F38010053
:101280001C14002070466FF00C0120EA01000828B1
:101290001BD041F21C40C2F2000001680A00EFF3CB
:1012A000098CA2E8F05F82EC108A5FEA0B0001F083
:1012B000E3FA41F21C40C2F200000068B0E8F05FBF
:1012C00090EC108A8CF309887047012080F3148811
:1012D0006FF0120E7047FEDE05490860B0F8680036
:1012E000096921B103490001C0B20A68086070476A
:1012F0001C14002014080048F0B503AF4DF804BDDD
:10130000134D144C286918B1206840F00800206083
:10131000114E0121D6E84F0FC6E8421F002AF9D12D
:10132000BFF35F8F98B9012000F01AF818B10B488D
:101330004FF0805101600020BFF35F8F307028694B
:1013400018B1206820F00800206003F05AB8FEDED3
:101350001C140020140800480000002004ED00E0E8
:10136000F0B503AF2DE9F80F60B16B498A68D1F889
:101370000CB0131809D30BF1010B00258D60C1F8D7
:101380000CB004E04FF0000EBFE015188D6063480C
:10139000D0F8D060102E00F2BD80614B4FF4947AEB
:1013A0004FF000084FF00009CE46B04542D25B48EE
:1013B00000EB8800D0F890400F2C00F2AB8004FBCB
:1013C0000A3008F101085FEAC97110D1D0E946126C
:1013D00011430CD0D0E9481247F2305C691A6BEB2C
:1013E0000202BCEB01014FF0000191411FD3D0E993
:1013F00020121143D9D0D0E92212691A7BEB0201E5
:10140000D3D30021CDF800E0C0E92011D0F890102E
:1014100000F08AF80246002818BF0222DDE9000128
:10142000234600F0BBF83E4B86460191BDE74FF0E6
:101430000109B9E701995FEAC97066D040F2FF304F
:101440009A46CDF800E000F0F7F800285BD00F29AD
:1014500060D84FF4947001FB00A0D0E94301FFF77E
:10146000EBF980462F4840F2FF3100F013F9404677
:1014700000F0E2F8D0B389460F294BD84FF49470AE
:1014800009FB00A000F58675D0E94301FFF73DFA9E
:1014900086B20DF1080B0024A0B2B04210D2D5E9FB
:1014A00000012246FFF73EFA02460B461146584617
:1014B000424600F075F902F0BAFF2BD10134EBE798
:1014C0004FF4947009FB00A4204600F0B3F9D4E96E
:1014D0004301FFF70DFA48B103200621C4F86E005E
:1014E000B4F86C00A4F86C10062813D1042000F0A6
:1014F000A3F878B110290DD24FF4947001FB00A02D
:10150000012100F011F8DDE900E1704605B0BDE809
:10151000000FF0BDFEDE00BF1C140020881200206A
:10152000080000205C130020D0B502AF0446D0F8BC
:1015300008010843C4F80801B4F86C00062809D172
:10154000204630F86E1F012904D839B11249FFF73F
:1015500027FA18B9D4E9460108431AD0204600F00A
:1015600038F802460020012A12D14FF6FF72C4E972
:101570000210C4E900020323C4E904000621B4F800
:101580006C00C4F86E300628A4F86C1003D101205A
:10159000D0BD0020D0BDFEDE68460008904204D1D8
:1015A00002280CD1994202D103E0022803D1022A79
:1015B00008D002207047022A02D102201946704743
:1015C000012801D101207047501EB0FA80F0400977
:1015D0007047B0B502AFD0E902510446B1F1FF3F08
:1015E0000ADC012001224FF6FF7300F011F818B950
:1015F000D4E94601084309D0D4F8080110EA0501EE
:1016000004D04840C4F808010120B0BD0020B0BD9E
:10161000D0B502AF0446104380B2B0FA80F0400962
:10162000240408D012041FBF98B289B2081AB0FA75
:1016300080F018BF4009D0BDB0B502AF00F00F0177
:1016400082B213480B46102B0BD030F833501C4697
:101650000133002DF7D000EBC40464889442F2D12A
:101660000DE00023994210D030F833501C4601336E
:10167000002DF7D000EBC40464889442F2D1591EC7
:1016800000EBC10041680120B0BD0020B0BD00BF2B
:1016900088120020F0B503AF2DE9000F8DB083460E
:1016A00008468846FFF7C8FF00286CD00F296DD880
:1016B0004FF49470DFF8D89001FB0094BBF1000F59
:1016C00019D0D4E94301FFF720F985B20DF1140ACE
:1016D0000026B0B2A8420ED2D4E943013246FFF749
:1016E00021F902465046594600F0BAF805980028FC
:1016F0004CD10136EDE7D4F80C1105A800F038F90B
:10170000BDF81400032841D02248069E00F11405BC
:10171000214A06F17843A7F146002946FFF7CEFAA1
:1017200017F8400C90B317F83F0CA8B937F8441CD1
:1017300037F8460C37F8423CCDE90001012117F893
:101740003E2C05AC2046FFF76FF902F074FEE8B9B5
:101750002846FFF7C8FBC8B9404600F0B9F8A8B959
:10176000102913D20D480024084480F880404FF41B
:10177000947001FB009500F0DFF8C5E94344A5F83B
:101780006840C5F8FC400DB002F04ABEFEDE00BF66
:10179000080000201C140020051A000888120020F0
:1017A000F0B503AF4DF804BD01F00F0C204C1FFA4B
:1017B00081FE0CEB4C0504EB8506ACF111050135FF
:1017C00008D23188F1B106F10C01768876450E46D3
:1017D000F5D10BE00CF10105013D1AD02188E1B1F2
:1017E00004F10C01648874450C46F5D141F8043CC1
:1017F00021F8082C012221F80AEC21F80C2C0021F8
:10180000427012E00121B360B280A6F802E031809C
:1018100009E001218360828007E00121A360A280AA
:10182000A4F802E0218000214170017002F0E9BDBE
:101830005C1300200021094AC0E92011C0E94611CB
:10184000C0F80811C0F89010A0F81411D0F8981042
:10185000C2660131C0F89810FFF7BDBB0600020058
:10186000F0B503AF4DF804BD02F00F0C92B20CEBD3
:101870004C0401EB8404A51CACF1110401340BD21F
:101880002E460C3536F8023C002BF7D033889342B5
:10189000F4D1A5F10E020FE00CF101030231013B7E
:1018A00011D00C460C3134F8025C002DF7D024889E
:1018B0009442F4D1A1F10E02002193881180926824
:1018C0008260838000E00121016002F09ABDD4D4DF
:1018D000F0B503AF4DF804BD00F00F01154A80B21A
:1018E00002EBC1039C1C61F00F0363B12546013379
:1018F00035F8026C0834002EF7D02D888542F4D1DB
:10190000A4F10A010DE0023279B11346013933F82E
:10191000024C0832002CF7D01B888342F4D1A2F18C
:101920000A0100200880496800E001205DF804BB3E
:10193000F0BD00BF88120020D0B502AF0B480022D6
:101940000021102A0ED01346024492F880405A1CFF
:10195000002CF6D00F2908D800EB81040131C4F81F
:101960009030EEE7C0F8D010D0BDFEDE8812002027
:10197000F0B503AF2DE9F80F80461F48204CA7F1C2
:10198000260901EB000BA1F1200001904FF4204546
:101990001A484FF4801A00F11406B5F5801F18D2CA
:1019A0004846314622462B46FFF788F917F8200CA7
:1019B00060B117F81F0C48B937F8220C5D4500F0EC
:1019C0001F002AFA00F008D00544E6E705F5006597
:1019D000E3E70320A8F800000AE017F81E1C88F8C7
:1019E0000C1057F8261CC8F800100199C8E901101E
:1019F00005B002F015BD00BFE0FFFFF71C1400208A
:101A0000051A0008B1F1006F3CBF01207047B0B566
:101A100002AF5C18250D802D05D8C06828B188421A
:101A200003D3A04201D80120B0BD10461A4602F0EF
:101A3000AAFD0020B0BD41F21C40C2F200000168C6
:101A4000EFF3098CA1E8F05F81EC108A00F00EF84A
:101A500041F21C40C2F200000068B0E8F05F90EC78
:101A6000108A8CF309887047FEDED4D4F0B503AF3A
:101A70004DF8048D1B4E1C4C306918B1206840F0A5
:101A800002002060306860B3B0F868000122174D92
:101A9000D5E84F1FC5E8432F002BF9D1BFF35F8F67
:101AA000F9B9FFF7C9FDE0B10846A04600F022F8F9
:101AB000102816D24FF494720D4902F0C9FC20464A
:101AC000FFF70AFC0020BFF35F8F2870306928B150
:101AD000D8F8000020F00200C8F800005DF8048B80
:101AE000F0BDFEDE1C140020140800480000002099
:101AF00008000020F0B503AF2DE9E00FDFF878A073
:101B0000DAF8D050112D35D2DFF8709000248346DA
:101B1000E8462E460094A54213D00AEB8400D0F884
:101B20009010594508BF2646AE4208D20F2921D849
:101B30004FF49470424601FB009000F021F801340C
:101B4000E9E70AF190044FF4947AE84666B18DB162
:101B5000216810290ED201FB0A90424600F010F8CD
:101B6000013E013D0434F1E7009818B10198BDE849
:101B70000E0FF0BDFEDE00BF88120020080000201E
:101B8000F0B503AF4DF804BD0D460A4906466C306A
:101B9000144600F011F850B12168B6F86A0011B18E
:101BA0002189884203D220810120C4E9000502F086
:101BB00028BC00BF6C460008B0B502AF05460088DF
:101BC0000C46811F18BF01212288063AB2FA82F220
:101BD000520991422ED0062815D0287921798842C1
:101BE00028D10A2823D8DFE800F006140622222292
:101BF000141E22171A0005F1080004F1080100F074
:101C000053F880B916E0A81CA11CBDE8B04000F054
:101C100013B8A068A96808E0E088E98805E0E088D2
:101C2000E988814206D160796979814202D12846EA
:101C30002146EAE70020B0BDF0B503AF4DF804BD82
:101C4000B0F800C00426ACF1020293B2042B28BF06
:101C500033460A88951EACB2042C38BF2646B342E0
:101C600008D1042B11D0032B06D0022B18D1022D42
:101C700004D015E0002014E0032D11D149884088DC
:101C8000401AB0FA80F040090BE0032D08D94B88C8
:101C9000418860465DF804BBBDE8F040FFF7B8BC82
:101CA00001205DF804BBF0BDD0B502AF0468024668
:101CB0000B6843EA040080F0010034B12BB148689E
:101CC0005168081AB0FA80F04009D0BDF0B503AFF2
:101CD0002DE9000BDFF8F8803E49D8F8100018B164
:101CE000086840F0040008608946EFF3058001466B
:101CF0006FF35F21022903D00C2918BF0F2900D8E8
:101D0000FEDE00F00F02DFF8D0C01039541E02EBE7
:101D100042030CEB83039D1C8BB20F2C0AD02E4682
:101D20000C3536F8020C01340028F6D03088984281
:101D3000F3D10FE00CF102060024A242E0D03546B8
:101D40000C3635F8020C01340028F6D02888984269
:101D5000F3D1013C04EB4400204E01230CEB800046
:101D600084688088D6E84F2FC6E8453F002DF9D11A
:101D7000002ABFF35F8FC3D101F01F02012349097D
:101D800003FA02F2164B43F82120FFF755FC002816
:101D9000B6D01029B4D213484FF4947201FB02005C
:101DA0002146FFF7C1FB0021BFF35F8F317018B1EF
:101DB0000D484FF080510160D8F8100028B1D9F8D3
:101DC000000020F00400C9F8000002F03ABB00BF98
:101DD0001C140020140800485C13002000000020A0
:101DE00080E100E00800002004ED00E00021B1EBFC
:101DF000502F01BF00F01F01012202FA01F140093A
:101E000002BF024A42F820107047FEDE80E100E087
:101E10000021B1EB502F01BF00F01F01012202FA97
:101E200001F1400902BF024A42F820107047FEDE6D
:101E300000E100E041F21C40C2F200000068EFF354
:101E4000098C0246A2E8F05FEFF3058101F00F0173
:101E500000F010F841F21C40C2F200000068B0E847
:101E6000F05F90EC108A8CF309887047FEDEFFF774
:101E7000E1BFFEDEF0B503AF2DE9F0070D464449A2
:101E800090460C688A46D0E90896D0E94301FEF7EF
:101E9000D3FC310777D53F492140042D05D0052DCE
:101EA0000CD1220416D4002217E0E2061DD4E2076A
:101EB00029D1220629D40022002325E0CAF80010E7
:101EC0000291E1034FF0050158BF0621A20148BF6E
:101ED000032115E0DAF810300122CAF800100221BF
:101EE000CDE90223ADF804101CE0CAF80010DAF8BE
:101EF0000C1221F00101CAF80C120121CDF8089052
:101F00008DF804100EE0042203E0DAF80C400123FF
:101F10000022CAF800100021CDE902348DF8051026
:101F20008DF804201C4D012288EC108AD5E84F1F43
:101F3000C5E8432F002BF9D1BFF35F8F39BBFFF703
:101F40007BFB20B30C4601A9204600F029F80228AB
:101F500003D02046FFF7CEFD0146A14217D010293D
:101F600015D24FF494720D4801FB02042046FFF78E
:101F7000F7F82046FFF7B0F90020BFF35F8F287015
:101F8000BDE80F07F0BDDAF80C00DAF81000FEDE4D
:101F900028ED00E0BBBF0F03000000200800002078
:101FA000F0B503AF4DF804BD0F2830D80C464FF400
:101FB0009471174D00FB0156D6E94301FEF73CFC36
:101FC000B6F86C006C21062808BF6E217058F066C8
:101FD00006F1700094E80E000EC00020FFF72CFB05
:101FE0000C4601280DD10F2C11D84FF4947001210B
:101FF00004FB00500125FFF797FA002818BF0225BF
:1020000000E00125284621465DF804BBF0BDFEDE58
:1020100008000020B0B502AF044608780D460B2832
:1020200001D1002003E010462946FFF7B9FF15F85B
:102030000C2F0B2A01D102F01CBA95E8070007C447
:10204000B0BDB0B502AF0D46044611F80C0F0B2819
:1020500001D1002002E01046FFF7A2FF2A780B2AE8
:1020600001D102F006BA95E8070007C4B0BDD0B5AB
:1020700002AF86B0044603A800F029F89DF80C00D2
:102080000B2810D1DDE9040100228DE8070003A828
:102090006946FEF713FF0398072811D1049802211F
:1020A000C4E9001011E09DF80F10E171BDF80D10AA
:1020B000A4F80510DDE90412C4E90212207102E05F
:1020C00040F20770A0800120206006B0D0BDF0B5BE
:1020D00003AF4DF804BD04460846164611461A469D
:1020E0001D4600F059F810B10B20314603E00121E4
:1020F000002035466170C4E90115207002F081B9F5
:10210000F0B503AF2DE9000B4FF494731F4A00FBA9
:10211000032089B24FF0000C4FF0060E4FF0030879
:102120000024D0F898901A4860F39F19194800F1DC
:102130008003B4F5945F26D0187800B31519B5F86C
:102140006C0006281BD1B5F86E00861EB6B2042EB0
:1021500028BF0426042E10D0032E18BF022E0ED145
:10216000B5F8700088420AD142F80490A5F86CE0F6
:10217000C5F86E80C5F804C001E00128F0D004F570
:1021800094740133D5E702F05CB900BF0800002069
:10219000FCFFFF03881200200123FEF7B4BFD4D454
:1021A000F0B503AF2DE9000FAFB081460888D1E943
:1021B00001466FF01F010128924604F1280507959A
:1021C00008BF6FF027018819804A089009A807A95D
:1021D000FEF78CFCDDF82480B8F1000F3FD0DDF86D
:1021E00028B0BAF1000FCDF818B054D00BA8414672
:1021F0005A46FEF7B3FC9DF82C0080BBCDE9026582
:102200000421CDE904944FF0000ADDF83360002486
:10221000DDF851905D46A64219D9A6EB040BBBF13F
:10222000040F28BF8B4600204C450CD0ED6821469A
:102230000B900BAA40460423A847C0B208280CD133
:102240000B980421069D5C448AEA000AE3E70BA888
:1022500002F0E9F89DF82C0040B1DDF81090002064
:10226000C9F86C00022089F80000ABE00020DDF81E
:102270005110EC6804230B900BAA4046A047DDF8F0
:102280001090C0B20828EAD10B985045DDE90265EC
:10229000DDE9054BE3D10220CDE903592390072066
:1022A00010905A4602960DA951C1616A206ACDE983
:1022B0000B0124A84146FEF751FC02F0C5F840F09E
:1022C000848004F120000190BDF8A5005D460590D2
:1022D00024AC02264FF000094FF0000B4FF0000A2B
:1022E0000598504537D0204602F09DF802F0ACF832
:1022F0006BD1BDF8A500824567D2204602F093F865
:1023000002F0A2F861D1BDF8A3002246ED680C23CB
:102310000BEB00014046CDF89890CDE92499A847F1
:10232000C0B2082851D1082E4FD224AA06EB46038A
:102330000AF1010A0BF10C0B07CA0BAD02F01F02E8
:1023400045F8230005EB8300C0E901122398069DA0
:10235000461C2396C4E724A841462A46FEF723FCE0
:1023600002F072F831D1DDF89D4024A841462A469A
:10237000FEF719FC9DF89000DDF80C9028BBDDF805
:102380009D6056B124A802F04EF802F05DF81CD111
:10239000DDF89700801B051F00E00025049E0BA9B7
:1023A000642206F1080002F0F8F804EB0900002CA2
:1023B00008BF254608BF0120C6E91B05DDE901105D
:1023C000C6E900102FB002F02BB8FEDE7C460008F4
:1023D000F0B503AF2DE9FE0F0646386999469346DE
:1023E0008A46FFF729F9B8B10C46102980F0BD8064
:1023F0005E484FF4947104FB010550465946FEF7C0
:1024000049FA8046D5E94301FEF744FA80451CD9D4
:1024100057483969FFF73EF9D7F80C800021554835
:1024200010290ED045180C46013195F88020002A5D
:10243000F6D1396902A8224600F09EF801F0F7FFB4
:1024400009D040F20140308002E00020746030701A
:1024500007B001F0E5BF0120019685F88000FFF785
:102460006BFA02A851465A46FEF720FA4FF49471CF
:102470003E485D4604FB010BBDF808002946ABF859
:102480006A005046FEF734FA0621ABF86C100321BF
:10249000002808BF0221ABF86E1050462946FEF70F
:1024A000CBF9ABF868004046B9684FF00008CBE9BB
:1024B000401058466821CBF89880CBF8FC80CBE9D7
:1024C000428ACBF8105102F084F8D9F860100BF171
:1024D0009C0CCBE94688CBE9208801EB4101ABF8A5
:1024E00014818900CBF89080A1B1B8F1080F3CD2DB
:1024F0004B4608EB480293E861000C390CEB820272
:1025000009F10C0961C2DBF8FC0000F10108CBF80D
:10251000FC80E9E7DBE94301FEF7F7F93D690DF1DE
:10252000080A00261FFA80F8B0B2404513D2DBE952
:1025300043013246FEF7F6F902460B461146504675
:102540002A46FFF72DF901F072FF09D19DF8090025
:1025500058B90136E8E70199002008704C6077E728
:10256000019940F20130088072E7FEDE0800002089
:102570005C13002088120020F0B503AF4DF804BDB5
:1025800001F00F03214C63F00F061FFA81FC04EBEE
:10259000C305DEB12988F1B105F108016D88013666
:1025A00065450D46F5D141F8042C012221F806CCF1
:1025B00021F8082C002142701AE0218889B104F129
:1025C00008056188013B61452C4614D0002BF4D1ED
:1025D000012142600CE001216A60A5F802C0298057
:1025E00004E001216260A4F802C021800021417052
:1025F000017001F006BF012145F8042C25F806CC36
:1026000025F8081C41700021F2E700BF8812002065
:1026100080B56F46ADF50A7D8C4A8D4850608D4877
:102620004169B1F1FF3F08DC8B4981608B498160D2
:102630004169B1F1FF3F40F3D6804FF0FF31DFF841
:1026400020B2C2E905014FF00209864800264FF08A
:10265000010A002582F824908046C2E90716B5F5E4
:10266000945F1BD00BEB05046A21204601F0B1FFFB
:1026700004F582701221C4E92066C4E93F6AC4F8F7
:102680009860C4F89060A4F86E90C4F86A8001F075
:102690009BFFC4E9466605F59475E0E76AA900204A
:1026A0000022802A04D08B18885008325860F8E73E
:1026B00006AD502105F1800001F086FF6AA9284689
:1026C000802201F06AFF684C2946D022204601F0A2
:1026D00064FF00200022C4F8D0003AA9C02A05D027
:1026E0008B1888500C32C3E90100F7E75F483AA91C
:1026F000C02201F052FF06A85E4D083004905348F6
:102700004FF420494FF0000A00F114084FF48014F0
:10271000BAEB195F61D106A841462A464B464E46A0
:10272000FEF7CCFA9DF81E0098B19DF81F0080B905
:10273000BDF81C009DF8201000F01F00002924FAAD
:1027400000F000EB0609E3D0BDF81820012A09D0FB
:10275000DEE7BDF81C0000F01F0024FA00F000EBDB
:102760000609D5E76C9046F00060BDF81A206B9022
:102770000120ADF8AA2101228DF8B411ADF8A8010D
:1027800006A86AAC2146FFF70BFDDDF884A0BAF17C
:10279000000F28D00499204664222C464546DDE9E6
:1027A000066801F0FAFE2298414605903046FEF791
:1027B00043F805994246CDF800A0019106A9029080
:1027C0006AAB08463146FFF703FE9DF8180050B982
:1027D000A8464FF0000A254698E7DFF88C80D8F825
:1027E000D040102C00D9FEDE08F190054FF494760D
:1027F0004CB128680F28F6D800FB06B0FEF7EBFBBB
:10280000013C0435F4E76FF07F000028EBD000F1C5
:1028100008014044B0F8800000280846F5D008EBD5
:102820000100C06FFFF766F90F28DCD84FF49471F0
:1028300000FB01B42046FEF793FC0D480021BFF3D6
:102840005F8F01702046FEF7DBFC00BF1C140020E8
:10285000803801000020024023016745AB89EFCD9D
:1028600008000020FF000600881200205C130020F2
:1028700000000020051A0008F0B503AF2DE9000F95
:10288000CDB0DFF8C4AE0446EF4ADAF8100018B154
:10289000106840F001001060B1F868600121DFF8B5
:1028A000F4BEDBE84F0FCBE8421F002AF9D1002825
:1028B000BFF35F8F41F072823046FEF7BDFE002805
:1028C00001F06C8288460C2C00F2C081DFE814F025
:1028D0000D008C012B0156019D00A601C20175015E
:1028E00016020E01EB016600E100B8F10F0F01F2D4
:1028F00055824FF49474DFF8A01E08FB04F00D58C5
:102900004FF6FF70290C814200F0878214A801F075
:1029100019FBDDE91496B9F1020F40F06183102E26
:1029200081F03C824FF49470DFF86C1E06FB0010BF
:10293000CDF8248008FB041430F86C1F062940F001
:10294000CC8330F8021F012900F2C78399B1B4F893
:1029500068204FF00108B4F89810ADF850806FF37C
:102960009F2242EA8121ADF8521014A9FEF718F80F
:10297000002800F0B4830AA8DDF8248032464146DE
:1029800001F010FB9DF828000C2840F0DF864FF086
:1029900002091296CDF8449000F022BCB8F10F0F56
:1029A00001F2FC8141464FF49470DFF8EC6D08FBB6
:1029B00000648A464843D4F80480315814A801F0D2
:1029C000C1FADDE91495B9F1020F40F0A181102D93
:1029D00081F0E4814FF49470414605FB006948465C
:1029E000FEF7A2FD00260028C4E9006600F0268458
:1029F000B9F86A00D046B4F86A10DFF894AD88429E
:102A00003CBF1295022600F010BCB8F10F0F01F286
:102A1000C5814FF49471DFF8800D08FB0106D6E9FB
:102A20000354601980F009813168CDF82480D6E91B
:102A300001AB31A801F086FADDE93198B9F1020F56
:102A400040F0CF81CDF800B031A801F022FDDDE9E2
:102A50003190DDE93323B9F1020F40F0E883DFF86C
:102A600030ADC007DFF82CBD00F0B48109984146B5
:102A7000CDE90005029414A801F05AFB9DF850001E
:102A80000C2840F06C8515980021C6E9001000F074
:102A900026BCB8F10F0F01F281814FF49470DFF87A
:102AA000F86C08FB00604568062D80F03B810168EA
:102AB000CDF82480B0F89880B0F8684014A801F0F0
:102AC00041FA1498002800F05A83012840F05E83F0
:102AD0009DF85420DDE916010B2A00F05283BDF861
:102AE00056409DF85530DDF824801DE1B8F1100FF7
:102AF00081F054814FF49470DFF89C4C08FB00F196
:102B0000DAF80820DAF80C3008FB0040625000F1D7
:102B1000800676CE0A4304BF15461446C0E901314B
:102B20000C3070C026E2B8F10F0F01F23781424637
:102B30004FF49470DFF8604C08FB00410992504359
:102B4000D1E9028B4E68B1F89890B1F868502158DD
:102B500031A801F0F7F93198002800F0E781012849
:102B600040F013829DF8C800DDE9338B0B2800F09C
:102B70002B82BDF8CA209DF8C9103CE3B8F1100FB4
:102B800081F00C814FF49472DFF80C1C08FB0210EA
:102B9000DAF80840DAF80C5008FB02F289580029EC
:102BA00000F03181D0E901230026C168A41A75EB39
:102BB000030480F00E82012428E1B8F10F0F01F226
:102BC000ED804FF49472DFF8D01B08FB021008FB75
:102BD00002F240688C58002800F0AB81012840F0D8
:102BE000CB81DFF8B83BA6E1B8F10F0F01F2D68038
:102BF0004FF49470DFF8A01B08FB00142046FEF78A
:102C0000E8FC012840F09B8000264FF6FF70C4E9E5
:102C10000060C4E90216C4E90466B8E0B8F10F0F19
:102C200001F2BC804FF49471DFF86C0B08FB0104D7
:102C3000D4E90365A819C0F0AC8040F20710ADF8E4
:102C400044004FF00109CBE2140800480120109025
:102C5000002094E1B8F10F0F01F2A0804FF49471BD
:102C6000DFF8340B08FB010508FB01F16C684158E3
:102C700014A801F067F9DDE91492B9F1020F40F0F0
:102C8000BB8000264146009614A8234601F002FBB3
:102C9000DDE914911798B9F1020F40F01882C5E9E7
:102CA0000061A860C1E2B8F10F0F01F277804FF424
:102CB0009475DFF8E44A08FB05F020586FF39F2075
:102CC000FEF7BAFC002800F02D810F2901F2668082
:102CD0004FF4947208FB0540002601FB0241119657
:102CE000B1F89820B1F8681002F03F026FF39F210D
:102CF00041EA822101600220109096E208208DF8BE
:102D0000500014A94046FFF74BF9064612918CE299
:102D1000DDE91601D046CDE91201CDE91095DFF8C5
:102D200070AA0CE3082307228DF845304FF0010903
:102D30008DF844200C220823ADF846404DE2B4F84B
:102D400068100122E5684FF6FF73B4F898006FF33E
:102D50009F214FEAD57941EA802648462946ADF8B9
:102D60002861FEF755FC002800F04081002649EA62
:102D70000540C4F86E00B4F86C000621A4F86C108D
:102D8000062841F00B80022E18BF012608981290E9
:102D90004BE22168CDF82480D4E901AB31A801F0E1
:102DA000D1F8DDE93198B9F1020F1AD1CDF800B0B0
:102DB00031A801F06EFBDDE93192DDE93301B9F1B3
:102DC000020F40F03782DFF8C8A99207DFF8C4B9D4
:102DD00000F173824FF000090120CDF84890119066
:102DE0008EE13499339813911290CDF84480CDF848
:102DF0004090DFF89CA90FE2DDE91601CDE9120150
:102E0000CDE910929BE2C16800240026C0E920466B
:102E1000C0E92223C0F8901007E23046FEF70CFC10
:102E2000002800F0BB8789460F29CDF8248000F2E6
:102E3000B5874FF49471DFF8603909FB013409FB61
:102E400001F1D4E902AE6FEA0A002546D4F81080F9
:102E500055F8042F595A6FEA080C4B1E0B2B00F241
:102E60005281DFE813F00C0025030803D502D502D8
:102E7000D502D502D502D5025103D802740382428D
:102E800098BFE64500F2448414A82146534676468E
:102E90000794FFF7ECF8DDE91490B9F1020F40F068
:102EA000BC84FEF7C9FB002800F0A686079D102908
:102EB00080F074874FF49470DFF8DC3801FB003049
:102EC00032464346D0E91D160691B0F86E100891BF
:102ED0002946B0F87240B0F86C90B0F870A014A811
:102EE000FEF7F7F801F0D1FA40F0C186DDE91501EF
:102EF000B9F1060FCDE94A0140F02087002901F021
:102F00000A8000215246017001204C9010A84AAB63
:102F10000899FDF77DFF1098072800F0ED871199BB
:102F200000F0F1BF01201090022028E0DDE9338B92
:102F30004AE0DFF86C38DFF86C980025002005EBDC
:102F4000450109EB81010C390F2D11D831F80C2FF7
:102F50000135002AF8D08A88B24204BF8A68A242AA
:102F6000EDD10893488808998847089B0120E6E737
:102F7000C00701D0002658E10120109006208DF8EE
:102F8000450007208DF84400DCE1DDF8C8A0089674
:102F9000BAF10F0F00F202876FF39F2545EA8920EF
:102FA000ADF8C800EE4831904FF494700AFB004928
:102FB00031A909F16C0001F0B3F8002800F0138189
:102FC0004FF00008DFF8C8A74FF0020908200421DD
:102FD0001BE1C0E92066C0F89010FEF7A5FA24E1D5
:102FE000DDE916011391CDE91160F9E0002DCDF86E
:102FF00010900694CDF82480059500F12381DDF82A
:1030000024A00DF128090DF5947800204FF4947B4D
:103010000790DFF89407D0F8D060112E80F0BE86BC
:10302000002435460A94DFF88007A64215D000EB4D
:103030008400D0F89010514508BF2546B5420AD209
:103040000F2900F2AB86DFF85007424601FB0B0068
:103050004B4601F0BDF90134E5E7DFF83CA700F18C
:10306000900485B1002E00F099862168102980F027
:10307000958601FB0BA042464B4601F0A9F9013DA4
:10308000013E0434EDE70A98012840F02A81DDF87A
:103090002CA014AC099A2046514600F083FF9DF8FD
:1030A00050000C2800F02881484621465246FEF781
:1030B000B1FF9DF828000B2840F02781DDE90B23A4
:1030C000DDE90701FEF76AFACDE90701A1E7169AE3
:1030D000CDE91091CDE9122031E14FF00108042132
:1030E000062261F30F05B4F86C10C4F86E5006297F
:1030F000A4F86C2040F05286CDE911804FF002090F
:10310000CDF840908AE0142900F05282152900F091
:103110007C821F2900F0F782202900F004832429F3
:1031200040F07681824200F2F382042E40F0EF8379
:1031300014A801F092F901F0A8F940F0F48416986F
:10314000DFF8ECADDDF82480012840F210851598F9
:1031500001880AF11400FDF7CDFE04461920FEF7A0
:10316000FFF801F051F918BF032118BF032202280C
:1031700008BF0A46002C18BF0022119250E0DDE97A
:1031800016014FF002090822042324E06FF39F2464
:1031900044EA8828159C0F2C00F200867048149091
:1031A0004FF4947004FB0060ADF8548014A96C30A7
:1031B00000F0B6FF50B90A208DF851508DF850003C
:1031C0002046ADF8528014A9FEF7EAFE4FF002093E
:1031D000082200200423DDF8248010ACE050A15028
:1031E000CDF840901CE06FEA0B00804555D90720D0
:1031F0000121DFF83CAD8DF845104FF001098DF845
:1032000044000C200821ADF8462010AA42F80180A5
:1032100042F800B0CDF84090DFF818BDDDF824800A
:10322000B9F1020F40F08B80119E1298ACE011A909
:103230000DC1DCE51391CDE91120D8E5D046DFF8CA
:10324000F0ACF2E70AA8294600F07CFEDDE90A9816
:10325000B9F1020F64D1B8F1100F80F09F854FF4DF
:103260009470DFF8D41C08FB001031466C30FDF779
:10327000AAFB069C0028DDE9049500F0778231A8BE
:10328000099A414600F08EFE9DF8C4000C2840F0DB
:10329000B0820026DDF8248079E5D9E903104218D0
:1032A000C0F0948040F20710ADF8C40031A9504638
:1032B000FEF776FE80468B4684E6CDE900803246F6
:1032C000029114A809992B4600F032FF9DF8500096
:1032D0000C2840F04A8115980021C4E90010119192
:1032E0000CE7DFF84CACDFF84CBCDDF82480DDE9FE
:1032F0000646DDE904953AE5079EDFF834ACF6B200
:10330000DFF830BCDDF8248040E501F0B7F8DFF8E5
:1033100020AC42EA0141DDE90B32DFF818BC05E0E0
:10332000DDE90C324FEA18215FFA88F040EA01200B
:10333000DDF82480CDF84090CDE912321190B9F13A
:10334000000F0FD010A814A904300A4690E83800E6
:10335000404638C2FEF724FE0646084614E000BF89
:1033600006000500B8F1100F80F018854FF4947135
:10337000DFF8C43B08FB01F2DDE91146139808FBB6
:1033800001319C5000224A60EE4D86B1012E04BFEF
:103390004046FEF7AFFB102880F000854FF4947292
:1033A000DFF8941B01F054F82046FDF795FF00204C
:1033B000BFF35F8F8BF80000DAF8100018B12868AF
:1033C00020F0010028604DB001F02AB8CDE900A13D
:1033D0004246029014A809995B4600F0A9FE9DF8A8
:1033E00050000C2840F0C78115980899DFF840ABD1
:1033F000C9E900100320C9F86E000621B9F86C0075
:10340000A9F86C10062840F0C9844FF00008DBE5ED
:1034100040F207707EE1DFF818AB0025DDF824806C
:1034200040F2FF3086424FF0000040F07583D4E94F
:1034300043012646FDF700FAFEF7FEF8002800F0EB
:1034400026820F2900F2AA844FF49470DFF8E82A4C
:1034500001FB0020344690F81411002900F05B8332
:10346000B0F89810B0F8680001F03F016FF39F20AA
:1034700040EA812050E3824200F24A8114A82146AA
:1034800053462546FEF7F3FDDDE91490B9F1020F2E
:1034900040F0C381DFF898AA0104DDF824801CBF46
:1034A00081B28E4240F0468340F20730FFF7C7BB3F
:1034B000824200F22D8114A821465346A146FEF710
:1034C00006FE00F0E2FF40F0B581DDE9150131AB09
:1034D000002207C314A831A9FDF7F0FC1498DDF809
:1034E000248007280DD1DDF854A014A831A9FDF7D8
:1034F00080FB1498072804D19DF85440022C40F01A
:103500007E8340F20771A1E1824200F2018114A89A
:1035100000F0A3FF00F0B9FF40F0A981DDE915013B
:1035200031AA002413C214A831A9FDF762FB149834
:10353000DFF8FCA9DDF82480072840F0E0829DF840
:103540005400C6E9004486F814011194E7E2002013
:1035500094F81511C4E900104FF0020961E131A897
:1035600014A94246FEF756FD04E031A814A94246CC
:10357000FEF767FD9DF8C4000B2808D132984FF084
:1035800000093399129001201391FFF728BC9DF890
:10359000C7104FF001098DF84710BDF8C510ADF800
:1035A000451033991391329912918DF84400A7E593
:1035B000002340F2FF30864240F0FA80D4E9430114
:1035C0000595FDF739F9D4E943010794FDF734F97E
:1035D0000890FEF731F88046002800F09B810F2903
:1035E00000F2DC834FF49470DFF84C2901FB0020DB
:1035F0000899B0F89840B0F868600020FEF74AF8E3
:103600006FF39F2646EA842684E1824200F280809E
:1036100014A8214653460794FEF729FDDDE91491CD
:10362000B9F1020F40F02A8110AC2046FEF7A0F954
:10363000BDF840000125DFF8F8A8DDF82480012856
:1036400040F07483BDF84200ADF8C600201DADF80F
:10365000C45031A990E858000A1D58C214AC002289
:103660002046FEF79DFD2F980890002800F05E830D
:10367000DDE9145604F1080131A8642200F08DFF41
:1036800028463146309C0696FDF7D6F8FDF7D4FF64
:10369000002800F018831029CDE9044580F07E83CE
:1036A0004FF49470DFF8902801FB0026D6E943011F
:1036B000FDF72BF91FFA80FB3C48DFF880580DF529
:1036C000947A00248046A0B2584580F06682D6E9FC
:1036D00043012246FDF726F9B0F5007F80F05E83B6
:1036E000024600F01F00012101FA00F0510948F8DC
:1036F000210050462946FEF7B3F84A98002840F0CA
:103700004D830134DFE7824298BFE64540F2C9802D
:1037100040F20710ADF844004FF00109CDF8409099
:10372000DFF80CA87AE5042E4BD1DFF804A80AF1E3
:103730001400FDF7D8FB00214FF00209C4E9000195
:10374000119146E0140800481C14002014A80AA98E
:103750003246FEF776FC00F098FE3DD1DDE915809B
:10376000B8F1020F18BF4FF00108B8E40026DDF8E9
:103770002480FFF7FCBA31A814A95246FEF761FC79
:103780009DF8C4000B284ED1DDE9328BFFF71ABC3F
:103790001C1400200000002008000020111E00085A
:1037A000ED1D00085C1300208812002080E100E07D
:1037B0000422254600200021DFF874A7DDF82480CC
:1037C00098E1DFF86CA740F207304FF00109ADF83F
:1037D0004400DDF8248003E59DF853108DF8471070
:1037E000BDF85110ADF84510169913911599129125
:1037F0008DE10AA831A94246FEF70CFC9DF828008D
:103800000B2847D1DDE90B0108910228064618BFB5
:103810000126002808BF0646A9E7179A16991392B1
:10382000129111907AE7DDE9328BBDF8C6209DF840
:10383000C510DEE49DF85310BDF85120DDF824805A
:1038400042EA014140EA0121DDE9150211914FF000
:103850000109010E8DF84800000A1392CDF840903E
:103860008DF84B10ADF84900DFF8C4A6D8E400F09D
:10387000F9FDDFF8BCA6DDF8248042E1DFF8B0A650
:10388000DDF82480DDE91602CDE9120252E20020C3
:10389000344641E100F0F2FD42EA0141DDE90B323C
:1038A00044E5042E33D114A81546214672464346FA
:1038B0002646FEF7DCFBDDE91494B9F1020F40F077
:1038C0006681304629465246FEF766FC002800F025
:1038D000E081DFF85C8621462A46534608F1140051
:1038E000FDF734FB04465020BAFBF0F0C246FDF76A
:1038F00037FD00F089FD18BF032118BF03220228FD
:1039000008BF0A46002C18BF0022119286E440F23C
:103910000730FFE640F2FF30FDF78EFE012840F051
:103920003D8240F2FF300C46FDF7D2FF002840F008
:10393000358214A808992246FEF71EFE9DF8500015
:10394000002840F02B82079DD5E94301FCF774FF66
:1039500001210024C5E9464401EB96210496B8F103
:10396000000FCDF8188018BF01F03F08A5F86800D7
:103970004FF49470DFF8C01509FB0010C5F898806B
:1039800000F5867BD0E94301FCF7BFFFDFF8AC858B
:103990001FFA80FAA0B2504533D2DBE9000122467B
:1039A000FCF7C0FF81B200F00F00421E00EB4003A5
:1039B00008EB83039E1C0F2A0AD033460C3633F8DB
:1039C000025C0132002DF6D01B888B42F3D110E04F
:1039D00008F102030022904200F0E0811E460C3301
:1039E00036F8025C0132002DF5D035888D42F2D1D7
:1039F000013A02EB42000899013408EB8000818013
:103A0000C8E70698D8B104994846FEF779FB042028
:103A1000FDF712FEDFF818A50028DFF818B500F052
:103A2000BD810F2900F2BA814FF49470DFF80825A8
:103A300001FB00200121FDF777FD804605E04FF0F6
:103A40000008DFF8ECA4DFF8ECB40798D0F80C110C
:103A500014A8FDF78DFFBDF85000032800F09E81EB
:103A6000159E0AF11405DFF8D82431A806F1784331
:103A70002946FDF723F99DF8CA00002800F08E8141
:103A80009DF8CB00002840F089819DF8CC000028EB
:103A900040F08481BDF8C6100122BDF8C400BDF815
:103AA000C830CDE9000114AC00212046FCF7BCFF72
:103AB00000F0C1FC002840F071812846FDF713FAA0
:103AC000002840F06B81B8F1000F09D00420FDF709
:103AD000B3FDDDF82480002800F06081022002E0C0
:103AE0000120DDF82480079C0022059D0023226030
:103AF00010AC08222B60606010A881500FE00721F5
:103B00000720CDE91243ADF846208DF845108DF819
:103B10004400FFF796B80020C4E9000511954FF066
:103B20000209FFF75DBB00F09DFCDFF804A4DDF89F
:103B300024801EE0FDF780FD002800F0A680B5F887
:103B400068200923B5F898002C468DF850306FF3A3
:103B50009F2242EA8020ADF8520014AA084611467E
:103B6000FEF71EFA0020C5E900001190D7E70721F3
:103B700007204FF0010940EA0120CDE91243ADF8DA
:103B80004620CDF84090ADF84400FFF749BBDDE991
:103B900016011391CDE91140C0E596F814010028F3
:103BA00000F0818001204FF0004186F81501304679
:103BB000FDF7BAFCB6F86C00DFF874A3DFF874B355
:103BC0000628DDF82480DDE904457CD1B6F86E00D6
:103BD000023880B2042828BF042000F00600022822
:103BE00071D10320D149C6F86E000620A6F86C00FA
:103BF0000020C6E9001066E040F207208AE5504642
:103C0000FDF71AFD002800F0B6808846102980F0E4
:103C1000C5804FF49470C84908FB0015B5F89800AA
:103C200008902846B5F868B0FDF704FEE4070AD00E
:103C300003200621C5F86E00B5F86C00A5F86C10DD
:103C4000062840F0AB8008986FF39F2B4BEA802149
:103C50004046FEF755FA1FFA8AF0864240F09380FC
:103C6000002C40F093804FF00209012091E09DF874
:103C70005310BDF8512042EA014140EA0120DDE93C
:103C800015211391CDE9110246E540F20720FEF718
:103C9000D6BF4FF001094FF480701395CDF84890CE
:103CA000ADF844003AE50020DFF884A2A6F87200DF
:103CB000092086F870000320F066DFF878B2DDF89E
:103CC0002480DDE9044540F2FF300899CDE9001475
:103CD000294602904AA831AB069AFEF779FB4A982A
:103CE0009DF82811C0B219B1002857D001251DE058
:103CF000002853D14B98102850D24FF494718E4A1B
:103D000000FB0120002540F2FF310123C0F898504C
:103D1000A0F86810DAF80810DAF80C20C0E9463587
:103D2000C0E94812FDF757F9DDF824800798002113
:103D3000C0E90051CDE91091FFF772BA002900F0F7
:103D4000EA8001214FEA1A2B01705FFA8AF04C9148
:103D5000C846DFE800F006522B6724848D6D9E4B29
:103D6000A8004B98012840F2B1804A980021417088
:103D700002204C9022E040F207204FF00109ADF8FC
:103D80004400FFF734B80020C9E900004FF00209F1
:103D90000020CDF840901190FFF72BB8FEDE4B9835
:103DA0000228C0F074804A9804215DE04B980128F5
:103DB00040F28C804A98022141704C9114A84AA983
:103DC000069A3346FCF7E6FF1498072825D14B994D
:103DD0004C98884280F07C80BBF1000F18BF4FF0F8
:103DE000010B4A9901F800B001303FE031A84AA91F
:103DF00009222346FCF7BAFF47E04B98012865D912
:103E00004A980121417002204C9014A84AAA0699B0
:103E1000FCF7DBFF1498072863D0169A15993392A4
:103E2000329156E04B98022831D34A9803211BE087
:103E30004B98022851D34A9907224A7002214C918B
:103E4000DFE80BF0050505050505050549004B985C
:103E5000022842D94A9880F802B0032020E04B980B
:103E6000022814D34A980521417002204C9038E072
:103E70004B9802280BD34A980621417002204C909F
:103E800031A84AAA0699FCF7A0FF319827E0002044
:103E900034E04B98022820D34A9808214170022030
:103EA0004C9007201AE04B9801280FD94A980A2114
:103EB00041704B9803280BD94A9844804B980428AA
:103EC00006D94A9880F804B00520CFE74AA8329076
:103ED0000020319012E00228BCD100203190072848
:103EE0000CD114A84AAB089A4146FCF791FF1498EC
:103EF000072806D1072010904C990DE010903299B8
:103F000001E01599109030B1072805D040F20770F4
:103F1000DFF820B0B5E61021079A002011904FF08D
:103F20000209C2E90001FEF762BF00BF0000FFFF07
:103F30001C14002000000020080000205C1300205A
:103F4000051A0008B0B502AF044608466FF39F207B
:103F50000D46FDF771FB90B110291ED20F484FF4AA
:103F6000947201FB0200ABB2D0F8980000F03F025F
:103F7000B2EB932F09D10220C4E90001B0BD40F299
:103F80000720A08001202060B0BD054A0021A1606B
:103F900062F39F10C4E90010B0BDFEDE08000020EF
:103FA000FCFFFF03F0B503AF2DE9000F8FB00F2921
:103FB00000F29B804FF49478584D01FB08568346DD
:103FC0000792D6E904A906F1040EB6F89800069007
:103FD000B6F8680005905FEA897001FB08F0B469E3
:103FE00008949EE80C406FEA030C285A049002D013
:103FF0004FF000080AE00C204FF00008A4FB00502E
:1040000020B9E843814598BF4FF00108624503D9C4
:104010000B20CBE9012306E06FEA0A0086450BD9A5
:104020000B20CBE901EA8BF80C0040F20710ABF84B
:1040300000000FB000F0F4B9B8F1000F15D00798E8
:104040004FF49474354D00FB04584443D8F804C031
:104050002C591CEB0405089D0ED340F20711CBE947
:10406000014CABF80C100B2055E00B208BF80C002A
:104070000898CBE90190D8E78DE8111009AC2046EB
:1040800000F056F89DF824000C282FD10599002245
:104090000698B8F868306FF39F21C8F8145041EAC9
:1040A00080200A9980B26FF39F23C8E9002008F1AD
:1040B0000802049882E803040620B8F89820B6F8AD
:1040C0006C10A6F86C0043EA822212040532C6F88E
:1040D0006E20062901BF0321C8F86E10B8F86C10D5
:1040E000A8F86C0008BF062914D0FEDE9DF8271042
:1040F0000BF108028BF80310BDF82510ABF8011086
:1041000004F10801DDF828C091E8780078C2CBF806
:1041100004C000E00C208BF800008AE708000020B3
:1041200080B56F46FDF748FD80F0010080BDD4D416
:10413000F0B503AF2DE9000F8BB0D7F810808146A2
:10414000B8681C4643459346454638BF1D468142E4
:1041500011D210293FBF4A1C801A81F00F039842E8
:1041600079D24FF494764A4B02FB063201FB0631BA
:1041700000FB062A12E088423FBF1028421C891A21
:1041800080F00F0338BF994265D24FF49476404BCC
:1041900000FB063A02FB063001FB060168465A4660
:1041A0002346FE68FDF793FF0021B8F1010041F1BD
:1041B000000144B139B104EB0B010139B14224BF14
:1041C0003044584553D203A8514632464346FCF783
:1041D00080FF9DF800409DF80CA0DDE904860B2CC3
:1041E000BDF80D00ADF818009DF80F008DF81A000D
:1041F00008BFBAF10B0F29D00B2C05D068460B2253
:10420000411C07A800F0BFF9BAF10B0F1FBF9DF8C2
:104210001A008DF82A00BDF81800ADF8280089F8BA
:10422000004009F1010007A90B2200F0ACF9BDF82C
:104230002800A9F80D009DF82A0089F80CA0C9E90A
:10424000048689F80F000BB000F0EAB8B5429CBFB5
:104250000298854200D9FEDE019940462A4600F0C8
:1042600092F90C20C9F8045089F80000EBE74FF0F0
:1042700001089DF800409DF80F004FF0000A8DF8EE
:104280000D808DF81A00BDF80D00ADF81800B3E7E9
:10429000080000200F2A00F29680F0B503AF2DE948
:1042A000FF0B81464FF49470474E01FB00611546A9
:1042B00005FB00649846454B0193B1F89820B1F88E
:1042C000681004F16C006FF39F2141EA8221ADF880
:1042D000081001A9FFF724FF30B100200121C9E92E
:1042E0000001C9F8080018E06069810707D1D4F817
:1042F00018C00C22ACFB02320AB91A1810D340F2D3
:104300000710ADF8040001A92846FDF749FE012277
:104310000023C9E90032C9E9020108B000F091B8F0
:10432000BCF1000F2BD04FF49472D4F8FC4005FB85
:104330000262034404EB4404A432A40084B152F8A2
:10434000086C864209D852F8041C31448B4204D8C8
:10435000116801F01901012911D00C3C0C32EDE774
:10436000079001244FF480700694ADF8140005A95D
:104370002846FDF715FE0022C9E90024CBE7C44515
:1043800016D908EB4802B968002400EB8200D0E996
:104390000123551844F100048B420CD35CB900682A
:1043A0005B1A02241144C9E90213C9E90040B4E7C9
:1043B00040F2074001E040F20750A9F80400012054
:1043C000C9F80000A9E7FEDE08000020060005008D
:1043D000F0B503AF4DF804BD0D46118806466C30AC
:1043E0001C46FCF7F0FA50B12168B6F86A0011B12A
:1043F0002189884203D220810120C4E9000500F010
:1044000000B85DF804BBF0BD00221291C6E900427D
:104410004FF0020902210122CDF84090002C704794
:10442000BDE8000FF0BD41462A46FCF797BB9DF85A
:104430000800002870472846314622462023FCF712
:1044400085BDBDE8000BF0BD9DF8900000287047C9
:1044500000FB02142046FCF783BE21465346264645
:10446000FDF735BEDDE91543BDF852209DF851102A
:104470007047C4E901010B202070B0BD9DF82B10DE
:104480004FF00109BDF8292070479DF850000B2816
:104490007047099942465346FFF7FCBEF0B503AF9B
:1044A0002DE90007102A08D300F095F8A64206D29D
:1044B00013F8015B06F8015BF8E7034629E0A2EB7D
:1044C000080C88442CF0030E04EB0E035FEA88719D
:1044D00015D0182101EAC8090021A1EBC80101F09B
:1044E000180A28F003010D1D09689C420DD221FA1B
:1044F00009F602CD01FA0AF2324304C4F5E7414657
:104500009C4202D204C904C4FAE708EB0E010CF085
:1045100003021A44934204D211F8014B03F8014BF1
:10452000F8E7BDE80007F0BDF0B503AF4DF804BDF6
:10453000102A09D34342054603F0030403199D42A0
:1045400004D205F8011BFAE7054612E0121BCCB2B3
:104550000825202D04D204FA05F66D003443F8E74F
:1045600022F003051D44AB4201D210C3FBE702F069
:1045700003022A44954202D205F8011BFAE700F033
:1045800032B8FFF78BBFFFF7FCBF032A98BFFFF7D6
:10459000F8BF08C9043A08C0F7E7FFF7F6BF0B46B3
:1045A00011461A46FFF7C0BFD2B24FF00133534352
:1045B000032998BFFFF7F3BF08C00439F8E7FFF7F6
:1045C000F3BF0022FFF7F0BFFFF7FBBF0022FFF7AA
:1045D000EBBFFFF7FBBF4342064603F003080B4661
:1045E00000EB080470475DF804BBF0BD7046042181
:1045F000084202D1EFF3088002E0EFF30980FFE701
:10460000FEE7D4D45D0700086D0700087D070008A9
:104610008D0700089D070008AD070008BD070008CA
:10462000CD070008DD070008A0860100400D03004B
:10463000801A060000350C0040420F0080841E00E6
:1046400000093D0000127A000024F40000366E01DB
:104650000048E801006CDC020000000008000000D7
:1046600004000000C30A00080100FFFF0600030069
:10467000000000000000000000000000000000003A
:104680000800000004000000C30A00080100000048
:10A000000000000000000000FFFFFFFFFFFFFFFF58
:10A010000000000000000000FFFFFFFF0700FEFF40
:10A0200000200020001000007F48424601006C150F
:10A0300000000A000100000004003C0002000000D3
:10A0400000005400070000007000010068150000C7
:10A050000500010000100000810000000000000069
:10A060000000000000040048000400000B00000095
:10A0700000540040000400000B000000480F0000E6
:10A080004C0F0000500F0000281000002C100000A2
:10A09000A4100000A8100000020000000100000051
:10A0A00001000000FFFFFFFFBFF34F8FBFF36F8F73
:10A0B00000F0DCF9FEDED0B502AFD0E91024944206
:10A0C00001D10020D0BD21448B1AA11A4C1C08BF1D
:10A0D000B3F1004F0FD093FBF1F4002904FB1133CF
:10A0E0001A4400D54942002B48BF0A4402F00F0130
:10A0F00000EB8100D0BDFEDED0E910218B1A102BC1
:10A1000004BF013202644A1C01F00F01426400EBFB
:10A11000810080ED000A704780B56F4688B000214D
:10A1200004220791CDE90512012104914FF4DA715F
:10A13000CDE902010248019001A800F0F3FFFEE71B
:10A140000000FF03F0B503AF4DF804BD40689E4624
:10A15000204E4900CDB2204B4468D7F808C03440A7
:10A16000611901F502214160194601392CD000BF67
:10A170008469A407F9D5D1B281621946013923D087
:10A1800000BF82699207F9D54168022262F34E311D
:10A190004160426806F5804111405FFA8CF241EA65
:10A1A00002410E4A294311430022416062451D4687
:10A1B0000ED0013D08D000BF81694907F9D5416A39
:10A1C0000EF802100132F1E701205DF804BBF0BD8A
:10A1D0000020FAE7009800FD813801000124000208
:10A1E000F0B503AF4DF804BD40684FF48036174D0D
:10A1F00001F07F0144682540BC6806EB04463FFA45
:10A2000086F646EA41012944114D2943416011492E
:10A210000D46013D13D000BF8669B607F9D5D2B20D
:10A2200082620022A2420ED00D46013D07D000BF3F
:10A230008669B607F9D59D5C01328562F2E7012097
:10A240005DF804BBF0BD0020FAE700BF00D800FDB8
:10A250000120000281380100D0B502AF427840F2FF
:10A26000A32401788378C07800F0A0BFD0B502AFF6
:10A27000427840F2A32401788378007900F096BFF9
:10A28000D0B502AF417901F10902022988BFCA1E87
:10A29000992151430522437802318478B1FBF2F1D0
:10A2A00002780079C3EB0313084440F2A32148432A
:10A2B0004FF46161614301EB8301114401EBC01074
:10A2C00001490844D0BD00BF80AEFEFFF0B503AF2A
:10A2D0004DF804BD42794FF4C8731D4CC188032A60
:10A2E00038BF0139B1FBF3F303FB0414194990F8AB
:10A2F00000C04578022A8678007903FB010002F14C
:10A30000090188BFD11E9922514305220231B1FBB8
:10A31000F2F1C5EB0512084440F26D1100EB940018
:10A3200004FB01006421B4FBF1F1C943084440F28D
:10A33000A32148434FF46161714301EB8201614401
:10A3400001EBC010044908445DF804BBF0BD00BF38
:10A3500070FEFFFFB13A0200009EDA86F0B503AF4F
:10A360002DE9800F2DED028BECB08A468146002549
:10A37000EB46B5F5B87F06D00BEB0500172101F0D1
:10A380006BF81735F5E7DAF880810021524608EBC3
:10A3900048004FEAC00CBCF1000F1ED0B1F5B87FE9
:10A3A00060D0137DACF1180C0BF801300BEB0103FE
:10A3B0001731D2E90304C3F80D00907D92E86040A4
:10A3C0005875507D1832C3F80560C3F80150C3F8C2
:10A3D00009E0C3F811409875DDE70DF5B87B002062
:10A3E0000021402903D04BF801000431F9E70AF5B8
:10A3F000C4769FED1D8A00250024402D09D000F071
:10A40000F3FEB0EE480A08B190ED000A00F0E2FE5B
:10A41000F3E79FED158A00250024402D09D000F0B8
:10A42000E3FEB0EE480A08B190ED000A00F0D2FE5B
:10A43000F3E709F1020069464FF4B872BAF88441B3
:10A4400000F0E5FFA9F8728109F5BA70A9F800409B
:10A450005CA900F0C6FE6CB0BDEC028B01B0BDE89B
:10A46000000FF0BDFEDE00BF00000000B0B502AF7F
:10A47000ADF5E56D0EA84FF4DA7100F0F2FF00269D
:10A480000420CDE984600120914D86968390CDE92A
:10A490008106809580A800F045FE0446000403D1A3
:10A4A0004FF00008002027E0A94680AD284600F0C4
:10A4B0002EFEDDE9801242F210704FF08043091841
:10A4C00042F10002012000F005FE0095C8F20004F0
:10A4D0000EA84FF4DA714FF08042234600F006FEDA
:10A4E00030B9BDF800024FF6FF71884240F0998004
:10A4F0004FF0000800204D460221764CADF8EE11D9
:10A5000075497D947C91CDE97E61C8B1002004211C
:10A51000CDE9840101218690CDE9811005F1090082
:10A520008391809080A800F0FDFD002840F0C88451
:10A53000DFF83C0AF6AAC10740F08E80132198E0AC
:10A540000DF5F7701E2100F049FD002840F0B88499
:10A550000DF5F7701E2100F07FFD002840F0B0845B
:10A560005D4A0A21106861F313401060506A44216B
:10A5700061F3070050625068112140F44070506050
:10A580000DF5F77000F02AFD002840F099840DF5D4
:10A59000F770112100F060FD002840F091842068E0
:10A5A00048F2FF310F2220F0010020604B4820616B
:10A5B000A06888434A4900F50040A06060680843ED
:10A5C00060602068492120F4202000F500202060F0
:10A5D000206840F0010020600020ADF8F803022060
:10A5E00000907CA8FEABFFF7ADFDB0B9BDF8F80355
:10A5F00041F2017120F0F00088420ED142F20200D7
:10A600004921ADF80002022000907CA880AB012215
:10A61000FFF7E6FD002800F054840220002100F03E
:10A62000ADFC0020002100224FF08043829C00F00E
:10A6300051FDB4F5DA7F00F243844FF00008B4F521
:10A64000DA7F7FF457AFB8F1000F40F039840DF195
:10A6500038084D4601204FE74FF060400168C907B8
:10A66000FCD04FF060405B2101701221DFF800093F
:10A6700001300132079200F00302022A0AD14FF0A2
:10A6800060421368DB07FCD030F8022B02394FF030
:10A6900060431A8000224FF060430446042A06D02B
:10A6A0001D68ED07FCD020CC01321D60F6E701F0FB
:10A6B000030102291CD34FF060421368DB07FCD072
:10A6C000028A4FF060431A800239123011E000BF55
:10A6D0000B00FFFF00540040000400483C14F01041
:10A6E00000800002000000000000003CFFFF7FFF30
:10A6F0001030012908D14FF060410A68D207FCD020
:10A7000000784FF060410870012000F019FD002032
:10A710004FF6FF74B8F1000FCDF87805CDF8F805C5
:10A72000CDF8F40540F08C830DF57E7A80AD4FF4C2
:10A73000C2722846514600F074FE05F5C4780DF249
:10A74000B45B48224046594600F06BFE0AF1020015
:10A750001FED1C8A1FED1C9A1FED1CAA08900020FB
:10A76000ADF88443CDE90300CDE905000020682160
:10A77000CDF8FB030022FE90072000907CA85346F2
:10A78000FFF7E0FC002840F0C5839DF8FE030C9025
:10A790009DF8F8030D909DF8F9030B9050469DF835
:10A7A000FA439DF8FB939DF8FC639DF8FD5300F080
:10A7B000AEFCD446DDE9FEA206980599BAEB00008E
:10A7C00062EB0101D0F57A704FF0000088414FF044
:10A7D000000022D2ADF8F803022005924921CDE90C
:10A7E00001560022CDE90994634600907CA8FFF74A
:10A7F000A9FC002840F09A83BDF8F8030DF57E7C93
:10A80000DDE90994C0BADDE90156CDF818A000EEE3
:10A81000100AB8EEC00A20EE098A2909320901EBB4
:10A82000810105F00F004FEA191302EB820200EBE1
:10A83000410006F00F0103EB830301EB420109F035
:10A840000F02000602EB430E04F00F03C4F30114E1
:10A8500044EA840403EB44020B9C04F00F03240934
:10A8600004EB840403EB44090D9B0D9203F00F04E9
:10A870005FFA89F6C3F3021505EB850504EB450382
:10A880000C9D0C9305F00F042D0905EB850504EBD9
:10A8900045044FF4FA6555FA84F4CDB2210442EA36
:10A8A0000E2440EA054041EA10400A90F59043EA40
:10A8B000062040EA04400990F490604600F027FC2E
:10A8C000DDE9FE9A40F2CE7204980399B9EB0000DC
:10A8D0006AEB0101101A4FF00000884106D2B0EE79
:10A8E000480A4046FFF708FCCDE903A90D9A4FF44A
:10A8F0006161C4F307200024FE945143C6EB0612A5
:10A9000001EB82010C9A0A44D84900FB0120CDE9F1
:10A910000C0205FB01200B90E09800EB40004FEA91
:10A92000C00AA24565D080A8051905F10806687D12
:10A93000DFE800F003351F2A1000F4A8FFF7C6FC7B
:10A9400081462846FFF7C2FC814550D33046FFF7C9
:10A95000BDFC0BE0F4A8FFF793FC81462846FFF707
:10A960008FFC814543D33046FFF78AFC814531D3C4
:10A970003DE02846FFF770FC0C99814237D3304602
:10A98000FFF76AFC0C9923E02846FFF76FFC0B9950
:10A9900081422CD33046FFF769FC0B9918E0A97867
:10A9A0004FF4616268785143C0EB001001EB800006
:10A9B00080A9095D08440D99814218D3A97A687A63
:10A9C0005143C0EB001001EB8000317808440D9931
:10A9D00081420CD295ED040AB4EE480AF1EE10FA69
:10A9E00005DDA87DFEA90844012100F8011C1834EA
:10A9F00097E70DF57E7A0020042812D080F060825F
:10AA00001AF800107EAA11540029DFF86C15DFF83F
:10AA1000642508BF1146964A51F820100130916113
:10AA2000EAE7F6A8202100F01CFD504600F06FFB7D
:10AA3000DDE9FE0210F5FA7142F100020120012366
:10AA400000F048FB7E980D908A4A2021CDF800A0A6
:10AA5000F6A8002300F04AFB0028F5D1FF984FF636
:10AA6000FF71BDF8F893894500F0E081411E062989
:10AA700000F28480DDF80004DFE811F007008300B5
:10AA8000490069001200FE001A0109980021FE9099
:10AA900052460A980823FF90484600F06DFBD3E722
:10AAA0000024B4F5B87F06D00BEB0400172100F0AA
:10AAB000D3FC1734F5E7DDF880A380A900220AEB68
:10AAC0004A004FEAC00CBCF1000F00F05581B2F50E
:10AAD000B87F00F0F5810B7DACF1180C0BF802305B
:10AAE0000BEB02031732D1E90304C3F80D00887D94
:10AAF00091E860405875487D1831C3F80560C3F887
:10AB00000150C3F809E0C3F811409875DBE7002055
:10AB10000021402803D04AF800100430F9E700264D
:10AB20000021B1F1100400F0FA800D4640462146A4
:10AB3000FFF7C1FA04F111010028F2D0102E00F045
:10AB4000BF810068691C4AF826000136E9E70D98C4
:10AB5000CDF8B4050020042805D01BF800100AF831
:10AB600000100130F7E7FE980DF5B662CDF8B0059C
:10AB700048460021042300F0FFFA65E7484601211A
:10AB80000EE1212880F09C810021002940F098816D
:10AB9000082840F09581BDF8DE0301097C2940F2C8
:10ABA0008F819DF8DD134FF00A0E9DF8DC63303085
:10ABB000B1FBFEF29DF8DB5302EB82039DF8DA4312
:10ABC0009DF8D8C3A1EB43019DF8D93341EA0212A5
:10ABD0008DF8FD23B6FBFEF202EB8201A6EB4101EC
:10ABE00041EA02118DF8FC13B5FBFEF101EB810285
:10ABF000A5EB420242EA01118DF8FB13B4FBFEF112
:10AC000001EB810201F00B01A4EB420242EA0111C7
:10AC10008DF8FA13B3FBFEF101EB8102A3EB4202C4
:10AC2000534642EA01118DF8F913BCFBFEF101EB2A
:10AC30008102ACEB420242EA01118DF8F813C1B275
:10AC4000B1FBFEF101EB8102A0EB4200002240EAE1
:10AC500001108DF8FE030720682100907CA8FFF703
:10AC6000BFFA002858D04846032199E080510100DE
:10AC70000004004801000080212880F0218117286D
:10AC800040F01E819DF8ED03411F11F1050F40F2C8
:10AC900017819DF8EE130522052928BF114680F083
:10ACA0000F81E09A102A40F080804846042177E026
:10ACB000212880F00581012840F00281E09880ADD4
:10ACC0009DF8D84300EB4002D30005EBC2014FF0E2
:10ACD000FF32002B62D005F118062D7D0132183BA2
:10ACE000A5423546F5D1904240F2EA8002EB42009F
:10ACF00080AA183902EBC000182200F098FBE098F7
:10AD00000138E090102C80F0DB800120BDF8841326
:10AD1000A0400843ADF884034846002140E058466F
:10AD2000514600F05EFAB0EE4ABA0024661C112EBD
:10AD300013D064F00F014046FFF7BDF930B190ED3C
:10AD4000000AB4EE4B0AF1EE10FA02DC01340136CF
:10AD5000EDE73446B0EE40BAE8E75046594600F019
:10AD600040FA0DF5806000215246442380ED0EBA72
:10AD7000484600F001FA67E6089859464FF4B87261
:10AD800000F045FBADF8F8A30DF57E7A48460021AA
:10AD900052464FF4B97300F0EFF955E648460521E5
:10ADA0000122002300F0E8F94EE6079B4FF0010C6A
:10ADB000BDF884A3102A5D680C95DD680B951C68AE
:10ADC000D3F808E01D69CAF1000303EA0A039BB245
:10ADD000B3FA83F3C3F11F0303F00F060CFA06F670
:10ADE0002AEA0606ADF884636AD200EE105A80ADF6
:10ADF00002EB42020DF57E7A8DF8F83345F83240C9
:10AE000005EBC2020C9CC2E9014E9075E0980B9CC8
:10AE10000130517513750021E0904846D46001233C
:10AE200082ED040A524600F0A7F90DE6B0F1FF3FAB
:10AE300074DD002000210022012300F04BF995E48D
:10AE4000B8F8720117210DF57E7E002300FB01FC8E
:10AE5000002129E02E7E052E2CBF0526102B2FD297
:10AE600003EB4303D5F80320D5F80BA017314EF8B8
:10AE700033200EEBC302D5F80F90D5F8070095F8F4
:10AE800002B0D5F81350C2E9010ADDF8780500EEEA
:10AE9000105AC2F80C90431C9475567582F814B081
:10AEA00082ED040ACDF878358C4543D0B1F5B87FF2
:10AEB0001FBF08EB0105EC7D661F16F1050FC9D811
:10AEC000FEDE0DF5F7701E2100F088F80028F7D19E
:10AED0000DF5F7701E2100F0BFF80028F0D1214ACF
:10AEE0002149906808409060506820F48E6050605E
:10AEF000106808401D490843106020209061102010
:10AF000090614FF4806090614020906100207E90BD
:10AF1000FFF7FCBA80A9032000F030F8FEAC80A94E
:10AF20002046FFF71BFA2046FFF7F6F880A902201B
:10AF300000F024F808F5BA7180A800F052F90DF27B
:10AF4000B4540025402D08D080A8284490ED000A74
:10AF50002046FFF7D1F80435F4E7B8F80040FFF7D2
:10AF6000E3BB00BF00040048FFC0CFFF0015100086
:10AF70007CB40008A0B4000890B4000880B56F4607
:10AF8000EEB08846054611B9002000F0D9F801AEB0
:10AF90004FF6FF74012000214FF00042002300967D
:10AFA00000F0A4F80028F5D1BDF80400A04207D1B4
:10AFB000B8F1000FEED00298B0F1FF3FEADC05E0F7
:10AFC00029460122002300F0D7F8E3E701AD41460E
:10AFD0002846FFF7C3F92846FFF79EF8F0B503AF00
:10AFE0002DE9000F8BB00446A1F11100C0B20D286D
:10AFF00004D843F20731C140C90704D102200BB085
:10B00000BDE8000FF0BD124900F0C2F8114951F837
:10B01000200001900420099508903004013000F0D0
:10B02000D1F848B1024610F5807F08D36FF39F2610
:10B0300046EA82262680EDE749B90020DFE7104680
:10B04000022A18BF0320012A08BF1046D7E7FEDEF8
:10B05000B0B40008E8B40008F0B503AF2DE9000F64
:10B060008BB00446A1F11100C0B20D2804D843F200
:10B070000731C140C90704D102200BB0BDE8000F61
:10B08000F0BD124900F084F8114951F820000190F8
:10B090000420099508903004043000F093F848B17A
:10B0A000024610F5807F08D36FF39F2646EA82267A
:10B0B0002680EDE749B90020DFE71046022A18BFD5
:10B0C0000320012A08BF1046D7E7FEDE20B500089E
:10B0D00058B500082DE9F04804460D4616461F46AF
:10B0E0004FF0030B00DFBDE8F088FEDE2DE9F00F26
:10B0F00004460D4616461F46089B4FF0010B00DF25
:10B10000204683E8E003BDE8F00F7047FEDE2DE93E
:10B11000F00F4FF0090B00DF80E8F003BDE8F00FFF
:10B120007047FEDE2DE9F00F90E8F0074FF0000BBE
:10B1300000DF20462946BDE8F00F7047FEDEDEDE68
:10B1400080B56F4688B007F81D0C002004210790D9
:10B15000CDE905010120CDE90300A7F11D00029012
:10B160000448019001A8FFF7DDFF08B908B080BDD1
:10B17000FEDE00BF0A00FFFF2DE9F04804460D4641
:10B1800016461F464FF0020B00DFBDE8F088FEDEDA
:10B19000A7F11D0A26880DF104090DF10C08002500
:10B1A00051F820104FF0080B02917047C2EB0212C9
:10B1B00060434FF46164634303EBC01000EB820013
:10B1C0000844D0BD03904046CDE906A5CDE9049BD7
:10B1D000FFF7A8BF0BEB05000134043580ED000A32
:10B1E0007047402200F013B964F00F013046FEF7BB
:10B1F00062BFF0B503AF2DE90007102A08D300F0B5
:10B2000032F9A64206D213F8015B06F8015BF8E7B3
:10B21000034629E0A2EB080C88442CF0030E04EB53
:10B220000E035FEA887115D0182101EAC8090021D0
:10B23000A1EBC80101F0180A28F003010D1D0968EF
:10B240009C420DD221FA09F602CD01FA0AF23243EC
:10B2500004C4F5E741469C4202D204C904C4FAE79B
:10B2600008EB0E010CF003021A44934204D211F8C9
:10B27000014B03F8014BF8E7BDE80007F0BDF0B55E
:10B2800003AF2DE9000F431A934211D28E18841890
:10B29000102A6FD304F0030C751E24F00309CCF1BF
:10B2A0000008A1450FD215F8013904F8013DF8E76F
:10B2B000102A4DD300F0D7F8A64229D213F8015B2B
:10B2C00006F8015BF8E7A2EB0C0EB0442EF0030287
:10B2D000A9EB0205C2F1000C5FEA88723AD028F0AF
:10B2E00003030022A2EBC80218211E6802F0180B0B
:10B2F0001A1F01EAC80A4B469D4235D206FA0BF1E5
:10B3000052F8046926FA0AF4214343F8041DF3E7CE
:10B31000A2EB080C88442CF0030E04EB0E035FEA4A
:10B32000887130D0182101EAC8090021A1EBC801B9
:10B3300001F0180A28F003010D1D09689C4228D26B
:10B3400021FA09F602CD01FA0AF2324304C4F5E704
:10B35000034622E071444A460439954204D251F82A
:10B36000043942F8043DF8E708EB0C0609EB0C043D
:10B370000EF00302A11A721EA14216D212F8013970
:10B3800004F8013DF8E741469C4202D204C904C4D6
:10B39000FAE708EB0E010CF003021A44934204D2C0
:10B3A00011F8014B03F8014BF8E7BDE8000FF0BDC1
:10B3B000F0B503AF4DF804BD102A09D3434205464A
:10B3C00003F0030403199D4204D205F8011BFAE7B8
:10B3D000054612E0121BCCB20825202D04D204FA37
:10B3E00005F66D003443F8E722F003051D44AB4237
:10B3F00001D210C3FBE702F003022A44954202D2B5
:10B4000005F8011BFAE700F036B8FFF7F2BEFFF7C8
:10B41000FCBF032A98BFFFF7F8BF08C9043A08C069
:10B42000F7E7FFF7F6BFFFF72ABFFFF7FCBFFFF70D
:10B43000FCBF0B4611461A46FFF7BABFD2B24FF017
:10B4400001335343032998BFFFF7F3BF08C0043902
:10B45000F8E70022FFF7EDBFFFF7FBBF0022FFF781
:10B46000EDBFFFF7FBBF4342064603F003080B4660
:10B4700000EB080470475DF804BBF0BD5B54484521
:10B48000524D4F76315D204F6E6C696E65210A001A
:10B490000000200000001000000000040000400038
:10B4A0002000000010000000000400004000000028
:10B4B0001500000016000000170000000100000049
:10B4C0000100000001000000010000000100000078
:10B4D0000000000001000000010000000100000069
:10B4E0000000000001000000030000000300000055
:10B4F0000300000001000000010000000100000046
:10B500000100000001000000000000000000000039
:10B510000100000001000000010000000100000027
:10B5200015000000160000001700000001000000D8
:10B530000100000001000000010000000100000007
:10B5400000000000010000000100000001000000F8
:10B5500000000000010000000300000003000000E4
:10B5600003000000010000000100000001000000D5
:10B5700001000000010000000000000000000000C9
:10B5800001000000010000000100000001000000B7
:04B5900039A654661E
:10C000000000000000000000FFFFFFFFFFFFFFFF38
:10C010000000000000000000FFFFFFFF0800FEFF1F
:10C0200000300020000800007F4842460100F4076D
:10C0300000000B00010000000000000000000000F4
:10C0400000003C000B00000068000200F007000048
:10C050001400010000080000810000000000000042
:10C0600000000000480500004C05000050050000DD
:10C0700054050000580500005C0500006005000044
:10C0800064050000680500006C05000070050000F4
:10C090000300000001000000000000000A00000092
:10C0A0000100000000000000BFF34F8FBFF36F8F4F
:10C0B00000F002F8FEDEDEDEB0B502AFADF5906D49
:10C0C00000200421CDE9C6010121C890CDE9C310AB
:10C0D000E048C591C290C2A800F0C1FA002840F023
:10C0E00045820320ADF81C00DFF88404C10701D1AC
:10C0F00017210CE04FF060400168C907FCD04FF0F9
:10C1000060405B2101701621DFF86404013008AA49
:10C110000132009200F00302022A0AD14FF060427D
:10C120001368DB07FCD030F8022B02394FF0604374
:10C130001A8000224FF060430546052A06D01E688B
:10C14000F607FCD040CD01321E60F6E701F0030196
:10C1500002290CD3C2AD4FF060421368DB07FCD05C
:10C16000828A4FF060431A800239163001E01430A1
:10C17000C2AD012908D14FF060410A68D207FCD056
:10C1800000784FF0604108704FF0000A681C8DF88D
:10C190001FA0A7F10D04069008A8011D0291291DFA
:10C1A0000191811D4FF00A0B4FF0030801264FF05B
:10C1B00004090591A91D0230049103900B200A96F1
:10C1C00066900DF11F00099002200890C89608A8FB
:10C1D000CDE9C494CDE9C6A066A8C3904FEA084053
:10C1E000023000F056FA40B110F5807FC0F0BE81F9
:10C1F0006FF39F2848EA8028E8E70029ADF81C8003
:10C2000040F0B4819DF81F00A0F16E01062939D8D5
:10C210004FF00808DFE801F004217A767694C80030
:10C220000DF5CC781621404600F0D2FA07A8414619
:10C23000162200F0E1F9002800F095819DF8AC018C
:10C240004FF01708411E03299CBF9DF8AD1104292A
:10C2500040F2548107A8CB4982E1CDF820A3CDE973
:10C26000C69908A8C5904FEA0B40043000F01BFAAD
:10C27000002800F0F18010F5807FC0F01A8100F0F6
:10C28000FBF9EAE763284FF0080828D0642839D181
:10C290008DF898A107A866A9012200F0ADF9002841
:10C2A00000F061819DF898018DF82000CDF820A361
:10C2B000CDE9C6A9CDE9C46408A8C3904FEA0B40F4
:10C2C000073000F0E6F9002800F0128110F5807FB9
:10C2D000C0F0128100F0D0F9E8E700F0CDF9C6A86F
:10C2E00080E8000708A8C5904FEA0B40013000F035
:10C2F000DAF9002800F0E08010F5807FEDD207A881
:10C30000A2492DE107A8A44901222AE14FF017080C
:10C310004FF4B9744FEA0B40CDE96B9A0530CDE983
:10C320006954CDE9676A669066A800F098F900281C
:10C3300050D010F5807FC0F0198100F09DF9E9E739
:10C34000CDE966AA07A866A9082200F055F90028D9
:10C3500000F00981669D9DF89F019DF89E119DF852
:10C360009D219DF89C310995C2AD8DF823308DF843
:10C3700022208DF821108DF82000CDF820A3CDE9E2
:10C38000C6A9CDE9C48408A8C3904FEA0B40023087
:10C3900000F07FF9002800F0A58010F5807FC0F044
:10C3A000A58000F069F9E8E74FF044080BA8CDE953
:10C3B000096A80E820074FEA0B400330089008A87C
:10C3C00000F04DF9002855D010F5807F97D300F08C
:10C3D00053F9EBE7B1F5B97F40F0C880BDF8080329
:10C3E0004FF4B672ADF82000DDF80A5366AC04993C
:10C3F000204600F0D3F9059821464FF4B672CDF8E7
:10C40000225000F0CBF9BDF82050112D80F0AE8005
:10C41000069C4FF4B871204600F0D5F970200399BE
:10C420008DF8080300202246A7F10D04A8420AD087
:10C430000023172B03D0CC5CD4540133F9E7173118
:10C4400017320130F0E705FB08F0421C07A8C2AD27
:10C45000294686E01400FFFF042940F087806F2002
:10C460008DF808030020CDF80903042819D000F046
:10C4700014F9FAE7442979D1DDE901104022C29D7F
:10C4800000F08CF90698442100F09DF9742008957D
:10C49000C2AD8DF808030020442806D000F0FDF856
:10C4A000FAE707A8294605225BE007A829464522A6
:10C4B00057E007A8344953E0082957D1069B0020CC
:10C4C000DDE90812CDE908125860186063238DF881
:10C4D0000833082802D000F0E0F8FAE707A8294658
:10C4E00009223EE000292B4939D03FE0284936E0B7
:10C4F0000029214933D039E01E4930E09DED6A0A18
:10C50000009B10EE102ADDE96845DDE966CEDD60AE
:10C51000C2AD9C60A7F10D04C3F804E0C3F800C0ED
:10C520008DF820A08DF836108DF835001A61C6A858
:10C53000CDE9C48480E8400608A8C3904FEA0B40C8
:10C54000063000F0A6F828B110F5807F06D300F081
:10C5500093F8ECE701290A4901D007E0074907A849
:10C56000022200F01BF8BDF81C8027E6FEDE00BFAB
:10C57000ECC7000811C8000813C800080DC800085F
:10C580000BC800080FC8000809C8000803C8000845
:10C5900005C8000807C8000815C80008F0B503AFB3
:10C5A0002DE9000F8DB004460B2001900120268854
:10C5B000A7F11D0BCDE903120DF10409029005ADA1
:10C5C0004FF0000A4FF0040801200B9002A80A90D7
:10C5D0003004013000F055F840B110F5807F0AD3E7
:10C5E0006FF39F2646EA80262680EDE719B90DB045
:10C5F000BDE8000FF0BDFEDEF0B503AF2DE9000F82
:10C600008DB004460B20019041F28830009002204A
:10C610002688A7F11D0BCDE903124FF0000A029006
:10C6200005AD4FF00808E94601200B9002A80A90DA
:10C630003004033000F025F840B110F5807F06D3B8
:10C640006FF39F2646EA80262680EDE731B9B0FADF
:10C6500080F040090DB0BDE8000FF0BDFEDE2DE911
:10C66000F00F90E8F0074FF0000B00DF204629465E
:10C67000BDE8F00F7047FEDE6FF39F2B4BEA802B77
:10C68000704705902846CDE908BACDE90698FFF72E
:10C69000E6BFC2902846FFF7E2BF08AA2918125C3D
:10C6A00001304A707047C2902846CDE9C36AFFF74F
:10C6B000D6BFF0B503AF2DE90007102A08D300F06C
:10C6C00089F8A64206D213F8015B06F8015BF8E789
:10C6D000034629E0A2EB080C88442CF0030E04EB7F
:10C6E0000E035FEA887115D0182101EAC8090021FC
:10C6F000A1EBC80101F0180A28F003010D1D09681B
:10C700009C420DD221FA09F602CD01FA0AF2324317
:10C7100004C4F5E741469C4202D204C904C4FAE7C6
:10C7200008EB0E010CF003021A44934204D211F8F4
:10C73000014B03F8014BF8E7BDE80007F0BDF0B589
:10C7400003AF4DF804BD102A09D34342054603F058
:10C75000030403199D4204D205F8011BFAE70546BC
:10C7600012E0121BCCB20825202D04D204FA05F6E3
:10C770006D003443F8E722F003051D44AB4201D2BB
:10C7800010C3FBE702F003022A44954202D205F8E7
:10C79000011BFAE700F026B8FFF78BBFFFF7FCBFDD
:10C7A0000B4611461A46FFF7CABFD2B24FF001330B
:10C7B0005343032998BFFFF7F3BF08C00439F8E7D4
:10C7C0000022FFF7EDBFFFF7FBBF0022FFF7EDBF31
:10C7D000FFF7FBBF4342064603F003080B4600EB9E
:10C7E000080470475DF804BBF0BDDEDE5B434F4ECE
:10C7F00054524F4C4C455276315D204F6E6C696EF1
:10C8000065210A7401730173006F016E006E026E80
:0CC810000164016400000000C81D92EFEC
:10D000000000000000000000FFFFFFFFFFFFFFFF28
:10D010000000000000000000FFFFFFFF0900FEFF0E
:10D02000001A0020000100007F4842460100E40190
:10D0300000000800010000000400000000000000E3
:10D0400000003C000200000000000000E0010000C1
:10D05000FF00010000010000490000000000000086
:10D06000000000005E0000416600009FFFFFFFFF20
:10D07000BFF34F8FBFF36F8F00F001F8FEDE80B576
:10D080006F4600F091F84DF2F4114FF06040C0F699
:10D090000001112200F002F830BFFDE7B0B502AF89
:10D0A000002A00F08080CB0710D00368DB0709D18D
:10D0B0000368DB0704BF03685FEAC37302D1036838
:10D0C000DB07F2D011F8013B013A037001F00303D2
:10D0D000022B12D1022A55D30368DB0709D103685A
:10D0E000DB0704BF03685FEAC37302D10368DB0791
:10D0F000F2D031F8023B023A0380002A53D022F0EA
:10D10000030C5FEA920E16D000230C4605E054F89B
:10D11000045B0133734505600DD00568ED07F6D15A
:10D120000568ED0704BF05685FEAC575EFD10568BE
:10D13000ED07F2D0EBE702F003026144022A10D3BC
:10D140000368DB0709D10368DB0704BF03685FEAF4
:10D15000C37302D10368DB07F2D031F8023B023A15
:10D160000380012A18BFB0BD0268D20719D1026836
:10D17000D20704BF02685FEAC27212D10268D20706
:10D18000F2D00EE0012A0ED10268D20709D102685E
:10D19000D20704BF02685FEAC27202D10268D207F6
:10D1A000F2D009780170B0BD80B56F4688B000201C
:10D1B0000421CDE9050101210790CDE902101420D9
:10D1C000CFF6FF700491019001A800F005F8002847
:10D1D00004BF08B080BDFEDE2DE9F00F90E8F00737
:10D1E0004FF0000B00DF20462946BDE8F00F7047E6
:10D1F000FEDEDEDE5B49444C4576315D204F6E6CD1
:0CD20000696E65210A0000000606C45695
:10D800000000000000000000FFFFFFFFFFFFFFFF20
:10D810000000000000000000FFFFFFFF0900FEFF06
:10D82000001B0020000100007F4842460100CC039D
:10D83000000002000100000000003C0001000000A8
:10D84000000048000400000000000000C8030000C1
:10D85000000001000001000059000000000000006D
:10D860000000000000100240000400000B00000057
:10D87000720000417A00009F000200410802009FF0
:10D88000BFF34F8FBFF36F8F00F002F8FEDEDEDED6
:10D8900080B56F468AB000F057F94DF6CC314FF0A5
:10D8A0006040C0F60001102200F0C8F800200821F6
:10D8B000CDE9020002A80022002305AC009400F08C
:10D8C00068F9002840F0AF8041F2000802ADC4F2D0
:10D8D00002084FF6FF7A4FF001090EE00121012204
:10D8E000002300F067F92846082100220023009455
:10D8F00000F04FF9002840F09680BDF81400504524
:10D90000F1D006994A1E042AE8D20799082900F2A4
:10D910008A80D2B2DFE802F0024A1A3208295DD1C9
:10D92000029B042B5AD803990FF2080606EB8306D4
:10D930004822B74600F061B800F006B800F074B8AD
:10D9400000F05AB800F054B84C2256E0082945D1EE
:10D95000029B042B42D803990FF2080606EB8306BC
:10D960002822B74600F049B800F006B800F05CB8CD
:10D9700000F038B800F034B82C223EE008292DD150
:10D98000029B042B2AD803990FF2080606EB8306A4
:10D990002822B74600F03AB800F006B800F044B8C4
:10D9A00000F024B800F020B82C222FE0082915D16F
:10D9B000029B042B12D803990FF2080606EB83068C
:10D9C0004822B74600F022B800F006B800F02CB8A4
:10D9D00000F01BB800F00EB84C2217E002217EE7E1
:10D9E00040220AE0382208E040220FE038220DE011
:10D9F000602202E0602209E0582201F01F0158F87D
:10DA0000023009FA01F1194308E0582201F01F0120
:10DA100058F8023009FA01F123EA010148F802102E
:10DA2000002122465CE7FEDE4DF6DC314FF060401F
:10DA3000C0F60001142200F001F8FEDEB0B502AF1E
:10DA4000002A00F08080CB0710D00368DB0709D1E3
:10DA50000368DB0704BF03685FEAC37302D103688E
:10DA6000DB07F2D011F8013B013A037001F0030328
:10DA7000022B12D1022A55D30368DB0709D10368B0
:10DA8000DB0704BF03685FEAC37302D10368DB07E7
:10DA9000F2D031F8023B023A0380002A53D022F040
:10DAA000030C5FEA920E16D000230C4605E054F8F2
:10DAB000045B0133734505600DD00568ED07F6D1B1
:10DAC0000568ED0704BF05685FEAC575EFD1056815
:10DAD000ED07F2D0EBE702F003026144022A10D313
:10DAE0000368DB0709D10368DB0704BF03685FEA4B
:10DAF000C37302D10368DB07F2D031F8023B023A6C
:10DB00000380012A18BFB0BD0268D20719D102688C
:10DB1000D20704BF02685FEAC27212D10268D2075C
:10DB2000F2D00EE0012A0ED10268D20709D10268B4
:10DB3000D20704BF02685FEAC27202D10268D2074C
:10DB4000F2D009780170B0BD80B56F4688B0002072
:10DB50000421CDE9050101210790CDE9021014202F
:10DB6000CFF6FF700491019001A800F005F800289D
:10DB700004BF08B080BDFEDE2DE9F00F90E8F0078D
:10DB80004FF0000B00DF20462946BDE8F00F70473C
:10DB9000FEDE2DE9F00F04460D4616461F46089B93
:10DBA0004FF0010B00DF204683E8E003BDE8F00FF3
:10DBB0007047FEDE2DE9F04804460D4616461F4626
:10DBC0004FF0020B00DFBDE8F088FEDE5B524343FE
:10DBD00076315D204F6E6C696E65210A4148423393
:10DBE000206E6F7420737570706F72746564210A93
:04DBF000A5516C1EB1
:10E000000000000000000000FFFFFFFFFFFFFFFF18
:10E010000000000000000000FFFFFFFF0700FEFF00
:10E0200000400020001000007F4842460100F81226
:10E03000000004000100000004003C00010000009A
:10E04000000048001100000000000000F412000071
:10E050001900010000100000910000000000000005
:10E060000000000000000008000010000700000091
:10E070004003000044030000E40D0000E80D000030
:10E08000EC0D0000800E0000840E0000880E0000E1
:10E090008C0E0000980F0000B8120000BC120000A7
:10E0A000C0120000C4120000C8120000CC12000010
:10E0B000D0120000FFFFFFFFBFF34F8FBFF36F8F42
:10E0C00000F08CFAFEDE8BB20022B2EB532F07D1A8
:10E0D000DA02C0F6000102F10062C0E9012101226A
:10E0E00002607047F0B503AF4DF8048D0022B2EB2B
:10E0F000512F01BF01F2FF110430425C002A00D011
:10E10000FEDE4FF0010C6FF0080340F2FE380025F0
:10E1100040F2FE7E00F801C0C3B14A1E82F0010643
:10E1200001364645ECD8845D84B18555445C002CAD
:10E13000E6D000294554E3D07145E1D85108425C4E
:10E14000002ADDD100F801C00133E5E75DF8048B5A
:10E15000F0BDF0B503AF2DE9E00FD1E90054A7F110
:10E1600026098E688A4680464FF4801BB6F5801FCC
:10E1700011D2E26848462946334600F097F917F86D
:10E18000200C10B117F81F0C48B100F0E0FF064456
:10E19000CAF80860EAE70320A8F8000014E037F89E
:10E1A000222C4FF4801317F81E0C46F0006102F089
:10E1B0001F0288F80C0057F8260C23FA02F2A8E890
:10E1C00007009019CAF80800BDE80E0FF0BDF0B5C1
:10E1D00003AF4DF804BD044600680D4688421CD3C9
:10E1E00005F01F00012104F1040C01FA00F00118F0
:10E1F0004A1E002D08BF0122E61C411E91420BD28F
:10E20000B1F5FF7F26D8335C0130002BF5D000201C
:10E210000CF8010001201AE0A5B1691E2046FFF7A5
:10E22000D6FF78B12068A84288BF0546490025601E
:10E23000B1F5FE7F08D88A1C231D985C50B90120D7
:10E24000985402E0002002E0002041F001015DF856
:10E2500004BBF0BDFEDEF0B503AF4DF8048D804683
:10E2600000680D4688421ED305F01F00012108F109
:10E27000030608F1040C01FA00F040F2FF33011824
:10E280004A1E002D08BF0122411E91420AD2994226
:10E2900029D2345C0130002CF6D000200CF80100AB
:10E2A00001201DE0BDB1691E4046FFF7D4FF90B1CB
:10E2B000D8F80000A84288BF05464900C8F80050B9
:10E2C000B1F57F7F09D88A1C08F10403985C50B926
:10E2D0000120985402E0002002E0002041F00101FA
:10E2E0005DF8048BF0BDFEDEF0B503AF2DE9000F45
:10E2F000ADF2144D0DF10409804609F104000C46FD
:10E3000040F2FF3100F0C0FF184EA7F1260A0920A5
:10E310004FF420454FF4801B0190B5F5801F12D2B9
:10E3200000F004FF17F8200C18B100F010FF0544AE
:10E33000F3E717F81F0CA8B9E90A4846FFF7D2FE21
:10E3400005F50065E9E708F1080001A940F204427B
:10E3500000F083FF0448C8E900400DF2144DBDE809
:10E36000000FF0BDFEDE00BFD4F2000847E5000854
:10E37000F0B503AF2DE9000F93B006462B481044CB
:10E38000B0F5762F50D29346CA6898460BF1784381
:10E39000A7F152008A46314600F088F837F84E4C13
:10E3A0000DF1200937F8501C17F84A2C37F8520C99
:10E3B0002346CDE900014846012100F0C5FDDAF809
:10E3C0001C50304659464A462023A84760BBDAF81D
:10E3D00020103046CDF81080884728BB04F01F007D
:10E3E0004FF48011DAF8108021FA00F0DAF8249066
:10E3F00058440394441E0DF1400A5C450DD3504629
:10E4000031462246C047109870B1129D30462946C9
:10E41000C84748B9A4EB1544EFE7DDE903100180D4
:10E4200013B0BDE8000FF0BDFEDE00BF0060FFF7D7
:10E43000F0B503AF2DE9E00F8046B868A7F1260AD2
:10E44000994616460C464FF420454FF4801B002891
:10E4500008BFA9F12009B5F5801F16D200F066FEAD
:10E4600017F8200C70B117F81F0C58B937F8220CA8
:10E4700045F00061494500F01F002BFA00F008D07C
:10E480000544E8E705F50065E5E70320A8F8000086
:10E4900009E017F81E1C88F80C1057F8261CC8E96C
:10E4A0000019C8F80800BDE80E0FF0BDF0B503AFC5
:10E4B0002DE9FF0BE9460E460446484620211D463D
:10E4C000904600F0E6FE05F1006130464A46202302
:10E4D000C04770BBBDF81E004FF6FE71022260807F
:10E4E00088424FF6FF7108BF0122401A18BF10463C
:10E4F0002080DDE904100840B0F1FF3018BF012092
:10E5000020729DE80F001A40B2F1FF3218BF0122BD
:10E510000840B0F1FF31E27118BF01210130BDF8B0
:10E520001C00A17108BF0920A08008B0BDE8000B45
:10E53000F0BDFEDEE0B502AF80B27A1E00210023FE
:10E5400000F0DAFD8CBD80B56F4610461A4600F02B
:10E550007AFE002080BD084611461A4600F09ABD9A
:10E5600000F0B2BD110D802908D806491140D20A29
:10E57000C0F60002C0E90112012100E000210160A3
:10E58000704700BF00F8FF0F80B56F461146FFF7D8
:10E590009AFD80BD80B56F46511EFFF794FD80BD8A
:10E5A00080B56F4688B027F81E1C00200421079014
:10E5B000CDE905010120049002200390A7F11E007F
:10E5C00002900548019001A800F057FD002818BFEF
:10E5D000012008B080BD00BF2400FFFF80B56F465A
:10E5E000ADF5D06DDFF82408142100F065FC4FF084
:10E5F000000A0420CDE99CA001209B90CDE9990A56
:10E60000C848CDF878A2989098AE304600F035FD15
:10E61000002840F0FA8300F001FCCDF828A006F1B4
:10E620000809CDE908AA12A808AC00F10408CDF841
:10E63000189020460C2101220023009600F00CFDCA
:10E64000002840F0E28399994FF6FF70BDF860B260
:10E65000834511D09AAB01290DCB18D029291DD0A3
:10E66000142919D015290CD01E290ED028290AD01A
:10E670000A290ED10A2112E0C807DAD000F0CEFB39
:10E68000D7E715210BE0282109E01E2107E0012131
:10E6900005E058460121ACE3142100E029210D28B2
:10E6A00080F0B383012900F020810A2900F0F8806E
:10E6B000142943D0152900F0C0801E2900F0A7803E
:10E6C000282940F0CE800721002840F091831C2AA1
:10E6D000C0F08E834FF42040CDF81CB014904FF062
:10E6E0000009DFF82C074FF0000B0025002600245E
:10E6F0001390781E129098A812A9FFF72AFDBDF872
:10E700006002032800F0F7809DF86C1200296FF07A
:10E710001F0108BF0135012808BF6FF027019A9A31
:10E7200059440128114401F1200B05D199980BF1AE
:10E73000080B0136406A81440134DCE70721012BD4
:10E7400008BF0C2840F05483BAF1000F40F05D83FD
:10E7500000F0DEFC9898002800F081809998C007AE
:10E760007DD00A98791EDDE90835DFF8A8260590E6
:10E77000A7F114009A9C00F0DFFC37F814BCBBF141
:10E78000030F00F05F8228196FF01F01BBF1010F2A
:10E7900008BF6FF0270157F80C2C1144884200F293
:10E7A000938200F0BCFC2020BBF1010F08BF2820A1
:10E7B0000026284400EB0905B44240F20D8306F11F
:10E7C00040004FF04009A04288BFA4EB060907991A
:10E7D000B9F1410F80F01983CDF8589098A8CDE990
:10E7E000121ACDE9146012A800F01CFC0A46072199
:10E7F000002840F0F782914540F0F482A81998A9CA
:10E800004A4600F047FC4E440028D5D0E9E20428EF
:10E810006FD1BAF1000F40F0F882089B791EDFF843
:10E82000F425CDF800A012A8FFF702FEBDF84800BD
:10E83000032840F07C810421DAE20721012B08BF84
:10E84000082840F0D582BAF1000F40F0DE8200F0D7
:10E850005FFC989818B19998800700F1E58107212D
:10E8600037E2042845D10C2A43D3BAF1000F40F017
:10E87000CC82089C4FF420401490DFF8940513904C
:10E88000781E129012A93046FFF763FCBDF86002B3
:10E89000032800F0AB81002C00F0AC81013CF1E7D3
:10E8A000042826D1BAF1000F40F0AF82791E30461D
:10E8B000CDF81CB0089DFFF717FDDDE99896A5F18E
:10E8C0002004F2680DF1480B0120234600905846C1
:10E8D0004946FFF7ADFDBDF84800032840F05F81D1
:10E8E00098AE0421DDF81890F2E1082801D1102A31
:10E8F0001AD207217CE24FF46640CDE90D5BCDE9E9
:10E9000010904FF476200F90002107981C23CDE93A
:10E910000B460BAA00F0F0FB98AEDDF8189008AC9F
:10E9200087E600BF1400FFFFBAF1000F40F06D82D0
:10E93000791E3046CDF81CB0089CFFF7D5FC04F1D9
:10E940001F004FF0FF31B0FA80F021FA00F0411CB7
:10E95000C80A01284FF0010088BFC80A24F001014D
:10E96000203108BF0120B0F5007F00F23D81002179
:10E970004FF40073013101F01F0223FA02F29042BA
:10E98000F8D94D1E4846092D28BF09252946FFF70D
:10E9900062FC002800F028810DF1480901200C4696
:10E9A00000904846002100222B4600F0CDFA4FF09F
:10E9B000FF314FF40070A940E8402144DDE998465A
:10E9C0000131D6F81CC04A46202300FB01FB4FF062
:10E9D000006000EBCB212046E047002840F0158284
:10E9E000316A20468847002840F00F82099840F29B
:10E9F000FF11049040464FEACB2400F045FC08206C
:10EA0000A7F114061290CA48204405904FF48010D4
:10EA1000E84028380390C7488146C64800F566405C
:10EA2000814580F01181DFF8E8039490781E93907F
:10EA30004FF42040959093A93046FFF78AFB37F8B2
:10EA4000140C032838D00128F5D157F8106C042392
:10EA5000DDE99340D0F80CB006F1200117F8085C0E
:10EA6000CDE996AA96AA2046D847002840F0CD8145
:10EA700006F1240197AA20460423D847002840F035
:10EA8000C4819698411C12D097994A1C0FD04FF61A
:10EA9000FF72A7F1140620EA0202B2F1005F40F013
:10EAA000B4818145C7D308448145C4D23DE0A7F174
:10EAB0001406002DBFD0A8E109F16040FF21012517
:10EAC00040F2FE3C01EB102018F80010002940F045
:10EAD0009C816FF0070108F8005019B3421E82F0C4
:10EAE00001030133B3F5FF7F00F28F8118F8034073
:10EAF000C4B108F803A018F80030002B00F085819D
:10EB0000002808F800A000F08081604500F27D81B7
:10EB1000500818F80020002A40F0778108F80050CB
:10EB20000131DAE709F5807977E7814675E7BDF8C5
:10EB30004800032800F06981139DA7F11400B54A2D
:10EB4000791E05F17843FFF7B1FC17F80E0C002889
:10EB50004ED017F80D0C00284AD117F80C0C0028DD
:10EB600046D137F8121C012237F8103C37F8140C44
:10EB7000CDE900013046002100F0E6F92846314693
:10EB8000202200F087FA002840F03F8100F09CFA34
:10EB9000002840F03A815846FFF7CCFC49E548464A
:10EBA000314622465B46ADF848A0FFF7E1FBBDF8D1
:10EBB000481098AE98484FF4007201F01F01DDF83C
:10EBC0001890284422FA01F1C40A01EBD025AC4286
:10EBD00005D248462146FFF785FA0134F7E7079842
:10EBE000FFF7A8FC08AC24E5022171E00821FEE053
:10EBF0000121FDE0DDE99912BDF862322031ADF866
:10EC0000680201286FF01F00ADF86A32989108BFC2
:10EC10006FF02700104499905846002132460C238B
:10EC200000F06AFA08AC04E5DDE90834A7F1140045
:10EC3000784A791EDDF868B200F07EFA37F8145C85
:10EC4000032D34D10421D0E0DDF8189012AC4FF43C
:10EC500001722146484600F000FB6E4A791E059B72
:10EC60006B4899902046989100F066FABDF84800EC
:10EC700001282BD1049A4FF0FF31501EB0FA80F0DA
:10EC800021FA00F0411C080A01284FF0010088BF5A
:10EC9000080A012A4FF0010198BF084698AE08AC57
:10ECA000DDF81CB0B0F5807F46D90321A0E06FF0FD
:10ECB0001F01012D08BF6FF0270157F80C2C04EB42
:10ECC0000B001144884207D905218EE0042198AE3B
:10ECD00008ACDDF81CB08BE000F021FA2020012DFB
:10ECE00008BF2820002520448144AB4540F287809E
:10ECF00005F140004024584588BFABEB0504412C8A
:10ED000080F0838098AE09EB05012246304600F082
:10ED10009AFA0798CDE91564CDE913A5129012A8C7
:10ED200000F08DF910B925448C42DED0072159E05E
:10ED300020000008001A002000214FF480750131E6
:10ED400001F01F0225FA02F29042F8D94C1E082069
:10ED5000082C28BF044648462146FFF738FA002809
:10ED600051D04FF0FF3225FA04F0A2401144013196
:10ED7000DDF81490042348434FF0005101EB0020CC
:10ED8000049093904FF4803020FA04FBDDE998451D
:10ED9000EE69494647F814BC93AA2046B047A0BB89
:10EDA00009F10401A7F1140220460423B04760BB17
:10EDB000296A2046884740BB049800219A90102376
:10EDC0000398999005989890CDF86CB2079898AEF2
:10EDD000324600F091F9A0E5059880B100F074F991
:10EDE00068B1062198AEDDF81890DDF81CB008ACCB
:10EDF00058460122002300F07FF9FFF71ABC07985C
:10EE0000FFF798FB88E5032161E7FEDEACF200081E
:10EE1000D4F2000847E50008E0FFFFF7F0B503AFC4
:10EE20002DE9F80F2048142100F046F8204DA7F1F5
:10EE30002A08A7F11D064FF420444FF0000B4FF4B1
:10EE40008019BBEB145F25D1404631462A46234644
:10EE5000FFF72CFB17F8240C60B117F8230C37F8D8
:10EE600026AC68B1134944F0006204AB3046FFF7AA
:10EE70007FFA09E017F8230CA0B904F50064E0E775
:10EE800017F8220C0028EDD00AF01F0029FA00F034
:10EE90000444D6E705481E2100F00EF805B0BDE891
:10EEA000000FF0BDFEDE00BFC0F20008FCF200085B
:10EEB00047E50008D4F20008F0B503AF4DF804BDF3
:10EEC000C2070AD04FF060421368DB07FCD010F88D
:10EED000012B01394FF060431A7000F00302022A3F
:10EEE00006D14FF060421368DB07FCD000F028F930
:10EEF00031B38A0800234FF060440546934206D0A0
:10EF00002668F607FCD040CD01332660F6E721F0F5
:10EF1000030201F003011044022906D34FF06042BE
:10EF20001368DB07FCD000F00BF9012908D14FF082
:10EF300060410A68D207FCD000784FF06041087049
:10EF40005DF804BBF0BDDEDEF0B503AF2DE9000FC8
:10EF500089B001AD92460C46804628461C21FF220E
:10EF600099464FF0FF0B00F08AF9154E2846002114
:10EF70000122B047284608212246B04728461021E2
:10EF80005246B0473889ADF8209028B1012805D104
:10EF9000FF204FF0FE0B06E0FF2004E0D7F80CB096
:10EFA0001FFA8BF0000A8DF8230040468DF822B03E
:10EFB00001A9202200F047F909B0BDE8000FF0BD1B
:10EFC000C5EF0008D0B502AF0844013A0023082B72
:10EFD00005D0CC181F2C03D8C2540133F7E7D0BD9D
:10EFE000FEDEDFB506AF044690B201AA00F00DF8D0
:10EFF000019808B1002006E0DDE9020100F00300FD
:10F00000C4E9010101202060DFBD2DE9700804463C
:10F010000D464FF0060B00DF82E87000BDE8700877
:10F020007047FEDE2DE9F00990E8F0014FF0040B87
:10F0300000DF20462946BDE8F0097047FEDE2DE9D5
:10F04000F00990E8F0014FF0050B00DF204629465B
:10F05000BDE8F0097047FEDE2DE9F00F04460D46CD
:10F0600016461F46089B4FF0010B00DF204683E841
:10F07000E003BDE8F00F7047FEDE2DE9F00F90E8E9
:10F08000F0074FF0000B00DF20462946BDE8F00FE7
:10F090007047FEDE80B56F4688B000900020079074
:10F0A0000420CDE90500684604900648CDE9021227
:10F0B000019001A8FFF7E1FF002818BF012008B068
:10F0C00080BD00BF1F00FFFF80B56F4688B00020E5
:10F0D0000421CDE9050101210790CDE90210054881
:10F0E0000491019001A8FFF7C8FF002818BF012074
:10F0F00008B080BD2000FFFF2DE9F04804460D4612
:10F1000016461F464FF0020B00DFBDE8F088FEDE1A
:10F11000304600215A46CDF81CB0FFF762BF30469A
:10F120004021FF2257F8109C00F0A9B85046214614
:10F1300032462B46FFF7BAB9CDF800A0FFF778B9F1
:10F1400030F8022B02394FF060431A80704737F8CD
:10F15000220C00F01F002BFA00F07047F0B503AF4F
:10F160002DE90007102A08D300F095F8A64206D230
:10F1700013F8015B06F8015BF8E7034629E0A2EB10
:10F18000080C88442CF0030E04EB0E035FEA887130
:10F1900015D0182101EAC8090021A1EBC80101F02E
:10F1A000180A28F003010D1D09689C420DD221FAAE
:10F1B00009F602CD01FA0AF2324304C4F5E74146EA
:10F1C0009C4202D204C904C4FAE708EB0E010CF019
:10F1D00003021A44934204D211F8014B03F8014B85
:10F1E000F8E7BDE80007F0BDF0B503AF4DF804BD8A
:10F1F000102A09D34342054603F0030403199D4234
:10F2000004D205F8011BFAE7054612E0121BCCB246
:10F210000825202D04D204FA05F66D003443F8E7E2
:10F2200022F003051D44AB4201D210C3FBE702F0FC
:10F2300003022A44954202D205F8011BFAE700F0C6
:10F2400032B8FFF78BBFFFF7FCBF032A98BFFFF769
:10F25000F8BF08C9043A08C0F7E7FFF7F6BF0B4646
:10F2600011461A46FFF7C0BFD2B24FF001335343E5
:10F27000032998BFFFF7F3BF08C00439F8E7FFF789
:10F28000F3BF0022FFF7F0BFFFF7FBBF0022FFF73D
:10F29000EBBFFFF7FBBF4342064603F003080B46F4
:10F2A00000EB080470475DF804BBF0BD5B53544F9E
:10F2B0005241474576315D204F6E6C696E65210A7B
:10F2C0005B53544F524147455D20416E616C797AE2
:10F2D000696E670A000000000000000001000000E5
:10F2E00047E5000865E5000889E5000895E50008A0
:10F2F00057E5000861E50008A1E500085B53544F9D
:10F30000524147455D20416E616C7973697320639A
:10F310006F6D706C65746564210A0000BC33A26D6A
:020000040801F1
:100000000000000000000000FFFFFFFFFFFFFFFFF8
:100010000000000000000000FFFFFFFF0900FEFFDE
:10002000001C0020000100007F4842460100A80299
:1000300000000900010000000400000000000000B2
:1000400000003C000200000000000000A4020000CC
:100050000A0001000001000049000000000000004B
:10006000000000005E0000416600009FFFFFFFFFF0
:10007000BFF34F8FBFF36F8F00F001F8FEDE80B546
:100080006F4600F0CBF840F2B8214FF06040C0F668
:100090000101112200F005F80120002100F087F88D
:1000A000FAE7B0B502AF002A00F08080CB0710D08D
:1000B0000368DB0709D10368DB0704BF03685FEA55
:1000C000C37302D10368DB07F2D011F8013B013A98
:1000D000037001F00303022B12D1022A55D30368E7
:1000E000DB0709D10368DB0704BF03685FEAC3735A
:1000F00002D10368DB07F2D031F8023B023A0380F9
:10010000002A53D022F0030C5FEA920E16D000238F
:100110000C4605E054F8045B0133734505600DD0CF
:100120000568ED07F6D10568ED0704BF05685FEACD
:10013000C575EFD10568ED07F2D0EBE702F00302D9
:100140006144022A10D30368DB0709D10368DB0787
:1001500004BF03685FEAC37302D10368DB07F2D010
:1001600031F8023B023A0380012A18BFB0BD026891
:10017000D20719D10268D20704BF02685FEAC272CF
:1001800012D10268D207F2D00EE0012A0ED1026825
:10019000D20709D10268D20704BF02685FEAC272BF
:1001A00002D10268D207F2D009780170B0BDF0B573
:1001B00003AF4DF8048D88B002AC05460E462046CC
:1001C00000F06EF8DDE902014FF080432D184FF08A
:1001D00001004E412946324600F056F84FF6FF78AE
:1001E000C8F2000808E0204600F05AF8DDE90201F4
:1001F000401B71EB06000DD2012000214FF0404260
:100200004346009400F02FF80028ECD10398B0F199
:10021000FF3FE8DC08B05DF8048BF0BD80B56F46A9
:1002200088B000200421CDE9050101210790CDE926
:1002300002101420CFF6FF700491019001A800F085
:1002400005F8002804BF08B080BDFEDE2DE9F00FE0
:1002500090E8F0074FF0000B00DF20462946BDE88C
:10026000F00F7047FEDE2DE9F00F04460D461646EE
:100270001F46089B4FF0010B00DF204683E8E00398
:10028000BDE8F00F7047FEDE2DE9F04804460D464C
:1002900016461F464FF0030B00DFBDE8F088FEDE78
:1002A0002DE9F00F4FF0090B00DF80E8F003BDE807
:1002B000F00F7047FEDEDEDE5B5449434B45525D76
:1002C000204F6E6C696E65210A0000007001F2A378
:102000000000000000000000FFFFFFFFFFFFFFFFD8
:102010000000000000000000FFFFFFFF0700FEFFC0
:1020200000380020000400007F48424601009C1652
:10203000000003000100000004003C0003006000F9
:1020400002007000060000008800010098160000E1
:102050000F000100000400009900000018160000A5
:102060008000000000480040000400000B00000059
:1020700000080048000400000B00000000000240BF
:10208000000400000B0000000D0000000200000032
:102090002700000001000000EC080000F00800002C
:1020A000F4080000F8080000FC080000D80B00004D
:1020B000020000000100000000000000FFFFFFFF21
:1020C000BFF34F8FBFF36F8F00F0A0F8FEDEF0B5C7
:1020D00003AF4DF804BD856804685DB14268C66809
:1020E000501B04EB4211B21A04EB4010520101F0F4
:1020F0007DFA00E0C668701B20645DF804BBF0BD8B
:1021000080B56F4688B00120042200900021CDE9FF
:1021100003206846029004480791CDE9051201901A
:1021200001A801F015F9FEE70000FF0380B20122CB
:10213000002301F01AB9E0B502AF80B27A1E002187
:10214000002301F012F98CBD00F07CBF034600684B
:10215000008848406FF39F2030B191B29A6812888E
:102160008A4204D1002100E001215A681170002840
:1021700018BF01207047D1E900231A4304BF012092
:102180007047F0B503AF4DF804BD0468D1E90232E1
:10219000D4E90045E41A75EB020417D24168D1E98D
:1021A000000420430BD0D1E902040025C61A74EBC9
:1021B000020638BF0125002D1CBF2246034600241D
:1021C0000120C1E90004C1E9023204E0888B032147
:1021D000FFF7ACFF00205DF804BBF0BDE0B502AF37
:1021E000BC1E022027F8020C1921204600F0FBFF3C
:1021F00020460E2100F0F7FF2046192100F0C4FF11
:1022000020460E2100F0C0FFFFF77AFF80B56F4631
:10221000C4B0E24D00264FF0010B4FF00409681CDA
:102220000B961296CDE91069CDF83CB0CDE90DB60C
:102230000C900CA801F08CF8044600044FF0010843
:1022400025D00DF13008404601F077F8DDE90C1299
:1022500042F210704FF08043091842F10002012051
:1022600001F04EF8CDF80080C8F200040BA804215C
:102270004FF08042234601F04FF830B9BDF83000EE
:102280004FF6FF71884240F023834FF0010805F1BB
:102290000A00CDE91196CDE90FB6CDE90DB60C9047
:1022A0000CA801F055F8002840F01C830DF1F00A4D
:1022B0000120002104228DF8F0001291CDE91012C6
:1022C000CDE90E00CDE90C5A0CA801F041F8002828
:1022D00040F0088302200E21ADF830000CA800F079
:1022E000F7FE002840F0FE820CA80E2100F0A4FFAB
:1022F000002840F0F782AA4D01201F21286040F2FB
:10230000B620E860286840F008002860286840F09F
:10231000040028600220ADF830000CA800F0D8FEC0
:10232000002840F0DF820CA81F2100F085FF002864
:1023300040F0D8829B480A22016862F3175101607D
:10234000416A772262F30F21416202201921ADF820
:1023500030000CA800F0BCFE002840F0C3820CA89E
:10236000192100F040FF002840F0BC820CAC19217C
:10237000204600F061FF002840F0B4828A49022222
:10238000086B20F0010008634FF480704860D1F8BA
:10239000A80062F30B20C1F8A80005F124008863AF
:1023A000DFF87005C86380204863086B20F01000D8
:1023B0000863086B40F440500863086B40F020004D
:1023C0000863086B20F440700863086B20F44060D9
:1023D0000863086B40F080000863086B40F00E0053
:1023E0000863086B40F001000863012001F004F865
:1023F000022001F001F8DFF82005112130968DF858
:102400009060ADF88C602296CDE92068CDE91E661B
:102410001C9600F017FE04F17800099004F16800A2
:10242000069035960DF58478CDE9336633AE0120FC
:102430000A905E4A30460C210023CDF800A000F03F
:102440006BFF002840F04E82DDF8F4B04FF6FF70CD
:10245000BDF8F090814538D0ABF10101042959D283
:102460003E980D2880F03E82C9B2409ADFE811F014
:102470000400FF00A000C9000221012A08BF0428AF
:1024800040F01F810020002840F02C82339E20461F
:10249000ADF8E09038A9324600F095FA002800F037
:1024A0000C8100F08DFF3C98002800F008813D98D9
:1024B000C0071CBF3E9A002A00F001812046494611
:1024C000334600F053FB33AEB3E7BBF1000F00F12E
:1024D00010825FEA0B404BD5504600F02EFFDDE93D
:1024E0003C010024DDF87090CDE93601CDE9384497
:1024F0001C9438A8439036A842900CAEA1450CD04D
:1025000040463146FFF737FE203601340028F5D12A
:10251000012504E048460121D4E000254C460CA8E2
:1025200000EB4416A1450DD040463146FFF723FE8F
:1025300020B1A6EB451000F053FF00E00135203636
:102540000134EFE75046CDF8FC90CDE93D950CAC59
:102550003C94FFF7BCFDDDE93801084306D0DDE916
:102560003A1201204FF4004300F0CAFE0C4D33AE86
:102570005FEACB7000F0EB80EC69200640F1C5808B
:102580003098002800F0C1802898411C042880F071
:102590009E80AA20A8622891B7E000BF0A00FFFF32
:1025A000004800400008004800000240038000800E
:1025B0000221012A08BF082840F08380002000285B
:1025C00040F09081349E2046ADF8E09038A9324624
:1025D00000F0AAF9002870D000F0F2FE3C98002824
:1025E0006DD03D9880076AD53E9A002A67D033980F
:1025F0004946CDE900062046002300F041FA33AEFB
:1026000017E70221022A08BF08285AD10020002813
:1026100040F06881349D0DF1E00A2046ADF8E0906D
:102620005146A3462A4600F07FF9002800F0AC800E
:10263000584651462A4600F0C6F9002800F0B180FD
:10264000339C0DF1F00A0895002C00F0BC80BDF819
:10265000E0205046002100F018FE3C98AB4D18B128
:102660003D98C00740F0CF8002210CAC29E0022148
:10267000012A08BF042824D10020002840F032811C
:10268000339E2046ADF8E09038A9324600F04CF970
:1026900098B100F095FE3C9888B13D9880070ED522
:1026A0003E9A62B100204946CDE900002046002351
:1026B000049600F023FA33AEBBE6012100E00221CC
:1026C00033AE48460122002300F04FFEB1E6062853
:1026D00009D2BDF8A610504409BA090CADF8F010A3
:1026E00010F8041C0AE0082854D2BDF89C1050448D
:1026F00009BA090CADF8F01010F8061CA962099887
:1027000000F08DFC289801302890E0060BD5804819
:10271000406B411E7F2904D2C0F180010CA800F05B
:102720004BFA10202862A00701D433AE08E00A98C3
:1027300033AE002800F0DF800220286200200A90DB
:10274000200700F1DB80012000F056FE0CAC5FEAB0
:102750008B707FF56EAE6E480068410504D481052C
:1027600006D400050CD5CEE040214FF4806002E095
:1027700080214FF40070664A5060204600F01CFA39
:10278000022000F039FE54E601210DF1F00A5F4D00
:102790005C4696E7279A0838904206D19DF8A80033
:1027A000F8E60DF1F00A01210FE010D9069800F0CB
:1027B00005FC0CA9064600F01FFC0028A5D13046F8
:1027C000FFF7B9FCA1E702210CAC504D79E70023DB
:1027D000BDF8A4108DF8E0300123269A409338AB61
:1027E000CDE93E035046CDE93C1200F06FFD81F08B
:1027F000010108432AD19DF8E0600998314600F0B4
:102800000EFCAE627EE73E9EEEB1BDF8E020504683
:10281000012100F03AFD3C98A8B13D98800712D5FF
:102820003E9A82B1DDF820900123BDF8E010CDE999
:1028300000490CAC204600F023F9BDF8E01020461A
:1028400032464B463DE602210CAC39E7069800F0D3
:10285000B5FB07900CA900F0CFFBA0B3DDF870909A
:102860000025DDF81CC01C201C95A94509D00CA929
:1028700001351FFA8CF2095A20309142F5D101221C
:1028800001E000224D460CA800EB4516A94510D0EA
:10289000B18B1FFA8CF0814201D1013206E0A6EB28
:1028A0004210089200F09CFDDDE907C22036013598
:1028B000ECE7CDF8FC90CDE93D920CA83C90504659
:1028C000FFF705FC114D07980221FFF72FFC1CE7CD
:1028D0000020002100224FF080430E9C00F010FDEC
:1028E000052C00D3FEDEB4F1040818BF4FF0010838
:1028F000CDE4FFF773FC0948112101E008480D21E0
:10290000FFF722FCFEDE0748F6E700BF0048004064
:10291000000002400038002000360108113601088E
:102920003336010822360108F0B503AF2DE9FF0761
:10293000D0F840A08046ADF8002008F11E06BAF19C
:10294000020018BF012007F8350C684600240390E8
:10295000A7F13500C8F84040CDE9011001ADA2450E
:102960000BD036F8202B284636F8221CFFF7EEFB5A
:1029700001340028F3D1012601E00026544608EB7B
:1029800044150DF10409A24510D0EA8B4846A98BE5
:10299000FFF7DCFB30B1A5EB46102946202200F002
:1029A0001BFE00E0013620350134ECE7CDE9066A74
:1029B000CDE9048A04A8FFF78AFB17F8350C08B0A4
:1029C000BDE80007F0BDF0B503AF2DE9F80FD0F872
:1029D00090908246ADF804200AF17606B9F1020023
:1029E00018BF0120002507F8290CCAF8905001A84B
:1029F0000490A7F12900CDE9021002ACA9450CD042
:102A000036F8142B204636F8161CFFF79FFB0135CD
:102A10000028F3D14FF0010B02E04FF0000B4D46C0
:102A200005EB8500A9EB0508CDF800A00AEB8000B6
:102A30000DF1080A00F16805B8F1000F16D0EA8917
:102A40005046A989FFF782FB50B10BEB8B0029465A
:102A5000404205EB800C91E85D008CE85D0001E0F0
:102A60000BF1010BA8F101081435E5E70099A9EB7A
:102A70000B00C1F8900017F8290C05B000F0B4BCA9
:102A8000F0B503AF2DE9000F8DB0054607A89846B5
:102A900091468A4600F051FC0A9A0DF11C0B0B98E6
:102AA00043460592FA68069004929BE80308BA68C8
:102AB000801841F10001461C41F1000400205146FC
:102AC00001900120009028464A46CDE9026400F0BA
:102AD00015F8BBF1000F05D00598301A069874EB75
:102AE000000006D20120314622464FF4004300F098
:102AF00007FC0DB0BDE8000FF0BDDEDEF0B503AFA2
:102B00002DE9000B046C022C2DD207F1080E650193
:102B100000EB4414D7E905C99EE84041A183002198
:102B20004651C4E9018EC4E90521016CA4F81E9048
:102B3000013101640C48C4E903C3816849060FD41C
:102B4000016841F480710160816841F00101816098
:102B5000816841F040018160016841F0100101602D
:102B6000BDE8000BF0BDFEDE00480040B0B502AF8E
:102B7000D0F89040022C3FBF04EB840400EB8404A7
:102B8000002584F878503FBFA4F87630A4F874107C
:102B9000C4E91A5225673FBF06490A6842F080021D
:102BA0000A603FBFD0F890100131C0F89010B0BD5E
:102BB000FEDE00BF00480040B0B502AF0546406DE4
:102BC00081421BD00C4606D9812C18D20C49221AFE
:102BD000014428460FE0802808D081280FD20849F8
:102BE000C0F180020144284600F00CF8812C06D286
:102BF00003492846224600F005F86C65B0BDFEDEAC
:102C000000380020F0B503AF2DE9000F95B000F1BA
:102C1000480B00F1600A814690465A30CDE9031214
:102C20000290CDF800B0B8F1000F00F04C81B9F877
:102C30005C00D0B1B9F85E00ADF81400002007F8D0
:102C4000590C069007F8510CB9F85A00B9F8581009
:102C5000081A84B2A04538BF4446089421D2039D87
:102C600084B300F0C4FB013CFAE7D9F85010039894
:102C7000042940F0C680D9F84C20C2F10401414536
:102C800028BF41460023994200F08E80D418042CBE
:102C900080F01D815A44C45CD4540133D9F84C20CF
:102CA000F1E7601E019012D9039DC346019E76B1E3
:102CB000BBF1000F00F00B8100F099FB013EABF17E
:102CC000010BF4E7002007F8520C09AD1BE0019955
:102CD000414580F0FC8003989AF80020415C09ADE2
:102CE000914208D00121204407F8511CA8EB0401AF
:102CF0000694049103900020A9F85C00C9F85000E4
:102D0000012007F8520CA7F159004FF00008D9F83C
:102D100040B04E46C9F84080109006A80F9003A816
:102D20000E9008A80D90A7F152000C9002980B90FD
:102D3000A7F151000A9005A80990C3450AD028467A
:102D4000314600F0C5F8203608F101080028F4D11A
:102D5000012401E00024D84609EB4816C3450ED0F3
:102D60002846314600F0B4F820B1A6EB441000F03C
:102D700037FB00E00134203608F10108EEE7CDE929
:102D8000134BCDE9119B11A8FFF7A1F90898069AFA
:102D9000DDF800B0904253D917F8523C0499002B4B
:102DA00046D0D243024444E00A44A8EB0108042A76
:102DB0000844C9F84C20CDF810800390C0F08380FF
:102DC0004FF480300024C9F85A000121B9F84800B6
:102DD00089F8604000BAC9F84C40000CA9F85E00C0
:102DE000B9F84A0000BA01EB1040A9F85800042CC9
:102DF0003FF419AF1BF80410504600F010F90134ED
:102E0000F5E7A8F101080130013110F8012CCDE9F6
:102E10000308AA2A53D10429C9F850103FF42BAF54
:102E200001300131A8F1010818F10102EDD14AE0A9
:102E3000821A8A424BD8039B891A04911344039344
:102E4000029A11880844108017F8590CA0B3D9F8D9
:102E500040004FF0010E4D4609EB401C00200EF0E3
:102E60000103654520D005F12006D5E900542C4327
:102E70003546F4D056E906044FF0000E0D1A72EBF9
:102E800004054FF0000538BF0125002D08BF22467C
:102E9000002B18BF2246002D08BF0146002B18BF8B
:102EA000014601203546DAE7002B4FF400431CBFF2
:102EB0000021002200F024FADDF81080B3E60020A3
:102EC000C9F85000AFE615B0BDE8000FF0BDFEDE5A
:102ED000F0B503AF2DE9F80F04460E46C88B216804
:102EE0000988884209D16068007858B1A168B06942
:102EF0000988401A38BF0020B0610126304605B06D
:102F000000F072BA04F10C09D6E905AB99E80302A6
:102F100009680078404241FA80F5AAEB0B00A8420C
:102F200038BF0546D9F80400854245D83069D9F83C
:102F30000010B6F81C80CDE9008068460495CDE904
:102F400002B100F0D0F9F0B98D421CD1D9F80410CB
:102F500005EB0B00B061A9422ED3491BC9F8041040
:102F6000D9F8001001262944C9F80010A1690A689F
:102F70002A440A605045C1D14046FFF7DCF8E069B9
:102F800006700026BAE7D9F80400A84214D3401B03
:102F9000C9F80400D9F800002844C9F80000A06965
:102FA00001682944016040460221FFF7BFF8E0694B
:102FB000012100260170A1E7FEDEDEDEF0B503AFE1
:102FC0004DF804BD04460B48016821F08001016002
:102FD000A06A70B1461E1422A58906EB860004EB98
:102FE0008001204600F0FEFAA66228465DF804BB88
:102FF000F0BDFEDE00480040D0B502AF82B2086CE2
:10300000430118463BB101F12004898BA0F1200354
:1030100091422146F5D1002818BF0120D0BDB0B59E
:1030200002AF0278C9B28C234A400021082907D296
:1030300083EA5204D50708BF540801312246F5E758
:103040000270B0BDF0B503AF4DF804BDC2070AD0A1
:103050004FF060421368DB07FCD010F8012B0139F8
:103060004FF060431A7000F00302022A06D14FF0BD
:1030700060421368DB07FCD000F0C6F98A08002321
:103080004FF060440546934206D02668F607FCD010
:1030900040CD01332660F6E721F0030201F0030181
:1030A0001044022906D34FF060421368DB07FCD0BE
:1030B00000F0AAF9012908D14FF060410A68D2074F
:1030C000FCD000784FF0604108705DF804BBF0BDA3
:1030D000F0B503AF2DE9000F8BB0044603A800F054
:1030E00021F800F08CF918D000F055F900F06DF9D6
:1030F000013000F05DF930B1024610F5807F05D354
:1031000000F068F9F2E759B9002006E01046022AFB
:1031100018BF0320012A08BF10460BB000F064B9A5
:10312000FEDEDEDE6FF00D0252FA81F1112918D8B1
:10313000DFE801F0090F170B1C1E17171717170DE3
:10314000111717152622122113E0152111E0002175
:1031500017E013210DE001214160002112E0002160
:103160000BE005210170022141607047162100E04B
:1031700017214160032105E002214160012101E0A6
:103180000121416001707047F0B503AF2DE9000FD8
:103190008BB0044603A8FFF7C5FF9DF80C00052877
:1031A0001CD00499A7F11D0A26880DF104090DF120
:1031B0000C0800254FF0080BCDE9010100F005F9DE
:1031C000023000F0F5F840B110F5807F06D36FF3C0
:1031D0009F2646EA80262680F0E719B90BB0BDE8A5
:1031E000000FF0BDFEDEF0B503AF2DE9000F8BB090
:1031F000044603A8FFF796FF00F001F918D000F08D
:10320000CAF800F0E2F8033000F0D2F830B102461C
:1032100010F5807F05D300F0DDF8F2E759B9002002
:1032200006E01046022A18BF0320012A08BF1046F4
:103230000BB000F0D9B8FEDEF0B503AF2DE9000FFA
:103240008BB0044603A8FFF76DFF00F0D8F818D044
:1032500000F0A1F800F0B9F8043000F0A9F830B19E
:10326000024610F5807F05D300F0B4F8F2E759B9B3
:10327000002006E01046022A18BF0320012A08BFDA
:1032800010460BB000F0B0B8FEDEDFB506AF044666
:1032900090B201AA00F00DF8019808B1002006E0F4
:1032A000DDE9020100F00300C4E901010120206012
:1032B000DFBD2DE9700804460D464FF0060B00DF18
:1032C00082E87000BDE870087047FEDE2DE9F00965
:1032D00090E8F0014FF0040B00DF20462946BDE8DE
:1032E000F0097047FEDE2DE9F00990E8F0014FF09B
:1032F000050B00DF20462946BDE8F0097047FEDED9
:103300002DE9F04804460D4616461F464FF0030BC4
:1033100000DFBDE8F088FEDE2DE9F00F04460D4623
:1033200016461F46089B4FF0010B00DF204683E83E
:10333000E003BDE8F00F7047FEDE2DE9F00F4FF01F
:10334000090B00DF80E8F003BDE8F00F7047FEDEF8
:103350002DE9F00F90E8F0074FF0000B00DF20465A
:103360002946BDE8F00F7047FEDE2DE9F04804461F
:103370000D4616461F464FF0020B00DFBDE8F088F1
:10338000FEDE2DE9304804460D464FF0070B00DF06
:10339000BDE83088FEDE2688A7F11D0A0DF104097C
:1033A0000DF10C0800254FF0080BCDE90110704716
:1033B00003904046CDE906A5CDE9049BFFF7C8BFC1
:1033C000504600214A46FFF760BF04200995089047
:1033D000300470476FF39F2646EA822626807047A6
:1033E0003146202200F0F8B8BDE8000FF0BD15F816
:1033F000011B5046FFF713BE0121FFF7C2BF9DF826
:103400000C1004980529704730F8022B02394FF050
:1034100060431A807047F0B503AF2DE90007102A0A
:1034200008D300F0E5F8A64206D213F8015B06F8CF
:10343000015BF8E7034629E0A2EB080C88442CF076
:10344000030E04EB0E035FEA887115D0182101EA20
:10345000C8090021A1EBC80101F0180A28F00301F6
:103460000D1D09689C420DD221FA09F602CD01FA20
:103470000AF2324304C4F5E741469C4202D204C931
:1034800004C4FAE708EB0E010CF003021A4493425D
:1034900004D211F8014B03F8014BF8E7BDE800072F
:1034A000F0BDF0B503AF2DE9000F431A934211D2DE
:1034B0008E188418102A6FD304F0030C751E24F0A4
:1034C0000309CCF10008A1450FD215F8013904F821
:1034D000013DF8E7102A4DD300F08AF8A64229D220
:1034E00013F8015B06F8015BF8E7A2EB0C0EB044A1
:1034F0002EF00302A9EB0205C2F1000C5FEA88720C
:103500003AD028F003030022A2EBC80218211E685B
:1035100002F0180B1A1F01EAC80A4B469D4235D229
:1035200006FA0BF152F8046926FA0AF4214343F82B
:10353000041DF3E7A2EB080C88442CF0030E04EB07
:103540000E035FEA887130D0182101EAC809002112
:10355000A1EBC80101F0180A28F003010D1D09684C
:103560009C4228D221FA09F602CD01FA0AF232432E
:1035700004C4F5E7034622E071444A460439954203
:1035800004D251F8043942F8043DF8E708EB0C0680
:1035900009EB0C040EF00302A11A721EA14216D20E
:1035A00012F8013904F8013DF8E741469C4202D285
:1035B00004C904C4FAE708EB0E010CF003021A4434
:1035C000934204D211F8014B03F8014BF8E7BDE830
:1035D000000FF0BDFFF71FBFFFF7FCBFFFF761BF94
:1035E000FFF7FCBFFFF7FCBFFFF7F8BFFFF7FCBF1B
:1035F0004342064603F003080B4600EB08047047FD
:103600005B5541525476315D204F6E6C696E652179
:103610000A55415254204672616D65204572726FA1
:10362000720A476F74206572726F72206F6E204449
:103630004D410A55415254204F76657272756E0A9B
:10364000AAAAAAAAAAAAAAAAAAAAAAAAAAAAAAAADA
:10365000AAAAAAAAAAAAAAAAAAAAAAAAAAAAAAAACA
:10366000AAAAAAAAAAAAAAAAAAAAAAAAAAAAAAAABA
:10367000AAAAAAAAAAAAAAAAAAAAAAAAAAAAAAAAAA
:10368000AAAAAAAAAAAAAAAAAAAAAAAAAAAAAAAA9A
:10369000AAAAAAAAAAAAAAAAAAAAAAAAAAAAAAAA8A
:1036A000AAAAAAAAAAAAAAAAAAAAAAAAAAAAAAAA7A
:1036B000AAAAAAAAAAAAAAAAAAAAAAAAAAAAAAAA6A
:0436C0001C5EAA6E74
:104000000000000000000000FFFFFFFFFFFFFFFFB8
:104010000000000000000000FFFFFFFF0700FEFFA0
:1040200000500020000800007F4842460100241D87
:104030000000050001000000040000000000000076
:1040400000003C00100000007C000200201D000069
:104050001E000100000800009900000000000000A0
:10406000000000007C140000801400008414000094
:10407000881400008C1400009014000094140000B8
:10408000981400009C140000A0140000A414000068
:10409000A8140000AC140000B0140000041C0000C0
:1040A000481C0000040000000100000000000000A7
:1040B000030000000100000000000000FFFFFFFF00
:1040C000BFF34F8FBFF36F8F00F09AFAFEDEDEDE94
:1040D00080B56F4688B00120042200900021CDE910
:1040E00003206846029004480791CDE9051201902B
:1040F00001A801F094FCFEE70000FF03D0E90032C4
:104100009A421FBF591C01601844017AD01A18BF87
:1041100001207047D0E930239B1A03F00F038B4234
:1041200081BF114401F00F0101EB410100EB81005F
:1041300082BF012141727047FEDEB0B502AFD0E907
:104140002034A34202D21B1B7F3303E086BFE5432A
:104150002B447F239A4238BF13461A466AB1802CFB
:104160000DD211F8015B013A0555D0F884400134B5
:1041700004F07F04C0F88440F0E71846B0BDFEDECE
:1041800088423EBF401A0F30704792BF0F20C9438C
:1041900008447047F0B503AF4DF804BDD0E9205690
:1041A0006C18751B05F07F05691A8B4238BF1946DC
:1041B0000B463BB104F07F04013B055D013402F87E
:1041C000015BF6E708465DF804BBF0BD01F07F42F5
:1041D000B2F1006F07D0B2F1005F0CD14FF4B272B0
:1041E0004FF0604303E04FF4B0724FF078438058D3
:1041F000194408447047FEDEF0B503AF2DE9800F87
:1042000000F1D00B1E4691460C4605464FF0000AC1
:1042100054451AD901F041FCA8B9D5F85C01864291
:104220001ED3884609EB0001321A5846FFF785FF76
:10423000D5F85C11C2440844C5F85C01B042E7D12E
:1042400001F02BFC18B1022007E0012005E001EB92
:104250000A00001BB0FA80F04009BDE8080FF0BD6D
:10426000FEDEDEDE064A1040CAB2104401F40062EF
:1042700001F4774140EAC23040EA0110704700BFC4
:10428000008FF0FB4FF4E0624FF4006102EA10127D
:10429000C3B201EAD0311A4411444FF4704202EA29
:1042A000101008447047F0B503AF2DE9000FA7B018
:1042B000CDE90523064607A88A46802101F0A2FC25
:1042C000BAF1000F36D0D6E954B00DF11C08D6F87B
:1042D00058510024049006F1D00003900498AAEBF2
:1042E0000403A0EB0B0000F07F00984238BF0346A8
:1042F0000BB3039800214246FFF74CFF8146584418
:1043000000F07F0B0598069A4346D0E90101C6F8F4
:1043100050B1CDE900922A4600F0AEF868B94D449C
:1043200000204C44B9F1000FC6F8585106D054454E
:10433000D4D303E00024002000E00120214627B070
:10434000BDE8000FF0BDE0B502AF0022D030019211
:1043500001AA0423FFF71EFFBDF80400BDF80610F4
:1043600041EA00408CBDB8B503AFADF80020120C97
:1043700027F80A2CA7F10A03D0F85021D0301144B5
:104380000022022A02D001F08FFBFAE7023100225C
:104390006B46022A02D001F087FBFAE7B8BDB0B540
:1043A00002AF0278C9B28C234A400021082907D203
:1043B00083EA5204D50708BF540801312246F5E7C5
:1043C0000270B0BDF0B503AF2DE9C00B8146A1F17D
:1043D0000108A7F1190600200D464C4607F8190CF4
:1043E000012D07D08DB114F8011B3046FFF7D7FF20
:1043F000013DF5E719F8080017F8191C081A18BF4D
:104400006FF01D00BDE80C0BF0BDFEDEF0B503AF94
:104410002DE9000F8FB00446406801AEBD6823C689
:104420000120A7F11D0B26890DF10409CDE9052313
:104430004FF0000A049007AD4FF00C0801200D90DA
:1044400004A80C903004143007902846CDE90ABA2D
:10445000CDE9089801F0E3FA30B110F5807F06D37A
:1044600001F0FFFA2681E9E729B9002000E0E62003
:104470000FB001F025BBFEDEF0B503AF2DE9E00F74
:10448000D7E902561C468A4681464FF0000B4FF092
:1044900000080292454514D07068032820D814F80B
:1044A00008103154706801307060800706D15046A2
:1044B0003146042200F015F8C6F804B008F10108EE
:1044C000E8E7029900200090484622462B46FFF775
:1044D0009DFFC0B2002818BF0120BDE80E0FF0BD3F
:1044E000FEDEF0B503AF4DF804BD012493074FEA9B
:1044F000920318BF04EB9203046800254BB12E1DF4
:104500000AD0964208D84D59013B6C4004603546AC
:10451000F4E75DF804BBF0BDFEDEDCB504AF144685
:104520000A46416891420ED90421009327F80A1CDB
:1045300023460168A7F10A0001F076F9B0FA80F08D
:104540004009C000DCBD0020DCBDE0B502AF07F8CB
:10455000011C791E012201F00BFA002818BF4FF050
:10456000FF308CBD80B56F4601F002FA002818BFFD
:104570004FF0FF3080BDF0B503AF2DE9000F91B0D3
:104580000446052002904CF2503007F85D1CA7F15C
:104590005D0101900220069001202688A7F11D0BE5
:1045A000CDE907230DF1040905904FF0000ACDE98C
:1045B000030109AD4FF0080802200F9003A80E90E8
:1045C0003004043009902846CDE90CBACDE90A98A8
:1045D00001F025FA28B110F5807F05D301F046FAE5
:1045E000EAE759B9002105E04FF0FF31032808BF81
:1045F0006FF01801084611B001F062BAFEDEDEDE8F
:1046000080B56F46ADF5826DEC48002601254FF070
:104610000409013012969196CDE98F698E95CDE906
:104620008C568B908BA801F0FAF90446000423D035
:104630000DF50B78404601F0E7F9DDE98B1242F207
:1046400010704FF08043091842F10002012001F080
:10465000BEF9CDF80080C8F2000412A804214FF082
:104660008042234601F0BFF930B9BDF82C024FF665
:10467000FF71884240F0FE8691968EA880E8600225
:10468000CDE98C56CD4E06F10A008B908BA8B04632
:1046900001F0C5F9002840F0F78601F0EDF90DF5BD
:1046A0000B7B8DF8BCA0CDF844925846CDE98F9590
:1046B000CDE98DAA2FAECDE98B8601F0B0F90028A7
:1046C00040F0E28603201121ADF84C00DFF8D80D50
:1046D00000F014FF06F1D000069026A800F10801B2
:1046E000053007910B90BDF84C4005200DF14E01AF
:1046F000E9900220ADF84E903190CDE92F01CDF830
:1047000044A2CDE98F96F9A8CDE98D50E9A88C9007
:104710002004023001F0A1F948B110F5807F2AD3BE
:104720006FF39F2444EA8024ADF84C40E7E70DF195
:104730004E06002940F0A886DFF8740D1B2100F01A
:10474000DDFE9DF84E40A4F1CA00042800F2B781B6
:104750000AFA00F010F0130F00F0B18100200121DF
:104760008DF82C02C9070CD0315C5846FFF717FEB4
:1047700001200021F6E7DFF8340D142100F0BEFE21
:104780009DE19DF84F009DF82C12814240F09781E9
:1047900048200DF1BC0800268DF8300288488DF8BD
:1047A00032628DF831428B908DF8A463062E06D0CC
:1047B0001BF80610E9A8FFF7F2FD0136F6E79DF8B1
:1047C000A40341468DF8320207228B982F90DDF822
:1047D0002F02CDF8BF0013A801F0CAF8002840F05E
:1047E0005386DFF8D00C1E2100F088FECA2C0DD0B5
:1047F000724ECB2CB04628D1ADF8E453F9A95846F7
:1048000001F040F88B9810B3E6244FE114AC3D2141
:10481000204601F0F7F913A8012122463D23FFF7B6
:10482000AAFE664E04460006B04640F041810024D0
:104830008DF8A4432FAE3C2C00F0E28014A8015D5B
:10484000E9A8FFF7ACFD0134F5E7E32433E18C9EE2
:1048500014AC4FF000080D96B04500F01281F9A994
:104860005846424601F04BF8BDF83402032800F0E8
:104870000B8608F101080128EED1CDF844802146CD
:10488000DDE98B08DFF8302CCDE91408E9A800F049
:104890009BFEE99E002E00F0AF80EA9C5846314610
:1048A000224600F0C9FE01F0C7F840F0F880DDF8BC
:1048B000390231460F902246BDF837021090584613
:1048C00000F0DFFE01F0B8F840F0E980DDF83102D9
:1048D00021460E90304600F047FFC00740F0DF80D1
:1048E00045460DF50B780C46112140464FF0040A61
:1048F00001F088F9109804F001040026ADF8C40016
:1049000002202F9630902FA8FFF7F8FBC00705D0A4
:10491000112E00F0B98501F0B5F8F4E70F98CDE954
:104920002F9A31902FA800F0DDFDC00705D0112E81
:1049300080F0AA8501F0A6F8F4E7CDE92F9A319529
:104940002FA800F0CFFDC00705D0112E80F09C8568
:1049500001F098F8F4E7CDF8C0A00BEB060A4FF091
:10496000000925460E98CDF8BC9031902FA806EB93
:10497000090400F0B7FDC00709D0112C80F0848530
:104980000AF8091008F1010809F10109EEE702200F
:104990004FF000094FF0010AADF8C4503090CDF847
:1049A000BC902FA8FFF7AAFBC0070BD0112C80F0FA
:1049B0006B8508F8011B0134F3E700BF0A00FFFF15
:1049C0004F4C4C45002404258DF8BC402FAE102CD4
:1049D00006D01BF804103046FFF7E1FC0134F6E77F
:1049E0009DF8BC0059468DF83C0213A81122FFF730
:1049F000B9FD14AC000656D10D9EDDF844802BE7BE
:104A00009DF88C009DF8A413814238D13146DFF81F
:104A1000AC6A3C2030905846324614AC2F9400F0DB
:104A2000D3FD8B98E8B33C203246CDE9244024A93D
:104A3000584600F0C9FD8B9CF4B18C9D5846214628
:104A40002A4600F0F9FD00F0F7FF15D1BDF84F023E
:104A5000214611902A46DDF849020F90BDF8450223
:104A60000E90BDF8410210905846BDF83D6200F02E
:104A7000E3FD00F0E1FF33D0E424042518E0E22454
:104A800016E0ADF82C9213A859460222FFF76AFDF2
:104A900004460006A44808BF0024804606E0E4243B
:104AA00002E0E42404E0FF249F4EB046200606D036
:104AB000E0B2FF2803D013A82146FFF746FD08F116
:104AC00002008B905846CDE99059CDE98EA9CDE9E9
:104AD0008CA900F0A4FF002840F0E0842FAE02E68D
:104AE000584621462A460D96DDF8336200F0C9FD8E
:104AF00000F0A2FF02D08C4EE4240DE0584621467F
:104B00002A46DDF831A200F097FD00F095FF06D0AF
:104B1000E424854E00F0CFFF0425B046C8E70DF130
:104B2000BC08CDE9E96ADDF85102042600F0A4FFD3
:104B300010240C900820CDE99059CDE98E848D90F9
:104B4000E9A88C903004013000F087FF28B110F5FF
:104B5000807F33D300F085FFECE7102940F0948488
:104B6000DDE92F200B99099031980890100E88707C
:104B7000100A08800A928DF89C2013A826903C22E7
:104B8000ADF8A060CDF8A49029A814AC2146FFF799
:104B9000A8FCCDF8009026A8002122463C23FFF770
:104BA00035FC614E04460006B0465CD126980221D1
:104BB000FFF7CBFC00060DD0FF2454E000F02FFEE1
:104BC000594E00F00E006FF01904022808BF6FF074
:104BD0001A04A2E7DFF8E8081C2100F08FFC584611
:104BE000412101F00FF80F984FF03C080E9980001A
:104BF00000EBC1000D990844DDE91021114401EBDF
:104C0000410100EB810040284FF0400538BF0546C8
:104C1000002847D011906E1C2698A0215A46334692
:104C2000FFF7A9FC044600061AD158463146FFF7A3
:104C3000C9FB0446000613D129A859462A46FFF7A6
:104C400050FCCDF8009026A841465A462B46FFF767
:104C5000DDFB0446000603D11198A844401BD2E7AF
:104C6000314EB0460425BDF8A06027982F90CDF8AE
:104C70004492CDE98F95F9A8CDE98D502FA88C905D
:104C800030040A3000F0E9FE40B110F5807FC0F03A
:104C9000FB8300F0E6FEADF8A060E8E700293FF4F2
:104CA00007AFF1E3CDF800A026A84146012200237A
:104CB000FFF7ACFB044600061B4E4146DDE9092028
:104CC0004FF00405B046CED1CDE92B02DFF8F40752
:104CD0001091172100F012FCDFF8DC272BA95846B1
:104CE00000F072FC8B9860B18C99CDE92D011621F2
:104CF000DFF8D40700F002FC00F0A2FE00F09CFEFA
:104D000001D0E424AFE7079EDDF839020F90BDF82B
:104D1000370231460E905846BDF84F4200F0B2FDC2
:104D20008B9818B1E6249EE70A00FFFF8C980022BA
:104D3000119004EB440080000994049000200D9031
:104D40001198824280F09F8031465846164600F006
:104D5000D6FD8B99BDF834228D980C46032A04BFEA
:104D60006FF01904104680B2032800F0948000F020
:104D70009280032A18BF0D0AE1B2324641EA0524A7
:104D8000721C0A99079E8C42DAD00128D8D1CDE94D
:104D900002252FAE2821304600F034FF282021467E
:104DA0000090002207983346282500F03DFD00289A
:104DB00040F0BF80DFF804275846CDE9E965E9A94E
:104DC00000F002FC8B990F9C002900F0B0808C9AB7
:104DD000584600F031FC9DF82C02079E09990028E6
:104DE00040F0A580DDF839020590BDF837020E9A33
:104DF000039D904203D10598A04280F09C800D9ABB
:104E000090B288423DD2DDF810904FF0000A4FF08A
:104E1000FF340A440D92D14530D000F011FE00F06D
:104E20000BFE7ED1BDF84F020134844279D200F0EE
:104E300007FE00F001FE70D1BDF84D0200218D91FA
:104E40000C23CDE98B110AEB0001DDE92D02D668B8
:104E50005A46B047C0B208285FD1D34EDDE98C1066
:104E6000B04611B1059A8A425DD3079E0AF10C0A39
:104E70000028D0D005998142CDD954E0039D00F09F
:104E80001AFE029A5CE70D980425099980B28842BF
:104E900006D0EA24E7E620064FF004057FF4E3AEEF
:104EA000DDE92D1229982A90584600F010FC00F0F8
:104EB000C3FD7FF426AFDDE92D1258468C9C00F02F
:104EC000BBFB00F0B9FD7FF41CAFDDE92D125846A5
:104ED0000125DDF8336200F0AFFB00F0ADFD1CD121
:104EE000DDE92D12DDF849021190584600F0EFFB84
:104EF00000F0A2FD11D1DDE92D125846DDF8308217
:104F000000F0E5FB00F098FD07D1DDE92D125846D1
:104F100000F0B7FB00F090FD0FD0E424A24EB046A5
:104F200002E0E42400E0E92400F0C5FD9AE6E42470
:104F300098E6E62496E6EB2494E6DDF8390280B3A1
:104F4000301B04380F900020C0280AD00BEB000162
:104F500000224FF480734BF800200C300B814A6024
:104F6000F2E70698882100F04DFE1098594685908A
:104F70002FA8C02200F031FE089888900A98119955
:104F80004044083087900020CDE9610103218690DC
:104F9000CDE95F002698FFF7D8FA000607D0FF2476
:104FA000BCE700F04DFD00F047FDB6D1C8E7DFF8E3
:104FB0001C05142100F0A2FA00204121CDE989004E
:104FC000584600F01FFE0F984021402838BF014688
:104FD0000028109100F0E78110995A4626984E1C3F
:104FE000A0213346FFF7C7FA0446000696D158467B
:104FF0003146FFF7E7F9044600067FF48FAF29A892
:10500000109A5946FFF76DFA1198E89026A8E69095
:105010002DA8E5902AA8E790DDE95F01081A0007AE
:1050200004BFDDE96101884200F07B8100208690A9
:105030001099884205D3DDE98301081A400600F083
:105040009181DDE96110DDF87C9188420E9107D1F4
:10505000DDF88081A8EB0900000740F0928073E141
:10506000DDF880810E99441A48464146FFF788F8DA
:105070008246844238BFA246BAF1000F00F0818018
:10508000E9A8402100F0BEFDBAF1110F80F0FC81CB
:1050900011980E99884240F2F78111980E99401AA2
:1050A0005045C0F0F1810E9800244FEA8008A245D7
:1050B00032D0DDE92D12F9A800F0BEFA9DF8E40324
:1050C000002840F086810E98DDF8011420448142CA
:1050D00040F27F81DDE92D12F9A800F0ADFA9DF8CC
:1050E000E403002840F07581BDF8FF030021F99129
:1050F000042308EB0001DDE92D02D668F9AAB047C8
:10510000C0B2082840F06581F998E9A908F10408BF
:1051100041F824000134CAE70E984FF000085044CB
:105120006190C2452BD0E9A850F82840A60F032E65
:1051300000F0AA81DDE95F094946FFF721F8D8B1FF
:10514000B9F1100F80F0A0811020C4F3036100EAD0
:10515000146009EB49022FAB081A24F07F4143F891
:10516000220003EB820041600021417206726098C8
:10517000013000F00F00609008F10108D1E7DDE98F
:105180005F98A8EB0900000700F0DC8009F00F0031
:105190002FA900EB400001EB8000417A31B109F109
:1051A000010000F00F09ECE70A00FFFFCDF87C9149
:1051B000D0F8049083AB0ECBA9EB0304511A109ADC
:1051C00001F07F0111448C4200F2D180869A10993F
:1051D0009142C0F05981109E0BEB0201D0F8008083
:1051E00090F808A0B21A0698FEF7A7FF86995A46CB
:1051F00033460844869089A8E5A9CDE900102FA878
:105200002146FEF7F9FFC0B2002800F0AB8002286B
:1052100000F0DF80BAF1000F56D0DDE95F01091A16
:1052200001F00F01414540F22F8140442FA900F0C9
:105230000F0000EB400001EB8000406883AC16CC0F
:10524000031B0433511A01F07F019942C0F08A8098
:10525000BAF1010F4E460DF1BC0A04BF064648469E
:10526000011B0E915046FFF76EF8311B81465046E8
:105270000D91FFF768F8824648464E46FFF702F860
:1052800081465046FEF7FEFFC9EA00412FA8FEF70F
:105290009DFF044630462146FEF7E4FF8146210C7F
:1052A0005046FEF7DFFF2FAE0E9904464A463046C1
:1052B000FFF759F80D9930462246FFF754F830466B
:1052C0000021FEF727FF26E0DDE98360801B10F058
:1052D0007C0F47D0DDF81482002406980423F9944B
:1052E000A9EB0801F9AAFEF755FFF9992FA8FEF7D7
:1052F0006DFFE99009EB0600A0EB0800042C08D034
:10530000E9A90219069B02F07F02095D0134995454
:10531000F4E74FF000082FA84146FEF7FBFE869801
:1053200086E6859C89A810995B46CDE9001026A8E1
:105330002AA92246FFF7A0F800284AD11098204455
:1053400085900FE0CDF87C9189A8E5A95A46CDE972
:1053500000102FA8109B4FF0FF31FEF74DFFC0B299
:10536000022836D0DDE90F01401A0F902BE62FA856
:10537000E5AA89AB8021FEF796FF50BB869810996D
:105380008142C0F0818010990BEB0003859C0E1ABE
:1053900089A9CDE9006126A82AA92246FFF76CF861
:1053A000B8B9A019CCE711984FF4B472EC9026A8C4
:1053B000EA902DA8E9902AA8EB902FA9584600F072
:1053C0000CFCE9AA89AB58464FF0FF31FEF76BFFA2
:1053D00008B1E624A2E500201421F9903C4800F031
:1053E0008DF82698F9AA04210423FFF7C4F804468F
:1053F00000067FF493AD2A998B91F99829998142FF
:1054000008D1009526A80C995A460423FEF7FEFF02
:10541000000601D0E82481E5DDE92D0100F0A4F9C2
:10542000C0077FF47AADC807F4D02A48172100F0EE
:1054300065F80A9804212F9000209190CDE98F0102
:10544000CDE98D152FA88C9015480B3000F005FB89
:1054500010B1EE24FFF75DBB1F48132100F04EF89A
:105460002698FF21FFF771F80D4E044600F004FB6B
:10547000FFF71BBB0020002100224FF080438D9CD2
:1054800000F0A5FA052C00D3FEDE042C7FF4F4A86E
:1054900004480B2100F032F8FFF7EEB800F01EF8D8
:1054A0000A00FFFFDC5C0108E75C0108F85C01080A
:1054B0000C5D0108275D0108645C0108205C01089F
:1054C000305C01084C5C0108745C01088A5C0108CE
:1054D0009E5C0108B25C0108C95C010880B56F469A
:1054E000FEF7F6FDD0E900329A421FBF591C016059
:1054F0001844017AD01A18BF01207047F0B503AFE5
:105500004DF804BDC2070AD04FF060421368DB07B4
:10551000FCD010F8012B01394FF060431A7000F0F5
:105520000302022A08D102292BD34FF060421368EC
:10553000DB07FCD000F0C7FA71B38A0800234FF0F4
:1055400060440546934206D02668F607FCD040CD5D
:1055500001332660F6E721F0030201F00301104455
:10556000022906D34FF060421368DB07FCD000F03D
:10557000AAFA012910D14FF060410A68D207FCD085
:1055800006E0012908D14FF060410A68D207FCD03B
:1055900000784FF0604108705DF804BBF0BDB0B515
:1055A00002AF44688C4209D900684BB1A14209D2CC
:1055B000455C013B02F8015B0131F6E70020B0BD1C
:1055C0000820B0BDFEDEDEDEF0B503AF2DE9000B36
:1055D0008CB0D568914604464FF000080E46084648
:1055E0006A4600210423CDF80080A847C1B20829EB
:1055F00010D11048009981420BD1A7F141003146EA
:105600004A4600F019F817F8410C50B117F8400C51
:1056100000E00120C4F8008020710CB0BDE8000B50
:10562000F0BD37F83C0C012802D1C4E90069F4E769
:105630000220EFE77F484246F0B503AF4DF8048DF6
:105640008AB0E8460E46044640462821154600F03A
:10565000D9FAED683046002142462823A847014682
:10566000C2B2601C082A05D16946282200F0ABFAB4
:10567000002001E00170012020700AB05DF8048B69
:10568000F0BDF0B503AF4DF8048D86B00DF1040800
:105690000E46044614214046154600F0B3FAED6864
:1056A0003046282142461423A8470146C2B2601C56
:1056B000082A05D101A9142200F085FA002001E092
:1056C00001700120207006B05DF8048BF0BDF0B5CC
:1056D00003AF2DE9000F8BB00446A7F14500154636
:1056E0000E46FFF7A9FF00F0F5F923D100F0D0F93D
:1056F00037F8308CFFF7A0FF00F0ECF91AD100F07A
:10570000C7F937F82C9CFFF797FF00F0E3F911D1A8
:1057100000F0BEF957F828ACFFF78EFF00F0DAF979
:1057200008D100F0B5F937F822BCFFF785FF00F08B
:10573000D1F908D017F8440C6070012020700BB02C
:10574000BDE8000FF0BD0BEB08014FEAC90000EB0C
:105750008A0001EB410100EB810037F8341C08445A
:105760003C3060600020E9E7F0B503AF2DE9000FA1
:105770008DB08A46044602A821465246FFF75CFFD8
:105780009DF8080070BBDDF80F500421DDF82DB046
:105790004FF0000900260194B5421AD9A5EB06087E
:1057A000B8F1040F28BF884600205E450DD0029056
:1057B0003146DAF80C400423019802AAA0470146BA
:1057C000C0B2082810D102980421464489EA000991
:1057D000E2E702A8019C52462146FFF72DFF9DF803
:1057E000080030B19DF8091001200DB0BDE8000F90
:1057F000F0BD0020DDF82D10DAF80C5004230290E3
:1058000002AA2046A8470146C0B20828ECD1029857
:10581000A0EB0900B0FA80F041090020E5E7411E45
:10582000082928BF09207047F0B503AF2DE9000F04
:105830008DB00446B8682688A7F11D0BCDE900128B
:105840004FF0000ACDE903300220029005AD4FF081
:105850000808E94601200B9002A80A903004153090
:1058600000F0F3F828B110F5807F05D300F0FEF8C2
:10587000F0E731B9002001E0FFF7D1FF0DB000F0F3
:105880001FB9FEDEF0B503AF2DE9000F8FB00C8815
:105890000DF104080DF120090D4600264FF01C0BF8
:1058A0004FF0010A009004200E960D90200428303D
:1058B00008904846CDE90B8BCDE909A600F0AFF87A
:1058C00040B110F5807F0FD36FF39F2444EA80240A
:1058D0002C80E8E71C2911D1009C01A91C22201D65
:1058E00000F071F9002004E0FFF799FF009C606070
:1058F000012020600FB0BDE8000FF0BDFEDEF0B566
:1059000003AF2DE9000F8DB00E880DF1080ACDE927
:10591000010203AC0DF118098B4604254FF00C0869
:105920000020CDE90948CDE90B503004293006901C
:105930004846CDE907A500F072F838B110F5807F30
:105940000BD300F08EF8ABF80060E9E70C290ED11C
:10595000019B94E8070007C305E0FFF760FF019A89
:105960000321118110600DB0BDE8000FF0BDFEDE17
:10597000F0B503AF2DE9000F8DB00446052001906E
:1059800001202688A7F11D0BCDE903120DF10409B2
:10599000029005AD4FF0000A4FF0040801200B9073
:1059A00002A80A903004013000F04FF828B110F539
:1059B000807F05D300F05AF8F0E739B9002002E003
:1059C000042828BF04200DB000F07AB8FEDE2DE9CF
:1059D000F04804460D4616461F464FF0030B00DF05
:1059E000BDE8F088FEDE2DE9F00F04460D461646B0
:1059F0001F46089B4FF0010B00DF204683E8E003C1
:105A0000BDE8F00F7047FEDE2DE9F00F4FF0090BF7
:105A100000DF80E8F003BDE8F00F7047FEDE2DE9FF
:105A2000F00F90E8F0074FF0000B00DF204629460A
:105A3000BDE8F00F7047FEDE9DF82C02002870478D
:105A4000DDE92D125846FFF7F7BD05902846CDE950
:105A500008BACDE90698FFF7E2BF8B905846FFF7EA
:105A6000DEBF6FF39F2646EA802670476FF39F26BE
:105A700046EA8026268070474FF0010A4FF0000961
:105A8000042570470BF8061008F10108013670472D
:105A9000A7F1450031462A467047D7E90223A4EB17
:105AA0000A012846FEF7FFBB8D189C5C05F07F05B8
:105AB0000132445570474FF0010A4FF0000970471A
:105AC000BDE8000FF0BD30F8022B02394FF0604303
:105AD0001A80704717F8450C00287047F0B503AFDF
:105AE0002DE90007102A08D300F08EF8A64206D24E
:105AF00013F8015B06F8015BF8E7034629E0A2EB27
:105B0000080C88442CF0030E04EB0E035FEA887146
:105B100015D0182101EAC8090021A1EBC80101F044
:105B2000180A28F003010D1D09689C420DD221FAC4
:105B300009F602CD01FA0AF2324304C4F5E7414600
:105B40009C4202D204C904C4FAE708EB0E010CF02F
:105B500003021A44934204D211F8014B03F8014B9B
:105B6000F8E7BDE80007F0BDF0B503AF4DF804BDA0
:105B7000102A09D34342054603F0030403199D424A
:105B800004D205F8011BFAE7054612E0121BCCB25D
:105B90000825202D04D204FA05F66D003443F8E7F9
:105BA00022F003051D44AB4201D210C3FBE702F013
:105BB00003022A44954202D205F8011BFAE700F0DD
:105BC0002BB8FFF78BBFFFF7FCBF032A98BFFFF787
:105BD000F8BF08C9043A08C0F7E7FFF7F6BF0B465D
:105BE00011461A46FFF7C0BFD2B24FF001335343FC
:105BF000032998BFFFF7F3BF08C00439F8E7002274
:105C0000FFF7F2BFFFF7FBBF4342064603F003086E
:105C10000B4600EB080470475DF804BBF0BDDEDE08
:105C20000000000008000000040000009F5501086B
:105C300057616974696E6720666F72207661726958
:105C400061626C65206865616465720A52656164B1
:105C5000696E67204842462066726F6D20666C61EF
:105C600073680A0000000000080000000400000043
:105C70001B450108436865636B696E672064657046
:105C8000656E64656E636965730A57616974696EF0
:105C90006720666F72207061796C6F61640A57616A
:105CA0006974696E6720666F7220747261696C65D1
:105CB000720A54727920746F207374617274206355
:105CC0006F6D706F6E656E740A436F6D706F6E6589
:105CD0006E742073746172746564210A476F742056
:105CE0007374617465210A5B5550444154457631A3
:105CF0005D2048656C6C6F0A5B5550444154455DAE
:105D00002052656164206572726F720A5B5550445F
:105D10004154455D20476F742068656C6C6F206D41
:105D20006573736167650A5B5550444154455D2056
:105D300057726F74652068656C6C6F207265737044
:0C5D40006F6E73650A000000BC80DA354D
:04000005080001AD41
:00000001FF
